TransactionId,UserId,VisitYear,VisitMonth,VisitMode,AttractionId,Rating
1,1305,2021,5,Couples,108,5.0
2,1494,2023,6,Friends,46,4.0
3,1647,2021,12,Business,38,4.0
4,685,2023,8,Family,122,3.0
5,337,2019,1,Friends,140,5.0
6,53,2024,5,Family,84,5.0
7,294,2019,1,FAMILY,125,5.0
8,131,2019,11,COUPLES,127,
9,1722,2021,10,Friends,89,
10,537,2022,6,Family,125,3.0
11,1647,2020,4,Friends,2,5.0
12,1107,2019,9,Business,6,3.0
13,1078,2024,3,Business,133,4.0
14,910,2023,10,Couples,22,4.0
15,1639,2023,11,Couples,110,5.0
16,87,2020,3,Business,64,3.0
17,186,2022,7,Business,119,4.0
18,847,2023,2,Business,100,3.0
19,789,2021,8,Business,11,4.0
20,1092,2020,9,Business,51,3.0
21,1476,2023,1,Friends,107,4.0
22,1176,2024,12,Solo,139,4.0
23,515,2019,4,Family,121,4.0
24,655,2023,6,Couples,134,3.0
25,1505,2024,4,Couples,144,4.0
26,403,2022,11,Friends,135,3.0
27,1009,2019,10,Solo,88,3.0
28,1078,2023,12,COUPLES,51,4.0
29,1501,2024,5,Business,77,2.0
30,1429,2020,7,COUPLES,120,4.0
31,930,2019,7,Couples,64,5.0
32,619,2020,3,Business,125,3.0
33,736,2023,12,Family,106,3.0
34,824,2022,11,Business,32,3.0
35,439,2019,12,Business,139,4.0
36,1251,2022,6,Friends,127,4.0
37,417,2023,2,Friends,90,4.0
38,1298,2020,2,Couples,30,4.0
39,1503,2022,7,Friends,35,4.0
40,1924,2020,10,Couples,126,3.0
41,238,2019,9,Couples,3,4.0
42,1520,2021,9,Business,73,3.0
43,172,2023,10,Couples,93,4.0
44,675,2023,11,Business,35,3.0
45,353,2019,12,Family,130,3.0
46,325,2020,5,Friends,79,4.0
47,351,2022,9,BUSINESS,10,3.0
48,88,2020,4,Couples,49,4.0
49,1647,2020,9,Couples,60,5.0
50,123,2021,1,Couples,34,3.0
51,798,2023,1,Friends,142,3.0
52,1399,2022,3,Business,55,4.0
53,1981,2024,7,Family,76,4.0
54,1708,2019,11,Family,81,4.0
55,275,2021,8,Friends,34,2.0
56,1976,2022,7,Couples,86,3.0
57,1308,2023,9,Business,54,2.0
58,360,2022,11,Business,2,3.0
59,898,2024,8,Family,62,4.0
60,1836,2024,9,Family,88,2.0
61,786,2023,5,Family,18,4.0
62,368,2021,12,Business,117,2.0
63,1751,2020,6,Business,100,3.0
64,1906,2022,11,Family,47,5.0
65,1952,2021,12,Business,89,4.0
66,1912,2019,11,Solo,46,4.0
67,1746,2020,4,Friends,98,3.0
68,909,2024,5,Couples,24,3.0
69,385,2021,10,Family,92,4.0
70,1235,2024,12,Business,9,2.0
71,442,2020,8,Solo,3,4.0
72,947,2024,10,Family,39,4.0
73,1313,2023,6,Couples,27,4.0
74,1894,2021,11,Family,74,2.0
75,579,2022,5,Business,25,4.0
76,504,2024,8,Couples,37,3.0
77,1470,2022,7,COUPLES,15,3.0
78,13,2024,11,Couples,134,4.0
79,1133,2019,10,Business,111,3.0
80,1492,2019,11,Solo,33,4.0
81,1102,2019,2,Family,19,4.0
82,768,2020,3,Friends,128,3.0
83,1658,2023,11,Business,101,4.0
84,743,2024,2,Friends,133,4.0
85,1422,2022,10,Family,27,
86,929,2021,8,Family,54,4.0
87,54,2024,5,Friends,18,4.0
88,1062,2022,1,Family,64,4.0
89,99,2022,1,Family,25,4.0
90,1862,2019,11,Friends,1,3.0
91,1204,2020,2,BUSINESS,77,3.0
92,745,2023,9,Business,147,3.0
93,973,2023,2,Solo,97,2.0
94,1239,2021,5,Friends,114,3.0
95,521,2023,2,Family,122,3.0
96,577,2023,8,Friends,146,5.0
97,838,2019,2,Friends,20,3.0
98,518,2024,8,Family,38,4.0
99,1516,2023,12,Business,93,3.0
100,208,2020,9,Family,124,4.0
101,1654,2020,8,Couples,117,3.0
102,698,2024,11,Business,110,2.0
103,1123,2020,10,Solo,47,4.0
104,316,2019,9,Friends,55,3.0
105,771,2019,7,Friends,12,4.0
106,1510,2020,5,Family,48,3.0
107,542,2022,8,Couples,24,3.0
108,265,2021,2,Family,141,3.0
109,1044,2023,11,Family,14,5.0
110,325,2020,11,Family,55,3.0
111,630,2020,4,Business,134,3.0
112,901,2021,10,Friends,144,4.0
113,1129,2023,9,Couples,57,4.0
114,1279,2022,11,Couples,70,5.0
115,1354,2023,11,Family,79,4.0
116,1689,2019,9,Solo,124,2.0
117,133,2021,12,Couples,116,4.0
118,725,2021,4,Business,79,2.0
119,3,2019,6,Solo,56,4.0
120,19,2020,2,Solo,56,3.0
121,425,2020,11,Couples,98,4.0
122,1197,2021,4,Friends,126,5.0
123,1790,2019,7,Solo,12,2.0
124,1548,2020,2,Business,116,4.0
125,1293,2024,4,Friends,73,5.0
126,1557,2019,9,Couples,22,4.0
127,344,2023,4,Friends,15,3.0
128,1680,2022,7,Business,51,3.0
129,1781,2019,6,Family,38,3.0
130,191,2021,8,Friends,16,4.0
131,940,2022,4,Business,45,3.0
132,1661,2020,6,FRIENDS,126,3.0
133,953,2020,1,Business,108,4.0
134,1681,2023,7,Business,32,3.0
135,1872,2019,2,Solo,102,3.0
136,950,2024,9,Solo,68,3.0
137,119,2020,11,Friends,113,4.0
138,681,2021,5,Friends,38,4.0
139,431,2019,11,Business,10,3.0
140,949,2024,5,Family,47,4.0
141,1172,2020,11,Friends,150,3.0
142,928,2023,7,FRIENDS,84,3.0
143,391,2020,7,Couples,9,4.0
144,603,2019,5,Couples,147,3.0
145,1360,2021,12,Family,124,3.0
146,54,2022,9,Business,82,3.0
147,429,2021,6,Friends,112,
148,1785,2024,10,Couples,28,4.0
149,199,2022,6,Family,89,4.0
150,830,2023,11,Couples,137,4.0
151,414,2021,6,Friends,66,3.0
152,210,2019,10,Solo,6,5.0
153,846,2021,4,Family,114,4.0
154,1043,2022,7,Solo,110,4.0
155,353,2021,8,Family,111,3.0
156,156,2023,7,Couples,98,4.0
157,270,2024,6,Friends,21,4.0
158,1304,2019,1,Business,18,4.0
159,1721,2019,12,Couples,119,4.0
160,361,2020,3,Family,129,4.0
161,641,2022,3,Couples,12,3.0
162,688,2019,10,Friends,88,2.0
163,722,2020,1,Family,76,2.0
164,489,2021,10,Couples,53,4.0
165,111,2021,5,Couples,97,3.0
166,1051,2024,9,Couples,138,4.0
167,715,2022,3,Friends,124,4.0
168,685,2024,9,Business,23,4.0
169,530,2023,12,FRIENDS,70,3.0
170,1859,2021,7,Business,141,4.0
171,1221,2024,7,Couples,36,4.0
172,838,2024,8,FAMILY,129,3.0
173,411,2021,5,Couples,74,3.0
174,1603,2024,7,Family,79,3.0
175,1777,2020,8,Family,38,4.0
176,65,2020,1,Couples,138,3.0
177,1860,2023,6,Family,80,4.0
178,1399,2023,7,Solo,87,4.0
179,200,2020,3,Business,70,4.0
180,1507,2023,6,Family,14,4.0
181,215,2022,5,Couples,118,3.0
182,102,2022,7,Friends,50,4.0
183,231,2024,4,Business,37,
184,920,2019,11,Business,118,4.0
185,1240,2021,8,Family,30,3.0
186,815,2020,8,Family,103,3.0
187,244,2022,10,Business,72,3.0
188,399,2019,1,Friends,120,3.0
189,1705,2019,4,Couples,8,
190,1926,2023,3,Solo,117,4.0
191,1509,2019,8,Solo,35,4.0
192,207,2021,5,Friends,131,3.0
193,1640,2024,9,Friends,54,3.0
194,1384,2024,12,Family,2,3.0
195,1053,2020,5,Friends,74,5.0
196,287,2024,4,Couples,9,5.0
197,1994,2021,6,Friends,41,4.0
198,886,2020,6,Family,108,4.0
199,89,2022,5,Friends,85,4.0
200,420,2021,5,Family,107,4.0
201,803,2021,5,FAMILY,132,3.0
202,125,2021,6,Couples,71,5.0
203,648,2019,6,Family,82,4.0
204,937,2020,6,Couples,9,3.0
205,1898,2020,4,Friends,44,4.0
206,173,2024,8,Couples,109,4.0
207,1154,2021,6,Solo,10,1.0
208,1832,2022,3,Friends,54,3.0
209,1613,2021,10,Friends,21,2.0
210,1850,2024,11,Solo,129,4.0
211,341,2023,5,Family,85,3.0
212,1603,2023,7,Friends,97,3.0
213,1958,2020,12,Family,103,3.0
214,653,2020,4,Business,34,4.0
215,998,2024,3,Business,8,3.0
216,1062,2024,5,Business,60,5.0
217,988,2020,6,Couples,28,5.0
218,580,2021,6,Couples,49,5.0
219,1942,2020,8,Solo,48,2.0
220,1913,2023,4,Couples,118,3.0
221,762,2024,7,Solo,48,4.0
222,1611,2024,2,Friends,23,4.0
223,796,2024,12,Friends,144,4.0
224,1590,2021,4,Friends,8,4.0
225,1170,2020,4,Solo,31,4.0
226,941,2024,2,Business,53,2.0
227,257,2021,5,FAMILY,10,3.0
228,1310,2020,12,Couples,135,4.0
229,643,2024,8,Couples,53,4.0
230,434,2021,9,Family,118,3.0
231,387,2019,8,Family,21,4.0
232,1964,2024,5,Solo,79,3.0
233,207,2020,10,Couples,19,4.0
234,1598,2020,5,Solo,35,4.0
235,1733,2022,10,Couples,62,
236,63,2020,12,Family,130,5.0
237,1179,2023,1,Couples,46,3.0
238,1155,2023,3,Solo,114,4.0
239,718,2022,10,Family,14,4.0
240,1334,2020,2,Business,38,2.0
241,818,2021,9,Solo,91,4.0
242,880,2020,3,Couples,71,4.0
243,864,2024,8,Solo,76,3.0
244,1602,2023,8,Business,102,4.0
245,1267,2019,4,Couples,12,5.0
246,759,2022,11,Couples,105,4.0
247,1854,2023,11,Family,130,4.0
248,1605,2022,3,Friends,115,4.0
249,1866,2019,9,Family,43,5.0
250,1462,2019,9,Business,53,3.0
251,783,2023,4,Family,145,5.0
252,1546,2022,10,Family,119,3.0
253,659,2022,4,Couples,140,3.0
254,542,2020,4,Family,138,4.0
255,903,2020,9,Family,66,3.0
256,1939,2021,2,Family,20,3.0
257,1136,2022,12,Family,35,5.0
258,768,2021,5,Couples,45,4.0
259,924,2024,6,Solo,126,4.0
260,583,2020,9,Friends,42,2.0
261,1318,2021,11,Friends,55,4.0
262,701,2020,10,Friends,128,3.0
263,1109,2019,5,Family,25,4.0
264,740,2021,9,Solo,100,3.0
265,642,2019,5,Couples,83,4.0
266,1941,2021,7,Family,148,4.0
267,692,2022,9,FRIENDS,74,2.0
268,142,2021,7,Friends,79,4.0
269,758,2023,1,Family,128,3.0
270,1065,2020,1,Friends,149,3.0
271,190,2021,2,Family,110,4.0
272,612,2024,2,Couples,105,3.0
273,333,2020,9,Solo,132,4.0
274,1002,2022,3,Family,147,3.0
275,1447,2023,3,Friends,111,4.0
276,1937,2021,4,Friends,44,4.0
277,779,2020,3,Business,97,4.0
278,1727,2023,11,Friends,36,3.0
279,430,2019,2,Couples,76,2.0
280,1561,2020,3,Friends,67,3.0
281,1126,2021,3,Friends,149,5.0
282,1517,2020,2,Friends,84,4.0
283,1512,2022,4,Solo,144,3.0
284,1065,2022,3,Family,122,4.0
285,515,2024,5,Couples,128,4.0
286,1053,2022,2,Family,26,4.0
287,1654,2022,12,Family,117,4.0
288,1942,2023,10,Couples,38,4.0
289,1856,2020,8,Couples,87,4.0
290,363,2021,8,Family,73,5.0
291,1195,2023,9,Friends,39,3.0
292,210,2020,12,Family,148,3.0
293,1338,2020,2,Friends,132,5.0
294,1985,2020,7,Family,87,4.0
295,106,2024,3,SOLO,2,5.0
296,1314,2021,6,Friends,28,4.0
297,1892,2020,11,Couples,35,4.0
298,1695,2023,8,Family,146,3.0
299,785,2024,8,Solo,61,2.0
300,208,2019,2,Solo,8,
301,1848,2024,10,Family,88,3.0
302,1843,2023,9,Friends,143,4.0
303,1158,2024,5,Solo,85,4.0
304,1958,2019,5,Couples,67,4.0
305,10,2019,7,Family,27,4.0
306,1234,2021,10,Friends,132,4.0
307,78,2024,7,Business,16,4.0
308,1872,2021,11,Friends,141,4.0
309,1361,2023,3,Couples,34,4.0
310,1827,2020,9,Family,21,3.0
311,1126,2021,10,Couples,53,4.0
312,167,2024,9,Friends,1,4.0
313,54,2021,5,Couples,3,4.0
314,672,2023,6,Family,28,4.0
315,1487,2022,6,Couples,104,3.0
316,303,2020,4,Business,123,3.0
317,1705,2024,2,Friends,38,3.0
318,479,2024,3,Couples,97,4.0
319,993,2023,8,Couples,53,4.0
320,407,2021,3,Business,65,4.0
321,932,2021,10,Family,51,3.0
322,905,2020,10,Couples,134,4.0
323,11,2022,5,Family,77,4.0
324,1136,2020,5,Friends,76,3.0
325,1574,2020,12,Business,129,3.0
326,1873,2019,1,Couples,99,4.0
327,662,2021,4,Couples,23,3.0
328,1762,2023,9,Friends,29,3.0
329,1758,2023,11,Business,52,5.0
330,1977,2024,6,Friends,15,4.0
331,747,2022,9,Solo,104,3.0
332,1702,2024,3,Business,75,3.0
333,1131,2023,12,Couples,7,4.0
334,117,2023,7,Friends,61,4.0
335,541,2022,9,Solo,125,3.0
336,1345,2019,3,Couples,137,4.0
337,322,2021,6,Family,145,4.0
338,870,2024,9,Friends,139,3.0
339,1550,2023,5,Family,92,4.0
340,300,2019,12,Family,140,4.0
341,994,2019,10,Family,144,4.0
342,430,2022,2,Solo,96,3.0
343,1073,2024,11,FAMILY,62,5.0
344,482,2023,5,Family,145,3.0
345,1931,2024,8,Family,63,4.0
346,154,2019,5,Couples,25,4.0
347,1928,2024,9,Family,16,4.0
348,1584,2019,6,Business,86,4.0
349,1712,2024,6,Family,6,3.0
350,1704,2024,7,Family,18,3.0
351,376,2022,3,Friends,37,4.0
352,1863,2022,6,Friends,80,3.0
353,1189,2021,1,Family,72,5.0
354,1925,2022,1,Family,77,
355,1757,2023,8,Couples,77,5.0
356,1160,2020,4,Couples,150,5.0
357,749,2020,9,Business,33,4.0
358,235,2024,10,Business,72,3.0
359,203,2024,8,FRIENDS,92,3.0
360,780,2022,6,Solo,42,3.0
361,1622,2020,7,Family,28,4.0
362,1011,2024,10,Business,7,2.0
363,964,2024,5,Business,49,3.0
364,489,2020,6,BUSINESS,39,3.0
365,1129,2022,3,Friends,30,5.0
366,1277,2021,3,Family,41,5.0
367,1965,2024,1,Friends,105,3.0
368,1459,2023,1,Couples,125,3.0
369,1215,2021,2,Family,78,4.0
370,1821,2024,10,Family,10,4.0
371,850,2022,8,Business,111,4.0
372,1870,2021,2,Family,23,4.0
373,740,2024,10,Friends,9,3.0
374,256,2021,10,Business,86,3.0
375,836,2021,11,Business,64,3.0
376,258,2021,12,Family,47,4.0
377,237,2020,2,Solo,146,3.0
378,1763,2020,7,Solo,14,2.0
379,1590,2019,10,Business,9,3.0
380,443,2023,3,Friends,89,4.0
381,1676,2022,8,Friends,63,3.0
382,138,2024,2,Friends,121,4.0
383,569,2022,4,Business,7,2.0
384,1413,2019,12,Solo,63,3.0
385,608,2022,9,Friends,22,4.0
386,1462,2020,4,Family,7,4.0
387,1749,2019,12,Business,70,3.0
388,133,2022,3,COUPLES,111,4.0
389,48,2019,5,Couples,24,4.0
390,1881,2021,6,Friends,127,4.0
391,1041,2024,8,Friends,78,5.0
392,1013,2020,4,Solo,73,3.0
393,928,2023,4,Family,139,4.0
394,868,2021,9,Solo,50,4.0
395,1381,2019,3,Friends,31,3.0
396,1160,2020,2,Business,118,3.0
397,327,2019,2,Couples,17,4.0
398,1254,2019,4,Friends,131,3.0
399,1337,2019,1,Family,124,3.0
400,228,2024,1,Couples,147,3.0
401,754,2023,9,Friends,70,4.0
402,1582,2021,7,Couples,94,4.0
403,1238,2023,2,Family,133,5.0
404,273,2020,4,Solo,20,3.0
405,81,2022,9,Couples,46,4.0
406,1163,2020,10,Business,71,3.0
407,924,2022,11,Family,95,3.0
408,1923,2021,3,Friends,102,5.0
409,1045,2024,11,Couples,139,4.0
410,1863,2024,6,Family,74,3.0
411,429,2021,4,Family,26,4.0
412,895,2019,7,Friends,29,5.0
413,280,2020,2,Family,121,3.0
414,1149,2020,6,Couples,70,4.0
415,377,2021,6,Couples,95,5.0
416,985,2022,8,Couples,85,4.0
417,689,2024,3,Business,122,3.0
418,372,2019,1,Business,33,3.0
419,194,2022,5,Friends,26,3.0
420,1025,2020,12,Friends,111,3.0
421,1895,2022,7,Couples,66,4.0
422,398,2022,7,Friends,123,3.0
423,810,2023,8,Family,20,3.0
424,450,2022,7,Friends,41,4.0
425,1618,2020,3,Friends,145,4.0
426,830,2024,12,Couples,127,5.0
427,1949,2021,3,Family,10,
428,491,2021,8,Couples,123,3.0
429,162,2022,11,Solo,10,4.0
430,1166,2020,8,Couples,19,4.0
431,1304,2024,12,Family,135,3.0
432,1982,2019,3,Couples,19,5.0
433,1743,2019,8,Couples,46,3.0
434,1769,2024,2,Couples,21,4.0
435,1269,2021,7,Friends,90,3.0
436,720,2024,3,Couples,9,
437,859,2024,8,Couples,44,4.0
438,268,2024,4,Business,49,3.0
439,863,2023,2,Couples,98,4.0
440,729,2023,11,Couples,75,4.0
441,72,2022,11,Family,29,5.0
442,409,2023,3,Family,70,4.0
443,1070,2020,3,Solo,69,2.0
444,739,2023,1,Family,54,
445,1988,2020,9,Business,81,3.0
446,958,2021,11,Friends,49,3.0
447,1918,2021,3,Business,51,3.0
448,1322,2023,6,Friends,118,2.0
449,81,2020,9,Family,38,4.0
450,407,2020,6,BUSINESS,50,3.0
451,1412,2023,10,Solo,22,4.0
452,1091,2021,10,Family,105,3.0
453,604,2023,9,Friends,106,3.0
454,1045,2024,9,Family,102,3.0
455,1806,2024,6,FAMILY,26,4.0
456,778,2021,5,Couples,68,3.0
457,91,2020,8,Couples,44,5.0
458,622,2024,2,Friends,115,3.0
459,1872,2020,8,Business,51,4.0
460,1524,2023,1,Family,63,4.0
461,1675,2023,9,Couples,69,3.0
462,1824,2021,8,Family,115,3.0
463,236,2019,6,Couples,106,3.0
464,566,2021,4,Couples,123,4.0
465,120,2019,7,Family,65,3.0
466,10,2021,8,Friends,123,3.0
467,1670,2021,9,Solo,131,4.0
468,1874,2022,12,Couples,79,4.0
469,312,2020,3,Family,102,3.0
470,1445,2024,1,Couples,137,3.0
471,1070,2019,8,Family,126,3.0
472,139,2024,2,Couples,42,3.0
473,1832,2020,2,Business,108,2.0
474,1743,2021,4,Family,67,4.0
475,1135,2024,9,Business,23,4.0
476,1416,2022,1,Business,56,2.0
477,795,2019,5,Friends,147,4.0
478,1586,2022,2,Friends,144,4.0
479,891,2022,11,Family,118,4.0
480,1979,2024,10,Business,149,4.0
481,127,2022,2,Couples,86,4.0
482,345,2024,4,Couples,114,2.0
483,1938,2022,6,Friends,25,4.0
484,578,2020,6,Friends,45,4.0
485,622,2022,3,Couples,26,4.0
486,1583,2024,6,FAMILY,141,4.0
487,379,2019,11,Couples,93,4.0
488,1028,2021,3,Friends,140,3.0
489,573,2019,2,Couples,63,4.0
490,396,2024,5,Friends,61,3.0
491,1929,2022,6,Friends,102,4.0
492,400,2023,4,Couples,86,3.0
493,189,2024,2,Friends,56,3.0
494,1348,2023,2,Friends,48,3.0
495,1735,2021,10,Family,77,5.0
496,255,2024,2,Business,12,3.0
497,1416,2021,4,Couples,29,3.0
498,1082,2024,10,Business,7,3.0
499,1661,2024,8,Family,24,4.0
500,254,2020,1,Couples,30,4.0
501,1952,2023,3,Friends,12,4.0
502,1239,2023,6,Family,9,4.0
503,1685,2023,5,Family,123,3.0
504,724,2020,12,Solo,28,3.0
505,1887,2022,2,Family,84,3.0
506,1253,2019,1,Couples,15,4.0
507,254,2024,7,Solo,143,4.0
508,1846,2024,12,Family,36,3.0
509,1592,2022,1,Family,113,5.0
510,601,2019,10,Couples,97,4.0
511,1092,2022,12,Family,116,2.0
512,777,2021,5,Friends,95,4.0
513,1087,2023,5,Family,77,5.0
514,1931,2019,12,Couples,116,2.0
515,1798,2021,8,Solo,123,4.0
516,432,2021,7,Family,57,3.0
517,1944,2024,4,Friends,142,3.0
518,876,2020,12,Business,149,
519,1410,2024,4,Family,109,4.0
520,1529,2024,5,Solo,140,4.0
521,966,2022,11,Family,16,4.0
522,914,2020,7,Business,82,3.0
523,913,2020,10,FRIENDS,98,4.0
524,1726,2019,12,Business,140,2.0
525,773,2023,8,Couples,19,5.0
526,560,2023,2,Couples,121,5.0
527,724,2020,10,COUPLES,12,5.0
528,390,2023,8,Business,54,4.0
529,784,2022,3,Family,104,3.0
530,229,2023,2,Friends,44,4.0
531,180,2019,12,Couples,126,4.0
532,1448,2020,2,Family,140,4.0
533,155,2023,6,Family,24,3.0
534,1137,2021,12,Solo,39,3.0
535,1560,2024,11,Friends,12,3.0
536,1449,2024,11,Solo,107,3.0
537,893,2019,9,Friends,133,3.0
538,388,2021,6,FAMILY,91,4.0
539,1862,2023,4,Business,20,3.0
540,1671,2019,11,Friends,27,3.0
541,1225,2024,7,Friends,6,3.0
542,174,2019,5,Couples,74,3.0
543,71,2019,12,Couples,109,
544,631,2022,5,Family,23,4.0
545,316,2020,1,Couples,128,4.0
546,1721,2022,8,Solo,38,3.0
547,412,2021,6,Couples,78,4.0
548,566,2020,8,Couples,101,4.0
549,1952,2024,8,BUSINESS,81,3.0
550,1637,2019,8,Family,72,4.0
551,438,2021,5,FRIENDS,51,3.0
552,768,2020,4,Family,65,4.0
553,1032,2019,4,Couples,36,4.0
554,1329,2020,12,Solo,45,3.0
555,1873,2020,9,Couples,114,3.0
556,1743,2021,5,BUSINESS,133,3.0
557,1955,2021,11,Couples,128,4.0
558,82,2019,10,Family,50,3.0
559,473,2019,7,Family,49,3.0
560,1127,2019,10,Family,9,4.0
561,99,2022,12,Business,42,4.0
562,711,2024,7,Friends,88,
563,308,2019,2,Couples,41,3.0
564,1866,2019,6,Couples,111,4.0
565,127,2023,3,Family,8,5.0
566,297,2023,9,Family,62,5.0
567,391,2023,2,Solo,43,3.0
568,298,2020,6,Family,75,3.0
569,1138,2024,6,Couples,4,4.0
570,729,2022,5,Solo,63,4.0
571,1825,2019,8,Family,119,4.0
572,522,2019,7,Family,129,3.0
573,1075,2022,3,Business,39,3.0
574,1321,2023,10,Couples,65,4.0
575,1252,2023,6,Solo,104,4.0
576,1593,2022,2,Solo,70,3.0
577,404,2022,9,Solo,82,5.0
578,1015,2023,5,Friends,52,4.0
579,1602,2019,8,Family,126,4.0
580,1727,2021,10,Family,95,3.0
581,1236,2019,8,Business,145,2.0
582,1304,2024,12,Friends,117,3.0
583,1729,2022,8,Friends,56,4.0
584,1250,2023,5,Friends,50,5.0
585,1898,2021,12,Couples,14,4.0
586,256,2024,7,Couples,94,4.0
587,696,2024,9,Friends,113,3.0
588,225,2022,4,Solo,54,3.0
589,182,2024,11,Family,4,4.0
590,944,2022,12,Business,124,2.0
591,452,2023,12,Solo,34,4.0
592,815,2020,5,Family,88,3.0
593,876,2024,11,Family,8,5.0
594,1242,2020,9,Solo,10,3.0
595,1892,2023,2,Family,135,3.0
596,1699,2022,12,Family,101,4.0
597,757,2019,7,Friends,1,4.0
598,652,2023,7,Family,16,4.0
599,1542,2019,5,Couples,74,3.0
600,248,2022,11,Couples,103,4.0
601,1081,2023,2,Friends,64,4.0
602,847,2019,5,Couples,131,4.0
603,366,2021,7,Solo,98,4.0
604,1233,2022,3,Family,93,3.0
605,642,2024,3,Family,44,4.0
606,372,2021,8,Business,103,4.0
607,1307,2019,7,Family,132,4.0
608,349,2019,10,Couples,8,5.0
609,1346,2020,10,Friends,111,4.0
610,325,2024,1,Business,132,3.0
611,870,2023,5,Family,65,3.0
612,1616,2021,11,Friends,115,3.0
613,458,2024,12,Family,54,4.0
614,1536,2024,2,Friends,29,4.0
615,1444,2024,10,FRIENDS,123,4.0
616,1806,2019,3,Family,47,3.0
617,338,2019,10,COUPLES,114,4.0
618,1431,2023,6,Couples,48,4.0
619,1874,2021,2,Business,60,5.0
620,1527,2019,3,Couples,103,4.0
621,376,2022,12,Family,52,4.0
622,1645,2021,10,Friends,122,2.0
623,215,2024,1,Family,6,3.0
624,1178,2022,12,Couples,2,4.0
625,996,2020,11,Friends,13,3.0
626,1063,2024,7,Family,39,4.0
627,1040,2022,1,Couples,9,4.0
628,63,2020,6,Business,58,3.0
629,1017,2019,2,Friends,4,3.0
630,1874,2022,5,Family,114,4.0
631,874,2023,4,Family,23,4.0
632,554,2024,9,Friends,146,5.0
633,1990,2019,9,FAMILY,129,4.0
634,198,2021,3,COUPLES,105,2.0
635,973,2024,11,Family,120,4.0
636,1026,2022,9,Business,117,4.0
637,956,2019,8,Couples,127,5.0
638,1844,2024,10,Family,84,4.0
639,844,2023,9,Business,94,3.0
640,1947,2021,10,Friends,71,4.0
641,134,2023,4,BUSINESS,94,2.0
642,1468,2022,9,Couples,58,3.0
643,1186,2020,12,Family,19,4.0
644,482,2023,10,Family,140,4.0
645,456,2020,5,Couples,105,4.0
646,1440,2020,8,Friends,106,4.0
647,1276,2022,11,Family,43,4.0
648,1223,2019,8,Couples,116,3.0
649,102,2022,10,Business,78,4.0
650,1196,2022,11,Solo,12,4.0
651,1963,2023,5,Family,144,4.0
652,35,2019,5,Couples,149,3.0
653,939,2022,5,Couples,131,4.0
654,989,2021,5,Family,72,4.0
655,1794,2020,9,Couples,35,3.0
656,566,2021,6,Couples,2,5.0
657,952,2024,12,Friends,111,3.0
658,1435,2023,9,Friends,134,3.0
659,121,2019,9,Couples,16,3.0
660,1603,2024,12,Couples,103,4.0
661,1645,2022,11,Couples,5,4.0
662,1440,2019,1,Solo,117,4.0
663,1297,2024,12,FAMILY,5,4.0
664,1496,2022,11,Couples,147,4.0
665,1564,2024,4,Family,26,3.0
666,1807,2019,3,Family,61,3.0
667,857,2020,7,Business,105,3.0
668,913,2024,12,Solo,127,4.0
669,1276,2020,8,Business,55,3.0
670,387,2022,7,Family,148,4.0
671,1713,2022,3,Family,3,4.0
672,1542,2024,11,Family,71,4.0
673,1263,2021,10,Business,149,4.0
674,604,2023,1,Family,42,4.0
675,696,2023,4,Friends,81,4.0
676,870,2023,11,Friends,67,5.0
677,1326,2022,9,Couples,60,4.0
678,1557,2019,5,Business,116,4.0
679,1344,2020,7,Solo,78,3.0
680,1860,2022,2,Family,108,4.0
681,1922,2021,11,Family,78,4.0
682,1410,2020,8,Friends,150,3.0
683,742,2023,7,Couples,71,4.0
684,1199,2021,8,Solo,120,3.0
685,851,2023,8,Family,92,4.0
686,1259,2022,6,Friends,121,3.0
687,1625,2021,3,Family,133,4.0
688,739,2019,6,FRIENDS,34,3.0
689,1012,2019,10,COUPLES,46,4.0
690,92,2022,1,Business,46,3.0
691,1474,2021,5,Couples,74,3.0
692,980,2023,10,Friends,74,3.0
693,920,2022,7,Family,1,3.0
694,1065,2020,1,Family,135,2.0
695,431,2023,11,Couples,129,3.0
696,1196,2022,1,Family,91,4.0
697,1491,2024,6,Family,46,4.0
698,700,2024,2,Family,124,3.0
699,263,2024,4,Friends,41,3.0
700,774,2019,5,Couples,46,5.0
701,398,2022,4,Family,150,4.0
702,748,2019,11,Couples,139,4.0
703,1254,2024,7,Couples,88,3.0
704,227,2023,5,Couples,26,5.0
705,1495,2020,4,Friends,19,3.0
706,450,2022,6,Business,145,3.0
707,1790,2022,5,Couples,40,3.0
708,1465,2022,10,Family,103,4.0
709,546,2022,3,Family,53,4.0
710,1127,2024,9,Friends,75,4.0
711,222,2023,6,Friends,148,3.0
712,200,2021,4,Family,89,3.0
713,1913,2023,6,Couples,65,5.0
714,1605,2019,2,Business,63,4.0
715,309,2020,7,Couples,35,4.0
716,566,2019,9,Family,84,3.0
717,396,2024,8,Business,86,3.0
718,791,2019,1,Friends,15,4.0
719,583,2024,8,Solo,61,
720,657,2023,1,Friends,97,4.0
721,1059,2024,5,Family,9,3.0
722,379,2023,8,FRIENDS,147,3.0
723,1766,2021,11,Couples,130,5.0
724,1456,2023,12,Solo,96,3.0
725,1522,2024,7,Couples,3,2.0
726,339,2024,3,Family,78,
727,1417,2023,10,Business,135,3.0
728,1673,2023,5,Family,4,5.0
729,351,2022,7,Couples,119,4.0
730,1503,2024,3,Business,126,
731,716,2021,5,Family,12,2.0
732,1576,2022,6,Business,35,3.0
733,957,2024,9,Couples,109,4.0
734,1605,2020,11,Friends,137,5.0
735,295,2023,3,Business,116,2.0
736,779,2019,7,Family,79,3.0
737,547,2022,12,Business,91,3.0
738,497,2019,1,Friends,79,3.0
739,617,2024,7,Solo,87,
740,765,2024,10,Family,116,4.0
741,255,2020,2,Solo,8,3.0
742,1415,2019,9,Family,32,4.0
743,1101,2022,6,Family,9,4.0
744,1659,2024,8,Couples,120,3.0
745,1411,2020,9,Solo,110,3.0
746,299,2024,2,Friends,8,3.0
747,140,2021,1,Business,16,4.0
748,846,2021,4,Business,40,3.0
749,963,2021,4,Couples,37,2.0
750,481,2020,4,Couples,78,3.0
751,1565,2021,12,Couples,75,4.0
752,1164,2020,9,Solo,54,3.0
753,1496,2021,5,Friends,25,3.0
754,219,2020,8,Family,98,4.0
755,1631,2019,2,Couples,119,4.0
756,413,2021,3,Family,97,5.0
757,897,2019,2,Solo,122,3.0
758,879,2020,6,Friends,138,4.0
759,1642,2023,8,Friends,127,4.0
760,554,2019,7,Friends,98,4.0
761,482,2020,7,Family,8,3.0
762,680,2023,2,Business,51,4.0
763,722,2019,8,Friends,65,3.0
764,364,2023,7,Family,107,3.0
765,353,2019,12,Friends,128,3.0
766,463,2019,3,FRIENDS,97,4.0
767,935,2020,1,Couples,55,3.0
768,687,2024,6,Couples,119,5.0
769,785,2019,3,Friends,105,4.0
770,1439,2019,3,Family,120,5.0
771,482,2024,3,Couples,89,3.0
772,1820,2022,9,Family,98,3.0
773,1504,2022,6,Couples,53,4.0
774,350,2019,11,Family,60,3.0
775,628,2021,2,Family,42,
776,368,2022,12,Family,39,4.0
777,546,2022,5,Solo,98,3.0
778,731,2022,7,COUPLES,58,4.0
779,262,2019,10,Solo,21,4.0
780,29,2024,6,Friends,6,5.0
781,878,2023,2,Friends,130,5.0
782,1402,2020,3,Friends,66,4.0
783,606,2024,11,BUSINESS,87,3.0
784,1721,2020,1,Family,136,5.0
785,739,2019,11,Business,17,3.0
786,1802,2024,9,Family,141,4.0
787,472,2019,7,Business,106,3.0
788,1079,2019,4,Business,97,3.0
789,1527,2022,11,Solo,65,4.0
790,119,2020,1,Solo,106,3.0
791,1861,2019,9,Family,31,3.0
792,730,2019,3,Family,46,3.0
793,996,2019,5,Friends,145,4.0
794,1257,2024,1,Solo,42,4.0
795,1286,2023,7,Business,108,4.0
796,48,2024,2,Business,140,3.0
797,1735,2022,2,Solo,89,2.0
798,1248,2022,4,Business,45,5.0
799,1998,2020,6,Friends,128,3.0
800,944,2024,12,Family,124,4.0
801,1228,2023,10,Family,82,3.0
802,883,2022,5,Business,18,4.0
803,1780,2019,8,Friends,67,4.0
804,1665,2023,10,Family,65,3.0
805,1818,2020,5,Solo,29,5.0
806,1009,2020,10,Family,61,3.0
807,1583,2023,8,Solo,24,3.0
808,718,2024,9,Couples,104,3.0
809,922,2022,12,Couples,65,2.0
810,1521,2019,5,Solo,110,3.0
811,163,2022,1,BUSINESS,69,3.0
812,1421,2024,7,Couples,108,4.0
813,32,2023,4,Business,110,4.0
814,1162,2020,1,Friends,25,3.0
815,955,2022,2,Friends,67,3.0
816,938,2020,7,Solo,113,5.0
817,989,2024,12,Business,89,3.0
818,984,2024,5,Couples,34,4.0
819,815,2022,7,Couples,125,3.0
820,903,2019,3,Solo,30,3.0
821,1137,2021,2,Family,150,3.0
822,1527,2019,10,Couples,107,5.0
823,1105,2023,8,Couples,49,3.0
824,1286,2023,3,Couples,30,4.0
825,1674,2020,7,FRIENDS,136,4.0
826,1980,2024,7,Family,79,3.0
827,218,2023,1,Family,121,4.0
828,1426,2024,4,Family,125,4.0
829,451,2020,11,Business,11,3.0
830,394,2020,5,Family,103,3.0
831,1587,2021,9,Friends,51,3.0
832,138,2020,8,Couples,137,
833,1696,2023,1,Family,33,4.0
834,1542,2021,12,Friends,6,4.0
835,1990,2022,12,Family,100,3.0
836,1336,2020,9,Family,83,3.0
837,1746,2019,2,Friends,84,4.0
838,238,2024,11,Couples,40,4.0
839,1780,2021,1,Couples,75,5.0
840,321,2019,7,Family,145,4.0
841,629,2023,6,Couples,115,4.0
842,257,2019,9,Family,148,4.0
843,804,2024,2,Friends,50,4.0
844,1498,2021,11,Business,131,3.0
845,537,2021,7,Solo,58,3.0
846,1645,2020,4,Solo,141,3.0
847,1213,2019,4,Business,130,4.0
848,1258,2021,9,Family,25,4.0
849,1878,2021,3,Couples,146,4.0
850,864,2021,4,Solo,92,5.0
851,690,2021,12,Family,117,4.0
852,1990,2022,11,Friends,87,4.0
853,1115,2019,4,Solo,33,4.0
854,1230,2021,7,Family,148,4.0
855,593,2024,5,Friends,17,4.0
856,431,2024,3,Couples,122,4.0
857,340,2022,4,Couples,32,3.0
858,448,2021,2,Family,118,3.0
859,391,2021,11,Friends,64,5.0
860,1494,2023,3,Business,36,4.0
861,116,2021,3,Family,36,4.0
862,1259,2024,8,Friends,48,4.0
863,1899,2019,2,Couples,136,4.0
864,1532,2022,12,Family,116,5.0
865,806,2022,11,Business,101,3.0
866,119,2021,5,Business,95,
867,1669,2021,3,Couples,63,4.0
868,7,2019,2,Friends,136,4.0
869,1363,2021,11,Business,42,2.0
870,1342,2021,6,Couples,142,4.0
871,384,2022,7,Friends,58,4.0
872,1480,2022,2,Couples,52,5.0
873,351,2021,10,Family,72,4.0
874,452,2022,7,Family,113,4.0
875,1624,2022,1,Solo,108,3.0
876,1959,2019,1,Friends,116,3.0
877,530,2024,12,Business,14,2.0
878,1843,2024,1,Family,25,4.0
879,1827,2021,4,Family,128,3.0
880,1539,2023,1,COUPLES,148,4.0
881,281,2021,1,Family,20,3.0
882,599,2019,10,Friends,136,4.0
883,1356,2024,10,Friends,40,2.0
884,1999,2020,4,Family,147,3.0
885,1629,2021,3,Couples,150,4.0
886,841,2022,3,Family,96,4.0
887,471,2021,5,Family,29,4.0
888,1921,2020,10,Family,119,5.0
889,553,2023,8,Solo,16,4.0
890,685,2021,6,Solo,51,3.0
891,1930,2022,1,Solo,96,4.0
892,1124,2022,2,Friends,11,3.0
893,530,2024,3,Family,59,3.0
894,11,2021,3,Couples,120,5.0
895,860,2021,6,Solo,14,4.0
896,1973,2024,11,Family,56,4.0
897,866,2021,6,Couples,1,
898,1400,2020,4,Business,99,5.0
899,507,2019,7,Friends,12,3.0
900,1552,2020,1,Couples,43,4.0
901,1552,2020,9,Friends,79,3.0
902,1217,2020,1,FAMILY,33,5.0
903,1544,2022,5,Couples,35,4.0
904,1158,2022,12,Friends,126,4.0
905,757,2020,5,Friends,117,4.0
906,1476,2021,9,Couples,13,4.0
907,1671,2021,4,Business,129,3.0
908,1683,2019,11,Family,71,4.0
909,427,2020,5,Couples,22,4.0
910,1354,2023,3,Couples,137,5.0
911,9,2019,1,Solo,51,3.0
912,1144,2020,4,Couples,49,4.0
913,1143,2021,7,Family,22,4.0
914,727,2019,1,Couples,133,4.0
915,1989,2022,3,Couples,44,4.0
916,1766,2023,5,Couples,89,4.0
917,78,2021,9,Couples,36,5.0
918,418,2020,8,Friends,135,2.0
919,416,2023,1,Friends,119,4.0
920,1796,2020,1,Family,76,3.0
921,1038,2019,1,Friends,52,4.0
922,1458,2019,4,Business,99,4.0
923,1620,2019,4,Family,75,4.0
924,1536,2024,2,Friends,142,4.0
925,179,2024,6,Family,102,3.0
926,281,2022,8,Solo,5,4.0
927,791,2024,9,Family,124,3.0
928,677,2023,12,Solo,29,3.0
929,1495,2021,9,Business,46,3.0
930,313,2023,12,Business,66,3.0
931,744,2021,12,Couples,32,4.0
932,474,2024,11,Friends,142,4.0
933,378,2024,5,Business,147,3.0
934,346,2024,1,Couples,24,3.0
935,391,2022,1,SOLO,49,3.0
936,1129,2022,11,Family,56,4.0
937,821,2019,11,Couples,101,4.0
938,871,2022,4,Business,90,4.0
939,959,2019,9,FRIENDS,102,3.0
940,1483,2022,6,Solo,5,3.0
941,1724,2019,1,Friends,78,
942,1053,2021,8,Business,32,4.0
943,1285,2023,2,Family,35,4.0
944,1478,2020,2,Family,117,4.0
945,1381,2022,6,Solo,22,4.0
946,269,2020,1,Friends,5,4.0
947,1966,2020,5,Friends,74,4.0
948,330,2020,10,Family,111,3.0
949,824,2019,8,Business,77,4.0
950,1306,2021,1,Friends,25,4.0
951,807,2019,3,Family,117,3.0
952,487,2024,12,Business,58,3.0
953,1847,2023,12,Friends,107,4.0
954,144,2020,12,Business,31,
955,492,2024,7,Friends,137,4.0
956,1986,2021,6,Friends,43,4.0
957,1460,2022,10,Business,146,3.0
958,174,2023,12,Friends,57,2.0
959,1510,2023,2,Family,110,3.0
960,1940,2019,11,Family,76,4.0
961,196,2020,8,SOLO,12,3.0
962,829,2021,2,Solo,15,3.0
963,937,2022,11,Couples,61,3.0
964,263,2024,1,Friends,29,3.0
965,402,2021,1,Family,92,4.0
966,348,2021,5,Friends,21,5.0
967,371,2019,7,Couples,89,4.0
968,808,2022,6,Family,31,4.0
969,928,2021,3,Business,28,3.0
970,476,2022,8,Solo,56,3.0
971,579,2024,6,Solo,88,3.0
972,385,2022,2,Couples,60,4.0
973,1593,2019,10,FAMILY,53,4.0
974,424,2023,4,Couples,52,5.0
975,1816,2021,9,Couples,51,4.0
976,1078,2021,5,Business,61,3.0
977,1606,2024,10,Friends,126,4.0
978,1273,2022,4,Couples,87,4.0
979,533,2023,3,Family,64,4.0
980,1203,2024,1,Solo,113,
981,549,2021,10,Business,80,3.0
982,238,2024,9,Family,143,4.0
983,510,2020,8,Solo,85,4.0
984,552,2024,8,Friends,33,2.0
985,271,2024,1,Couples,85,4.0
986,48,2019,5,Couples,117,4.0
987,1888,2019,11,Friends,32,3.0
988,1027,2019,4,Business,31,3.0
989,805,2020,1,Family,90,4.0
990,1860,2024,11,Couples,133,3.0
991,450,2019,1,Friends,51,2.0
992,806,2019,9,Couples,77,3.0
993,1694,2021,11,FAMILY,99,3.0
994,1265,2021,9,Friends,100,4.0
995,799,2022,1,Business,22,3.0
996,512,2022,11,Family,60,4.0
997,71,2023,2,Solo,150,3.0
998,171,2021,11,Family,134,4.0
999,324,2021,1,Business,116,3.0
1000,1574,2019,6,Solo,4,3.0
1001,1279,2024,11,Business,63,3.0
1002,867,2020,4,Couples,8,4.0
1003,1566,2022,1,Couples,46,4.0
1004,322,2024,2,Friends,130,4.0
1005,422,2022,5,Couples,59,2.0
1006,786,2022,5,Couples,26,4.0
1007,1835,2020,3,Family,109,3.0
1008,1229,2023,6,Couples,114,4.0
1009,1702,2020,5,Friends,99,4.0
1010,497,2023,8,Family,122,3.0
1011,1697,2022,4,Family,106,4.0
1012,145,2021,4,Couples,96,3.0
1013,456,2023,11,Solo,134,3.0
1014,1047,2023,10,Couples,49,3.0
1015,102,2020,10,Couples,69,3.0
1016,1717,2021,5,Couples,85,4.0
1017,1735,2021,11,Solo,101,4.0
1018,1083,2019,5,Family,72,4.0
1019,612,2021,9,Business,67,3.0
1020,198,2019,10,Couples,25,4.0
1021,1238,2021,4,FAMILY,96,4.0
1022,1076,2020,8,Couples,19,3.0
1023,1520,2020,3,Family,72,4.0
1024,1206,2023,5,Couples,62,4.0
1025,257,2019,7,Couples,117,4.0
1026,244,2019,8,Friends,72,4.0
1027,1562,2020,5,Family,1,5.0
1028,319,2019,9,BUSINESS,76,3.0
1029,1878,2024,8,COUPLES,33,3.0
1030,212,2024,11,Friends,58,4.0
1031,1457,2023,1,Friends,45,5.0
1032,1951,2023,7,Friends,25,4.0
1033,883,2019,9,Friends,142,4.0
1034,114,2022,6,Business,39,3.0
1035,1754,2019,4,Business,77,5.0
1036,375,2020,7,Business,125,4.0
1037,1055,2021,6,Business,55,4.0
1038,1970,2023,6,Friends,141,4.0
1039,1490,2020,12,Business,61,3.0
1040,93,2020,6,Family,143,4.0
1041,1642,2023,3,Couples,68,4.0
1042,323,2020,1,Friends,3,4.0
1043,1499,2021,2,Friends,131,5.0
1044,1242,2020,7,Friends,130,5.0
1045,576,2024,3,Couples,145,4.0
1046,848,2022,2,Solo,19,3.0
1047,236,2019,5,Friends,127,4.0
1048,1974,2019,3,Family,52,4.0
1049,477,2024,7,FAMILY,127,4.0
1050,618,2024,1,Couples,145,4.0
1051,1006,2023,12,Friends,30,4.0
1052,1345,2019,11,Solo,56,3.0
1053,1011,2023,11,Couples,41,4.0
1054,1011,2022,3,Couples,46,4.0
1055,1166,2024,9,Couples,90,4.0
1056,1716,2021,1,Solo,62,4.0
1057,791,2021,9,Family,99,4.0
1058,1665,2022,10,SOLO,102,2.0
1059,1574,2019,4,Family,31,3.0
1060,1923,2023,6,Couples,7,4.0
1061,1827,2021,12,Family,112,3.0
1062,1597,2020,3,Couples,28,4.0
1063,494,2023,7,Family,30,4.0
1064,1549,2020,4,Family,91,4.0
1065,1474,2024,2,Family,40,4.0
1066,580,2020,9,Couples,29,5.0
1067,1356,2021,12,Family,47,4.0
1068,506,2021,7,Friends,79,3.0
1069,1047,2023,7,Couples,127,4.0
1070,1594,2020,7,Solo,149,4.0
1071,378,2020,2,FAMILY,110,3.0
1072,674,2020,3,Family,135,3.0
1073,1591,2020,9,Business,80,3.0
1074,908,2021,8,Business,62,3.0
1075,1922,2022,3,Friends,123,3.0
1076,16,2024,1,Solo,46,3.0
1077,1444,2021,3,Family,122,4.0
1078,1629,2021,7,Couples,150,4.0
1079,1836,2019,4,FRIENDS,59,2.0
1080,314,2019,9,Solo,96,4.0
1081,1969,2023,7,Family,118,4.0
1082,785,2022,2,Couples,118,3.0
1083,705,2022,4,FAMILY,31,3.0
1084,712,2021,1,SOLO,145,4.0
1085,1277,2022,1,Couples,76,3.0
1086,1319,2024,10,Couples,7,3.0
1087,948,2020,5,Friends,18,3.0
1088,143,2021,11,Family,110,3.0
1089,1974,2020,3,Couples,65,4.0
1090,445,2019,4,Family,17,4.0
1091,188,2023,7,Solo,79,3.0
1092,1195,2023,4,Friends,90,4.0
1093,825,2024,6,Business,12,3.0
1094,1232,2019,2,Friends,53,5.0
1095,1752,2020,1,Family,70,4.0
1096,195,2022,11,Couples,118,3.0
1097,569,2023,3,Business,98,4.0
1098,1034,2024,2,Solo,14,3.0
1099,1576,2023,4,Business,93,3.0
1100,1202,2024,6,Couples,136,4.0
1101,766,2023,6,Family,9,3.0
1102,1221,2020,10,Friends,148,3.0
1103,1960,2022,10,Couples,15,3.0
1104,961,2022,4,Friends,94,3.0
1105,1768,2021,3,Friends,53,4.0
1106,1560,2024,2,Friends,110,3.0
1107,603,2023,2,Friends,127,4.0
1108,500,2022,1,Business,128,4.0
1109,1541,2021,1,Friends,131,4.0
1110,415,2023,6,Family,123,3.0
1111,674,2020,8,Family,47,4.0
1112,471,2020,10,Business,70,4.0
1113,1213,2021,4,Family,108,4.0
1114,589,2019,4,Couples,26,4.0
1115,1317,2021,9,Family,87,4.0
1116,1870,2021,8,Couples,80,3.0
1117,1660,2022,9,Family,148,4.0
1118,1896,2021,3,Business,8,4.0
1119,49,2024,1,Family,15,4.0
1120,911,2020,7,Family,5,4.0
1121,441,2021,6,Couples,83,3.0
1122,1836,2023,4,Solo,83,3.0
1123,1424,2020,12,Family,89,4.0
1124,641,2022,2,Friends,37,3.0
1125,1128,2024,4,Family,47,4.0
1126,1211,2021,9,Friends,63,3.0
1127,992,2020,7,Friends,8,3.0
1128,949,2020,3,Family,113,3.0
1129,111,2019,7,Solo,8,4.0
1130,905,2020,6,Couples,101,4.0
1131,697,2024,4,Friends,69,3.0
1132,1637,2020,9,Family,150,3.0
1133,1731,2024,10,Business,104,3.0
1134,1501,2024,1,Family,72,4.0
1135,62,2023,1,Business,106,4.0
1136,1683,2024,11,Friends,18,5.0
1137,793,2021,3,Friends,28,5.0
1138,833,2024,2,Family,75,3.0
1139,1891,2022,8,Couples,129,3.0
1140,1735,2019,4,Solo,124,3.0
1141,102,2023,12,Friends,57,4.0
1142,720,2024,12,Friends,43,4.0
1143,1500,2024,1,Couples,145,4.0
1144,1078,2021,3,Family,85,4.0
1145,516,2019,8,Couples,18,4.0
1146,1050,2022,5,Friends,34,4.0
1147,1734,2024,1,Couples,126,4.0
1148,447,2024,6,Couples,135,3.0
1149,1493,2022,8,Couples,137,4.0
1150,1470,2023,12,Family,2,4.0
1151,1772,2019,5,Family,124,4.0
1152,596,2022,10,Friends,17,4.0
1153,432,2019,6,Solo,122,3.0
1154,1096,2023,9,Business,133,2.0
1155,1063,2019,12,Business,55,4.0
1156,820,2022,10,Couples,30,5.0
1157,1559,2024,9,Friends,108,4.0
1158,1599,2019,10,Solo,11,3.0
1159,492,2021,3,Couples,87,3.0
1160,1592,2019,10,Couples,50,5.0
1161,462,2023,12,Solo,64,4.0
1162,816,2024,12,Family,124,3.0
1163,55,2019,4,Family,149,5.0
1164,681,2022,6,Couples,61,2.0
1165,1918,2023,9,Business,44,3.0
1166,886,2019,1,Business,126,3.0
1167,1421,2021,9,Family,62,4.0
1168,216,2019,4,Friends,30,4.0
1169,1272,2024,11,Couples,136,4.0
1170,744,2022,8,Family,149,4.0
1171,1488,2022,5,Couples,44,3.0
1172,1857,2024,1,Business,24,4.0
1173,1064,2023,9,Business,23,3.0
1174,206,2020,7,Business,90,3.0
1175,953,2022,8,Solo,47,4.0
1176,247,2020,1,Couples,94,3.0
1177,900,2022,6,Business,114,3.0
1178,123,2023,10,Friends,1,4.0
1179,1281,2024,11,Couples,129,4.0
1180,621,2024,5,Couples,5,4.0
1181,404,2021,4,Couples,18,3.0
1182,35,2024,9,Business,109,3.0
1183,1777,2024,3,Business,94,3.0
1184,1675,2022,11,Family,147,4.0
1185,1624,2019,8,Family,86,4.0
1186,117,2019,12,Business,63,2.0
1187,700,2022,3,Friends,101,4.0
1188,1943,2023,2,Business,115,3.0
1189,1158,2024,10,Family,101,4.0
1190,257,2020,4,Business,56,2.0
1191,283,2024,5,Business,144,4.0
1192,527,2023,4,Family,46,3.0
1193,1945,2021,6,Couples,52,4.0
1194,340,2021,11,Business,42,
1195,1806,2021,9,Family,45,4.0
1196,1357,2023,1,Friends,32,3.0
1197,1844,2023,11,Family,88,4.0
1198,1653,2020,6,Business,110,4.0
1199,665,2021,9,Couples,65,4.0
1200,1656,2019,5,Family,139,4.0
1201,339,2024,2,Couples,72,4.0
1202,582,2021,6,Couples,71,3.0
1203,424,2020,5,Family,11,4.0
1204,267,2020,1,Solo,136,4.0
1205,181,2019,10,Friends,23,4.0
1206,375,2021,11,Couples,25,4.0
1207,241,2023,11,Friends,141,4.0
1208,761,2020,3,Couples,78,3.0
1209,143,2021,8,Friends,11,5.0
1210,123,2022,7,Family,67,4.0
1211,1980,2021,8,Family,89,3.0
1212,176,2023,10,Couples,2,5.0
1213,149,2020,5,Friends,114,3.0
1214,61,2021,4,Family,101,4.0
1215,266,2024,6,Family,2,4.0
1216,1056,2024,8,Family,93,3.0
1217,1655,2022,6,Business,34,3.0
1218,1470,2021,4,Family,111,4.0
1219,1161,2024,1,Business,57,2.0
1220,171,2021,7,Couples,31,4.0
1221,1549,2021,1,Family,77,4.0
1222,75,2022,6,Family,67,5.0
1223,1262,2021,8,Business,52,4.0
1224,819,2024,6,Business,132,3.0
1225,1765,2020,7,Family,98,4.0
1226,616,2019,4,Solo,74,2.0
1227,1277,2021,3,Family,34,3.0
1228,880,2024,11,Friends,86,4.0
1229,1045,2019,11,Family,4,4.0
1230,1878,2023,2,Couples,133,3.0
1231,1426,2019,3,Business,1,4.0
1232,830,2022,5,Couples,105,
1233,895,2021,9,Solo,52,3.0
1234,1410,2019,1,Couples,108,5.0
1235,693,2023,10,Couples,55,4.0
1236,336,2020,1,FAMILY,4,5.0
1237,936,2021,11,Friends,143,3.0
1238,137,2022,1,Family,115,3.0
1239,340,2022,11,Couples,7,3.0
1240,842,2019,12,Solo,5,3.0
1241,1594,2021,10,Couples,80,3.0
1242,1563,2022,12,Couples,144,3.0
1243,522,2022,6,Friends,87,4.0
1244,844,2023,8,Solo,2,4.0
1245,308,2023,8,Solo,105,3.0
1246,1511,2020,1,Family,65,4.0
1247,493,2023,11,Friends,96,4.0
1248,1600,2024,9,Couples,53,2.0
1249,1685,2024,6,Friends,2,
1250,1379,2024,3,Friends,3,4.0
1251,661,2020,9,Couples,95,2.0
1252,1906,2022,12,Couples,96,4.0
1253,1373,2021,2,Friends,49,4.0
1254,1292,2024,12,Family,13,3.0
1255,1713,2023,7,Solo,116,3.0
1256,1763,2019,10,FRIENDS,23,4.0
1257,156,2024,2,Friends,29,4.0
1258,1764,2023,2,Couples,68,
1259,1531,2022,8,Friends,108,4.0
1260,414,2021,4,Friends,150,3.0
1261,616,2021,5,Family,94,4.0
1262,1506,2023,8,Business,145,2.0
1263,434,2023,3,Friends,98,3.0
1264,905,2022,5,Couples,128,5.0
1265,1378,2024,5,Business,27,4.0
1266,1301,2020,5,Business,9,4.0
1267,1820,2021,9,COUPLES,101,5.0
1268,224,2022,2,Family,147,2.0
1269,591,2019,11,Business,111,3.0
1270,1970,2021,9,FAMILY,52,4.0
1271,1138,2024,1,Friends,74,3.0
1272,498,2023,7,Family,17,3.0
1273,580,2023,3,Family,52,4.0
1274,679,2019,2,Couples,103,4.0
1275,1109,2019,9,Family,25,4.0
1276,570,2021,3,Family,73,5.0
1277,1244,2020,7,Friends,44,4.0
1278,891,2019,4,Friends,74,4.0
1279,1221,2022,4,Family,115,
1280,311,2023,9,Couples,133,4.0
1281,1248,2023,8,Friends,62,4.0
1282,1850,2019,1,Solo,125,3.0
1283,271,2023,11,Solo,106,2.0
1284,655,2021,8,Solo,139,4.0
1285,1388,2019,4,Couples,112,4.0
1286,1235,2021,2,Friends,83,3.0
1287,1350,2020,6,Business,102,4.0
1288,1120,2023,9,Business,48,3.0
1289,1366,2023,1,Family,102,4.0
1290,1219,2023,4,Business,107,3.0
1291,149,2019,12,Couples,92,3.0
1292,1503,2021,2,BUSINESS,16,2.0
1293,894,2021,10,Business,78,4.0
1294,103,2024,3,Couples,107,4.0
1295,819,2022,7,FAMILY,30,3.0
1296,871,2022,10,Couples,119,4.0
1297,174,2021,12,Family,127,3.0
1298,1993,2020,8,Family,81,3.0
1299,445,2023,3,Business,145,4.0
1300,662,2024,1,Friends,129,
1301,882,2019,9,Business,70,2.0
1302,1666,2022,7,Friends,133,3.0
1303,1486,2023,10,Solo,140,4.0
1304,1542,2019,12,Solo,17,3.0
1305,475,2022,10,Family,150,3.0
1306,1691,2021,7,Friends,1,3.0
1307,1660,2022,9,Couples,73,5.0
1308,928,2022,8,Solo,141,4.0
1309,1092,2024,3,Business,109,4.0
1310,75,2019,4,Family,41,4.0
1311,1521,2020,2,Family,97,4.0
1312,1922,2021,5,Friends,33,3.0
1313,946,2023,3,Friends,36,4.0
1314,1082,2022,11,Couples,137,4.0
1315,999,2020,11,Couples,8,5.0
1316,166,2019,9,Friends,145,5.0
1317,1240,2024,5,Solo,69,3.0
1318,1443,2019,1,Business,10,3.0
1319,1856,2019,7,Friends,119,
1320,1860,2021,1,Family,8,4.0
1321,984,2022,1,Couples,49,4.0
1322,1918,2020,2,Business,37,4.0
1323,1058,2020,6,Friends,118,3.0
1324,1285,2019,9,Business,60,3.0
1325,1204,2021,5,Friends,99,4.0
1326,1998,2024,10,Couples,11,
1327,1476,2019,7,Family,105,2.0
1328,241,2022,11,Couples,107,4.0
1329,144,2020,5,Friends,43,5.0
1330,820,2023,4,Business,133,4.0
1331,1032,2019,1,Couples,71,4.0
1332,1338,2020,3,Family,101,4.0
1333,964,2019,1,Family,28,5.0
1334,1030,2022,3,Family,140,4.0
1335,1844,2023,12,Business,37,2.0
1336,670,2020,7,Business,94,3.0
1337,988,2021,8,Couples,14,4.0
1338,1115,2020,5,Business,7,3.0
1339,937,2019,8,Couples,20,4.0
1340,1937,2019,7,Business,142,3.0
1341,1925,2024,11,FAMILY,32,2.0
1342,1027,2022,10,Business,132,3.0
1343,902,2022,7,FAMILY,88,4.0
1344,1178,2020,10,Friends,14,4.0
1345,362,2020,8,Friends,67,3.0
1346,852,2023,12,Family,72,5.0
1347,434,2021,7,Business,41,3.0
1348,289,2019,11,Family,91,3.0
1349,191,2021,3,Couples,130,4.0
1350,1175,2022,3,Family,133,4.0
1351,2,2022,4,Solo,79,4.0
1352,1293,2022,10,Family,135,4.0
1353,864,2024,11,Solo,139,4.0
1354,733,2020,5,Couples,14,3.0
1355,1539,2022,6,Couples,96,3.0
1356,1078,2024,6,Business,116,3.0
1357,1467,2024,3,Business,3,4.0
1358,1419,2024,7,Business,91,4.0
1359,65,2023,10,Solo,138,3.0
1360,431,2019,10,Family,41,3.0
1361,1140,2024,2,Solo,129,4.0
1362,1952,2019,5,Friends,141,4.0
1363,309,2022,8,Friends,96,2.0
1364,212,2021,8,Solo,95,3.0
1365,1883,2023,9,Couples,81,4.0
1366,1934,2023,9,Friends,62,3.0
1367,335,2023,4,Family,68,3.0
1368,804,2020,6,Family,79,3.0
1369,1254,2023,3,Family,73,5.0
1370,391,2023,9,Solo,124,3.0
1371,653,2019,6,Solo,116,4.0
1372,791,2022,5,Couples,53,4.0
1373,1284,2019,10,Business,77,3.0
1374,617,2022,12,Couples,33,4.0
1375,825,2020,11,Friends,27,4.0
1376,580,2021,2,Business,56,2.0
1377,1520,2020,10,Family,9,3.0
1378,307,2024,7,Couples,129,3.0
1379,462,2024,2,Solo,19,3.0
1380,500,2023,5,Friends,49,3.0
1381,1812,2023,3,Family,38,4.0
1382,1889,2021,4,Couples,32,4.0
1383,1001,2019,8,Friends,56,2.0
1384,313,2022,5,Couples,108,4.0
1385,1513,2021,9,Family,134,3.0
1386,985,2020,10,Solo,29,5.0
1387,1700,2020,1,Family,36,4.0
1388,720,2019,10,Solo,71,4.0
1389,1998,2023,2,Family,48,4.0
1390,1615,2020,1,Family,120,5.0
1391,448,2024,2,Solo,34,2.0
1392,1452,2023,1,Friends,61,3.0
1393,574,2019,5,Solo,82,4.0
1394,700,2019,11,Friends,58,3.0
1395,501,2021,9,Business,93,3.0
1396,1365,2019,6,Couples,120,4.0
1397,526,2024,12,Friends,80,5.0
1398,1278,2024,6,Friends,69,5.0
1399,1165,2022,2,FRIENDS,143,4.0
1400,1502,2020,1,Couples,148,4.0
1401,1988,2024,7,Family,150,4.0
1402,18,2022,3,Family,3,4.0
1403,1981,2021,5,Family,126,4.0
1404,219,2024,4,Family,135,3.0
1405,1054,2020,5,Solo,121,3.0
1406,682,2022,12,Family,113,4.0
1407,1279,2023,1,Couples,55,4.0
1408,1444,2024,2,Family,109,5.0
1409,1720,2019,4,Couples,87,3.0
1410,804,2020,9,Family,125,3.0
1411,1866,2024,4,Solo,53,3.0
1412,645,2021,3,Family,112,3.0
1413,408,2023,9,Friends,118,2.0
1414,759,2023,8,Friends,126,4.0
1415,1058,2020,8,Family,26,4.0
1416,1337,2020,8,Family,130,4.0
1417,1666,2021,8,Family,33,4.0
1418,450,2019,7,Couples,141,5.0
1419,607,2023,7,Business,6,3.0
1420,1878,2019,10,Friends,34,3.0
1421,880,2024,5,Business,92,3.0
1422,484,2023,4,Couples,82,3.0
1423,1972,2021,3,Family,104,4.0
1424,898,2019,10,Solo,61,3.0
1425,1971,2023,1,Couples,1,4.0
1426,1839,2021,3,Friends,93,3.0
1427,1813,2020,2,Family,77,5.0
1428,1164,2021,5,Couples,77,3.0
1429,1597,2024,3,Business,57,3.0
1430,1922,2023,7,Business,134,3.0
1431,539,2023,12,Family,119,4.0
1432,76,2022,6,Family,28,4.0
1433,642,2019,12,Family,6,4.0
1434,1274,2024,4,Business,28,4.0
1435,1095,2023,10,COUPLES,8,5.0
1436,162,2022,2,Business,107,3.0
1437,1122,2023,8,Friends,94,3.0
1438,349,2021,10,Couples,70,4.0
1439,1012,2023,9,Family,89,4.0
1440,1152,2024,12,Friends,122,5.0
1441,1274,2021,8,COUPLES,125,4.0
1442,826,2019,8,Business,66,4.0
1443,817,2023,8,Family,89,2.0
1444,1358,2024,5,Solo,87,3.0
1445,1499,2023,3,Friends,143,4.0
1446,1616,2024,11,Couples,115,4.0
1447,668,2021,12,Couples,48,3.0
1448,849,2024,12,Couples,134,3.0
1449,662,2020,10,Couples,60,4.0
1450,1056,2022,3,Solo,114,2.0
1451,255,2024,3,Business,147,2.0
1452,861,2024,4,Couples,122,4.0
1453,378,2022,7,Business,17,2.0
1454,1065,2022,3,Friends,31,4.0
1455,1702,2021,10,Family,120,5.0
1456,1971,2024,2,Couples,19,3.0
1457,893,2024,11,Couples,2,4.0
1458,113,2020,6,Business,39,4.0
1459,456,2019,5,Business,73,4.0
1460,210,2023,6,Solo,20,3.0
1461,1519,2023,6,Family,24,4.0
1462,1970,2019,7,Family,51,5.0
1463,1108,2021,4,Family,90,4.0
1464,354,2022,4,Family,82,3.0
1465,43,2019,5,Friends,120,4.0
1466,1953,2022,2,Business,148,3.0
1467,633,2024,3,Family,5,3.0
1468,225,2020,6,Family,104,3.0
1469,355,2023,1,Couples,25,4.0
1470,511,2019,6,Couples,55,4.0
1471,1312,2020,5,Friends,52,4.0
1472,1784,2022,1,Solo,106,4.0
1473,551,2024,6,Business,39,3.0
1474,1375,2024,8,COUPLES,135,3.0
1475,130,2024,10,FAMILY,58,4.0
1476,21,2024,5,Friends,123,3.0
1477,110,2023,7,Family,143,4.0
1478,1847,2021,1,Solo,77,3.0
1479,1164,2019,4,Friends,16,3.0
1480,1611,2023,8,Business,106,4.0
1481,44,2020,6,Business,64,3.0
1482,45,2022,12,Business,51,3.0
1483,1698,2023,10,FRIENDS,69,4.0
1484,206,2019,11,Family,45,4.0
1485,311,2024,6,Solo,43,3.0
1486,1038,2020,1,Friends,149,3.0
1487,1214,2020,7,Friends,42,4.0
1488,458,2021,12,Business,69,3.0
1489,890,2021,3,Business,108,4.0
1490,1350,2021,12,Solo,34,2.0
1491,886,2019,1,Family,93,3.0
1492,766,2020,8,Solo,135,
1493,144,2021,12,Couples,122,4.0
1494,904,2020,3,Family,5,3.0
1495,1606,2022,4,Family,61,3.0
1496,1254,2024,10,Business,1,
1497,1787,2019,5,Family,92,4.0
1498,253,2019,8,Solo,49,3.0
1499,23,2022,2,Family,135,3.0
1500,1097,2019,9,Family,27,4.0
1501,358,2022,7,Friends,128,3.0
1502,1188,2021,7,Friends,52,4.0
1503,1808,2021,9,Friends,139,4.0
1504,675,2022,6,Family,30,5.0
1505,1099,2024,9,Family,41,4.0
1506,1364,2019,6,Family,53,4.0
1507,301,2019,11,Solo,148,5.0
1508,1795,2023,7,Solo,111,4.0
1509,406,2019,4,Family,123,3.0
1510,1617,2021,11,Couples,83,3.0
1511,1320,2021,4,SOLO,120,4.0
1512,282,2021,12,Couples,95,3.0
1513,1450,2022,12,Business,101,3.0
1514,393,2019,7,Family,126,3.0
1515,1199,2020,6,Family,148,3.0
1516,1920,2019,4,Business,87,3.0
1517,1907,2024,11,Couples,67,4.0
1518,1743,2023,4,Friends,98,4.0
1519,989,2020,8,Family,112,3.0
1520,1120,2019,10,Business,148,3.0
1521,601,2020,3,Couples,105,3.0
1522,1842,2024,3,FRIENDS,144,3.0
1523,955,2023,12,Business,110,3.0
1524,1544,2022,12,Business,143,2.0
1525,720,2024,4,Solo,113,4.0
1526,1481,2020,3,Family,133,4.0
1527,449,2022,8,Family,29,4.0
1528,1468,2023,8,Family,149,5.0
1529,92,2019,4,Family,53,4.0
1530,210,2021,3,Family,120,4.0
1531,705,2021,7,FAMILY,59,4.0
1532,965,2020,4,Friends,69,4.0
1533,1423,2020,7,Couples,113,4.0
1534,719,2024,9,Family,82,4.0
1535,37,2022,4,COUPLES,108,5.0
1536,651,2019,7,FRIENDS,12,5.0
1537,879,2023,12,Friends,126,4.0
1538,1088,2022,7,Friends,62,4.0
1539,1289,2021,2,Family,119,4.0
1540,496,2021,9,FAMILY,43,5.0
1541,1221,2022,6,Friends,90,3.0
1542,1264,2024,9,Couples,89,4.0
1543,1554,2023,1,Solo,21,3.0
1544,1045,2021,9,Couples,72,3.0
1545,1622,2020,9,Family,96,3.0
1546,444,2019,1,Friends,126,3.0
1547,1424,2020,6,Friends,134,4.0
1548,92,2019,6,Family,58,5.0
1549,206,2023,7,Family,97,3.0
1550,1730,2022,8,Family,27,3.0
1551,951,2019,9,Family,135,4.0
1552,1242,2024,11,Family,131,4.0
1553,1207,2019,10,Friends,150,
1554,1390,2022,4,Business,73,3.0
1555,492,2019,12,Family,54,4.0
1556,357,2022,6,Business,114,4.0
1557,86,2022,11,Friends,109,3.0
1558,1730,2024,6,Couples,32,4.0
1559,448,2022,4,Family,81,4.0
1560,1151,2021,9,Couples,97,4.0
1561,910,2022,9,Couples,69,4.0
1562,325,2022,2,Family,56,3.0
1563,828,2021,1,Family,36,
1564,167,2023,10,FAMILY,62,4.0
1565,354,2022,2,Solo,37,3.0
1566,280,2024,6,Business,46,4.0
1567,1649,2020,6,Couples,28,4.0
1568,1135,2023,6,Family,57,3.0
1569,1852,2023,6,Friends,95,3.0
1570,872,2023,12,Couples,57,5.0
1571,403,2024,7,Couples,22,4.0
1572,1218,2021,11,Friends,121,4.0
1573,1860,2022,6,Family,65,3.0
1574,1066,2019,6,Friends,88,3.0
1575,36,2021,8,Business,79,3.0
1576,608,2019,3,Couples,76,4.0
1577,1850,2023,12,Family,66,3.0
1578,1037,2023,12,Business,114,3.0
1579,1904,2020,3,Family,129,4.0
1580,1019,2023,2,Business,136,
1581,25,2020,5,Family,67,4.0
1582,1747,2023,3,Solo,52,3.0
1583,1527,2024,1,Solo,13,3.0
1584,1431,2023,10,Couples,67,5.0
1585,1941,2020,3,Business,149,4.0
1586,393,2020,5,Solo,40,4.0
1587,1812,2019,12,Family,127,4.0
1588,466,2024,5,Family,114,3.0
1589,1942,2022,1,Friends,100,3.0
1590,383,2019,3,Couples,85,4.0
1591,1101,2022,3,Family,114,3.0
1592,1579,2022,7,Friends,15,3.0
1593,157,2022,6,Family,20,4.0
1594,134,2022,1,Friends,30,3.0
1595,1700,2019,4,Solo,115,2.0
1596,121,2021,6,Couples,65,4.0
1597,1228,2023,7,Friends,32,4.0
1598,1877,2024,6,Couples,7,3.0
1599,1230,2020,12,Solo,74,3.0
1600,963,2022,6,Couples,60,4.0
1601,835,2024,9,Couples,27,4.0
1602,1277,2022,7,Friends,4,3.0
1603,1144,2020,5,Solo,114,3.0
1604,1004,2022,1,Friends,117,4.0
1605,308,2019,9,Friends,37,3.0
1606,1326,2021,11,Solo,75,3.0
1607,1480,2022,11,Family,38,4.0
1608,1418,2019,10,Friends,62,4.0
1609,151,2020,3,Business,17,4.0
1610,1406,2024,6,Business,142,3.0
1611,1460,2022,9,Couples,109,4.0
1612,367,2021,9,Solo,136,3.0
1613,1698,2020,8,Couples,45,4.0
1614,1048,2019,1,Couples,131,4.0
1615,945,2021,9,Business,78,4.0
1616,1446,2022,7,Business,30,4.0
1617,1020,2020,2,Family,50,
1618,1090,2023,7,Business,122,3.0
1619,625,2021,9,Friends,117,3.0
1620,1856,2019,12,Friends,109,4.0
1621,1939,2019,10,Family,34,2.0
1622,261,2024,4,Couples,98,4.0
1623,1467,2021,9,Friends,142,3.0
1624,47,2021,9,Family,8,4.0
1625,738,2020,3,Couples,49,4.0
1626,1940,2023,10,Couples,13,4.0
1627,350,2023,2,Couples,16,5.0
1628,754,2020,10,Family,150,3.0
1629,440,2023,9,Family,37,3.0
1630,1457,2021,12,Friends,27,5.0
1631,928,2020,8,Family,12,3.0
1632,1187,2023,1,Couples,148,4.0
1633,1886,2019,12,Family,71,4.0
1634,1043,2024,5,FRIENDS,119,2.0
1635,1469,2019,6,Couples,38,3.0
1636,196,2020,11,Business,97,2.0
1637,431,2020,3,Friends,133,4.0
1638,1894,2020,8,Family,101,4.0
1639,1720,2021,10,Business,78,3.0
1640,1314,2023,7,Family,32,3.0
1641,757,2021,9,Family,36,3.0
1642,400,2022,9,BUSINESS,90,3.0
1643,1704,2024,7,Friends,68,3.0
1644,1571,2021,2,Family,7,3.0
1645,484,2023,9,BUSINESS,30,4.0
1646,1180,2021,10,Friends,65,4.0
1647,1238,2019,4,Family,27,3.0
1648,955,2020,10,Solo,84,4.0
1649,1854,2019,3,Couples,46,4.0
1650,249,2024,3,Family,44,4.0
1651,516,2019,2,Family,17,4.0
1652,191,2023,7,Solo,76,4.0
1653,1386,2019,4,Friends,29,4.0
1654,1289,2019,9,Family,95,3.0
1655,1975,2022,8,Friends,141,4.0
1656,1085,2019,6,Business,137,3.0
1657,302,2019,4,Friends,101,4.0
1658,902,2023,11,Family,122,3.0
1659,177,2019,11,COUPLES,139,5.0
1660,1342,2022,5,Couples,103,3.0
1661,1349,2019,3,Couples,39,4.0
1662,1716,2019,10,Business,76,3.0
1663,680,2023,9,Couples,129,3.0
1664,621,2021,6,BUSINESS,101,4.0
1665,143,2019,7,Family,55,4.0
1666,831,2023,9,Family,26,4.0
1667,951,2024,3,Business,22,3.0
1668,1509,2022,12,Family,57,3.0
1669,1508,2021,7,Couples,121,4.0
1670,281,2024,2,Family,83,4.0
1671,571,2021,12,Solo,9,3.0
1672,1023,2022,12,Friends,138,3.0
1673,671,2021,12,Family,61,4.0
1674,52,2023,9,Family,59,3.0
1675,1692,2022,4,Business,123,4.0
1676,1463,2021,7,Family,57,4.0
1677,1041,2021,7,COUPLES,93,3.0
1678,635,2020,7,Family,139,4.0
1679,1686,2021,2,Solo,78,3.0
1680,71,2019,4,Friends,93,3.0
1681,893,2021,6,Family,54,3.0
1682,1602,2019,7,Friends,134,3.0
1683,1906,2020,4,Friends,12,3.0
1684,503,2021,9,Family,42,4.0
1685,1302,2019,12,Friends,149,4.0
1686,380,2020,6,Family,73,3.0
1687,232,2023,8,Friends,27,4.0
1688,707,2024,3,Business,63,4.0
1689,1771,2022,3,Family,39,4.0
1690,1379,2023,1,Couples,79,3.0
1691,979,2023,12,Business,36,2.0
1692,566,2024,4,Family,60,4.0
1693,284,2024,9,Solo,137,5.0
1694,542,2019,8,Friends,13,3.0
1695,306,2021,2,Business,115,3.0
1696,375,2024,2,Business,12,3.0
1697,1376,2024,10,Couples,69,5.0
1698,266,2022,10,Couples,101,4.0
1699,95,2021,7,Business,144,3.0
1700,1085,2019,5,Business,38,3.0
1701,574,2021,5,Couples,8,4.0
1702,910,2022,10,Business,113,4.0
1703,280,2022,3,Couples,135,3.0
1704,420,2022,2,Friends,85,4.0
1705,883,2020,4,Solo,10,4.0
1706,1381,2024,3,Friends,76,3.0
1707,829,2020,3,Couples,59,4.0
1708,1084,2021,6,Couples,68,4.0
1709,1044,2022,10,Family,9,4.0
1710,538,2020,9,Friends,48,4.0
1711,560,2019,4,Family,150,2.0
1712,852,2022,6,Friends,7,3.0
1713,65,2020,6,Family,138,4.0
1714,1371,2024,5,Solo,78,3.0
1715,1229,2023,12,Friends,88,3.0
1716,613,2021,12,Business,141,3.0
1717,748,2021,12,Couples,33,4.0
1718,658,2024,6,Family,148,3.0
1719,1303,2019,10,Couples,42,5.0
1720,1520,2021,9,Family,53,3.0
1721,218,2019,10,FAMILY,68,4.0
1722,827,2019,2,Family,91,3.0
1723,28,2024,12,Friends,49,3.0
1724,905,2019,12,Couples,119,4.0
1725,497,2024,10,Solo,4,3.0
1726,672,2023,7,Couples,100,
1727,914,2022,6,Solo,99,4.0
1728,648,2023,3,Couples,81,4.0
1729,789,2020,1,Family,93,4.0
1730,1530,2019,12,Solo,113,5.0
1731,1621,2021,3,Couples,136,4.0
1732,12,2023,5,Friends,33,3.0
1733,756,2020,6,Family,72,2.0
1734,1694,2020,9,FAMILY,85,3.0
1735,1061,2023,4,Family,52,4.0
1736,411,2022,3,Couples,147,2.0
1737,1188,2022,4,Family,77,4.0
1738,290,2021,4,Couples,89,4.0
1739,44,2023,1,Friends,30,3.0
1740,1265,2023,5,Family,63,4.0
1741,1031,2021,7,Business,94,4.0
1742,1514,2019,6,Business,65,3.0
1743,690,2024,5,Family,116,3.0
1744,1709,2019,12,Business,21,3.0
1745,843,2021,4,FAMILY,24,4.0
1746,1477,2024,11,Solo,51,3.0
1747,201,2021,8,Business,48,4.0
1748,195,2023,8,Family,123,4.0
1749,1566,2021,4,Solo,131,4.0
1750,1668,2023,12,Solo,71,4.0
1751,1885,2022,6,Business,76,4.0
1752,650,2020,7,Friends,45,3.0
1753,45,2024,3,Couples,80,4.0
1754,1960,2021,6,Friends,106,3.0
1755,1203,2021,9,Couples,109,4.0
1756,495,2022,12,Couples,146,4.0
1757,1528,2024,11,Family,87,3.0
1758,1808,2024,2,Couples,52,3.0
1759,570,2021,1,Family,11,4.0
1760,1540,2020,12,Couples,104,3.0
1761,1576,2020,10,Solo,121,4.0
1762,1004,2020,2,Family,83,3.0
1763,1265,2020,11,Family,139,4.0
1764,540,2021,10,Couples,48,4.0
1765,1859,2019,12,Solo,8,3.0
1766,1967,2022,2,Family,95,4.0
1767,1963,2024,10,Business,19,4.0
1768,1475,2021,5,Family,13,4.0
1769,85,2019,7,Couples,106,5.0
1770,733,2021,4,Couples,66,4.0
1771,890,2021,1,Couples,91,4.0
1772,1920,2022,9,Family,113,4.0
1773,1094,2020,1,Couples,58,3.0
1774,1073,2020,6,Friends,92,4.0
1775,294,2023,3,Couples,81,4.0
1776,1588,2020,12,Business,88,3.0
1777,673,2024,6,Business,106,4.0
1778,184,2020,3,Family,58,4.0
1779,1976,2023,12,Business,76,3.0
1780,381,2019,9,Business,89,3.0
1781,33,2020,3,Couples,22,5.0
1782,156,2021,5,Solo,32,4.0
1783,906,2021,7,Business,14,3.0
1784,206,2019,10,Business,30,4.0
1785,1686,2020,12,Family,66,3.0
1786,1025,2024,11,Family,141,4.0
1787,648,2024,1,Business,139,4.0
1788,7,2021,6,Friends,115,3.0
1789,960,2019,1,Family,84,5.0
1790,303,2020,4,Family,31,4.0
1791,1957,2024,4,Family,54,3.0
1792,583,2024,4,Friends,115,3.0
1793,950,2023,3,Business,137,4.0
1794,38,2024,5,Solo,145,4.0
1795,262,2023,6,Business,59,4.0
1796,415,2022,12,FAMILY,73,4.0
1797,104,2023,6,Couples,77,4.0
1798,1452,2022,1,Family,9,3.0
1799,1891,2021,8,Friends,18,3.0
1800,1971,2022,4,Family,7,3.0
1801,532,2020,2,Couples,111,4.0
1802,1578,2022,9,Friends,34,3.0
1803,1009,2021,9,Solo,106,4.0
1804,92,2021,5,Couples,57,4.0
1805,182,2020,3,Couples,120,4.0
1806,1096,2024,6,Family,18,5.0
1807,848,2023,6,Friends,49,3.0
1808,17,2019,12,Business,31,4.0
1809,1861,2021,1,Business,66,3.0
1810,1461,2021,3,Family,85,4.0
1811,1005,2024,10,Friends,26,3.0
1812,1974,2023,12,Couples,101,5.0
1813,1943,2024,8,FAMILY,145,4.0
1814,1948,2021,4,Friends,7,3.0
1815,518,2019,3,Business,13,3.0
1816,1762,2023,11,Couples,143,3.0
1817,1010,2020,8,Couples,98,4.0
1818,1453,2022,5,Friends,138,4.0
1819,1720,2021,6,FAMILY,106,5.0
1820,327,2021,2,Friends,108,3.0
1821,897,2019,10,Family,24,3.0
1822,258,2023,1,Couples,77,5.0
1823,559,2023,12,Family,55,4.0
1824,828,2021,3,Couples,126,4.0
1825,1711,2023,2,Family,7,4.0
1826,1726,2024,1,Solo,3,4.0
1827,780,2023,6,Family,84,5.0
1828,659,2024,1,Family,146,4.0
1829,1062,2021,4,Couples,150,4.0
1830,1824,2021,10,Family,90,4.0
1831,1954,2024,9,Friends,65,3.0
1832,454,2022,5,Friends,41,4.0
1833,373,2022,1,Solo,149,5.0
1834,1414,2022,2,Solo,28,3.0
1835,603,2024,7,Family,19,3.0
1836,400,2023,6,Friends,77,4.0
1837,63,2023,11,Friends,59,2.0
1838,807,2019,6,Family,75,3.0
1839,784,2023,5,Business,136,2.0
1840,1127,2020,8,Solo,41,2.0
1841,401,2019,11,Solo,132,4.0
1842,1429,2020,10,Family,32,4.0
1843,1361,2023,2,Couples,49,5.0
1844,925,2023,6,Business,1,4.0
1845,363,2020,12,Business,102,4.0
1846,1014,2020,10,Friends,129,3.0
1847,1350,2021,10,Family,133,4.0
1848,746,2020,2,Family,26,3.0
1849,527,2021,5,Couples,116,3.0
1850,1014,2023,10,Family,22,5.0
1851,711,2020,2,Friends,95,4.0
1852,802,2020,9,Friends,106,4.0
1853,698,2019,7,Family,23,4.0
1854,607,2023,9,Couples,17,4.0
1855,1434,2020,9,Business,11,3.0
1856,921,2020,2,Friends,107,5.0
1857,934,2023,2,Friends,93,3.0
1858,1307,2019,5,Couples,18,4.0
1859,723,2022,12,Couples,76,3.0
1860,203,2019,12,Family,120,3.0
1861,1706,2024,10,Friends,36,3.0
1862,112,2023,3,Friends,91,4.0
1863,1144,2023,12,Business,44,3.0
1864,532,2022,9,Solo,40,5.0
1865,428,2021,4,Family,59,4.0
1866,84,2024,9,Family,53,4.0
1867,1801,2023,6,Business,75,
1868,859,2019,6,Business,31,4.0
1869,686,2022,3,Business,59,3.0
1870,1483,2022,8,Couples,94,4.0
1871,78,2020,4,Solo,59,5.0
1872,1130,2021,12,Friends,99,4.0
1873,990,2024,2,Solo,18,3.0
1874,1107,2019,4,Family,21,4.0
1875,248,2024,2,Business,130,4.0
1876,1906,2023,3,Family,70,5.0
1877,477,2019,9,Family,92,4.0
1878,1357,2020,12,Friends,111,4.0
1879,1495,2024,2,Family,22,4.0
1880,688,2023,3,Couples,146,4.0
1881,262,2019,2,Friends,64,5.0
1882,594,2019,10,Friends,134,4.0
1883,1614,2024,7,Family,63,4.0
1884,1813,2019,5,Business,61,3.0
1885,1874,2022,9,Family,91,4.0
1886,453,2024,2,Friends,29,4.0
1887,1214,2019,10,Couples,92,4.0
1888,303,2019,2,Friends,148,4.0
1889,1421,2023,7,Couples,97,5.0
1890,832,2024,1,Couples,11,4.0
1891,1428,2022,3,Couples,105,5.0
1892,1371,2020,8,Business,6,4.0
1893,1986,2019,7,Couples,16,3.0
1894,978,2024,6,FRIENDS,43,4.0
1895,684,2023,8,Family,46,4.0
1896,1054,2024,11,Couples,1,5.0
1897,326,2023,4,Friends,3,3.0
1898,224,2021,12,Family,119,4.0
1899,1039,2021,2,Family,69,3.0
1900,1651,2021,12,Friends,30,3.0
1901,1067,2023,12,Couples,65,4.0
1902,1564,2019,6,Family,104,5.0
1903,356,2019,2,Business,111,3.0
1904,899,2024,5,Couples,44,3.0
1905,1227,2020,4,Couples,26,3.0
1906,696,2019,7,Friends,144,4.0
1907,29,2023,3,Business,95,3.0
1908,147,2021,1,Friends,148,4.0
1909,1856,2020,11,Friends,47,3.0
1910,1211,2021,11,COUPLES,17,4.0
1911,530,2021,7,Couples,58,4.0
1912,518,2022,11,Couples,50,4.0
1913,80,2024,12,Couples,108,5.0
1914,1890,2024,12,Solo,108,4.0
1915,217,2023,10,Business,11,4.0
1916,1519,2021,1,Family,89,5.0
1917,481,2022,10,Couples,52,3.0
1918,672,2019,12,Family,93,3.0
1919,548,2022,3,Couples,59,3.0
1920,1650,2023,1,Couples,81,4.0
1921,66,2024,5,Business,108,3.0
1922,705,2019,10,Solo,45,4.0
1923,559,2024,10,Family,30,3.0
1924,546,2022,8,Business,106,4.0
1925,386,2019,12,Friends,143,4.0
1926,1825,2024,2,Friends,67,3.0
1927,758,2021,11,Family,150,3.0
1928,837,2021,11,Solo,28,4.0
1929,771,2020,12,Couples,123,4.0
1930,1961,2019,4,Friends,149,3.0
1931,679,2019,8,Friends,45,4.0
1932,684,2020,4,Family,23,4.0
1933,656,2020,6,Family,100,4.0
1934,654,2021,12,Business,131,4.0
1935,180,2022,7,Business,13,3.0
1936,1209,2024,10,Family,97,3.0
1937,51,2023,6,Solo,131,3.0
1938,452,2021,1,Couples,5,4.0
1939,405,2024,2,Family,78,3.0
1940,583,2022,9,Business,12,4.0
1941,1514,2021,4,Couples,27,4.0
1942,1199,2020,4,Couples,73,4.0
1943,1982,2021,2,SOLO,50,4.0
1944,703,2019,10,Couples,13,3.0
1945,1858,2019,2,Business,121,4.0
1946,90,2024,7,Business,31,4.0
1947,1009,2020,4,Family,131,4.0
1948,1598,2022,11,Family,27,3.0
1949,1064,2019,8,Couples,78,5.0
1950,1867,2022,1,COUPLES,110,3.0
1951,630,2024,8,Couples,73,5.0
1952,67,2021,2,BUSINESS,63,4.0
1953,1548,2019,7,Friends,113,4.0
1954,137,2019,3,Friends,2,4.0
1955,1530,2023,9,Couples,124,3.0
1956,1467,2019,6,Family,104,4.0
1957,1689,2020,6,Couples,115,4.0
1958,958,2024,11,Business,64,4.0
1959,1792,2022,6,Family,58,4.0
1960,340,2024,3,Friends,86,5.0
1961,869,2024,7,Couples,97,3.0
1962,244,2022,10,Couples,139,5.0
1963,1534,2024,1,Couples,129,4.0
1964,1429,2019,4,Couples,9,4.0
1965,1613,2020,7,Family,23,3.0
1966,1529,2020,3,Friends,142,4.0
1967,617,2024,10,Couples,59,3.0
1968,137,2022,1,Friends,88,4.0
1969,1859,2020,4,Solo,9,3.0
1970,986,2020,8,Couples,16,5.0
1971,189,2023,11,Family,62,3.0
1972,1855,2024,5,Couples,108,3.0
1973,1989,2019,4,Family,116,3.0
1974,891,2021,12,Friends,135,3.0
1975,1541,2022,7,Friends,30,3.0
1976,73,2020,3,Family,31,5.0
1977,187,2023,11,Friends,82,3.0
1978,554,2023,1,Family,83,4.0
1979,1313,2024,9,Friends,6,5.0
1980,267,2023,11,Friends,68,4.0
1981,69,2024,7,Friends,135,4.0
1982,1338,2021,11,Business,25,4.0
1983,1541,2020,8,Couples,124,4.0
1984,1479,2020,8,Friends,68,3.0
1985,1599,2024,2,Business,79,4.0
1986,1606,2022,3,Family,97,5.0
1987,1205,2020,9,Family,106,4.0
1988,1039,2023,9,Friends,96,4.0
1989,1714,2020,8,Friends,16,3.0
1990,697,2020,3,Business,45,4.0
1991,196,2019,2,Family,127,3.0
1992,1504,2024,2,Friends,7,3.0
1993,552,2020,2,Business,108,4.0
1994,1958,2023,3,Family,79,4.0
1995,829,2019,12,Family,18,3.0
1996,1704,2019,10,Couples,19,4.0
1997,85,2023,3,Couples,148,4.0
1998,1319,2019,4,Business,5,4.0
1999,897,2019,11,Friends,4,4.0
2000,926,2020,6,COUPLES,3,4.0
2001,531,2022,4,Family,95,3.0
2002,1943,2019,4,FAMILY,139,4.0
2003,786,2019,5,Business,26,4.0
2004,1701,2021,7,Family,120,5.0
2005,851,2023,7,Couples,108,4.0
2006,97,2019,7,Couples,35,5.0
2007,1759,2020,8,Couples,11,3.0
2008,371,2020,4,Family,74,3.0
2009,541,2020,6,Family,13,3.0
2010,1723,2020,10,Business,18,3.0
2011,1788,2022,5,Couples,70,
2012,1834,2019,12,Business,123,2.0
2013,852,2024,6,Couples,150,4.0
2014,1514,2020,5,Business,95,3.0
2015,656,2024,9,Couples,42,4.0
2016,1481,2023,5,Family,50,3.0
2017,1006,2021,5,SOLO,92,4.0
2018,104,2020,5,Couples,26,4.0
2019,836,2024,7,Friends,78,3.0
2020,936,2024,1,Business,116,3.0
2021,515,2022,5,Couples,127,4.0
2022,749,2019,10,Family,9,5.0
2023,1006,2024,4,Business,44,5.0
2024,100,2021,7,Family,39,4.0
2025,304,2019,4,Business,84,4.0
2026,1534,2023,12,Friends,28,4.0
2027,704,2019,3,Family,143,5.0
2028,1217,2021,10,Friends,138,4.0
2029,1132,2019,10,Couples,50,5.0
2030,1103,2021,5,Couples,62,4.0
2031,827,2023,12,Friends,66,3.0
2032,967,2019,12,Family,7,4.0
2033,1648,2019,1,Family,134,4.0
2034,1931,2024,7,Family,117,4.0
2035,514,2020,3,Family,50,
2036,1339,2019,12,Family,83,3.0
2037,1940,2022,12,Couples,58,4.0
2038,16,2020,6,Friends,35,4.0
2039,1570,2024,5,Friends,46,5.0
2040,994,2019,10,Business,17,4.0
2041,1936,2022,5,Business,122,3.0
2042,1157,2024,9,Friends,99,3.0
2043,1677,2023,8,Family,140,5.0
2044,333,2019,4,Solo,1,
2045,285,2020,5,Family,95,2.0
2046,1854,2019,12,Couples,85,5.0
2047,1053,2024,6,Business,94,3.0
2048,1117,2020,6,Family,149,3.0
2049,340,2019,11,Family,59,4.0
2050,454,2021,7,Solo,22,4.0
2051,1637,2020,7,Friends,2,3.0
2052,607,2019,5,Solo,74,4.0
2053,1169,2021,9,Friends,27,4.0
2054,634,2024,1,Family,22,4.0
2055,527,2020,3,Family,23,4.0
2056,333,2024,10,Family,42,4.0
2057,1860,2022,4,Family,18,4.0
2058,1881,2021,12,Friends,73,4.0
2059,231,2023,11,Couples,99,4.0
2060,707,2021,5,Solo,44,3.0
2061,1128,2020,12,Family,21,4.0
2062,767,2020,9,Family,86,3.0
2063,1443,2019,10,Couples,13,4.0
2064,521,2022,6,Couples,111,5.0
2065,118,2019,2,Family,58,3.0
2066,674,2020,7,Couples,62,4.0
2067,1196,2019,10,Business,38,3.0
2068,362,2019,2,Couples,43,5.0
2069,1632,2024,1,COUPLES,22,3.0
2070,25,2019,10,Solo,84,3.0
2071,136,2022,8,Family,22,4.0
2072,1018,2020,7,Family,103,4.0
2073,1025,2019,9,Solo,39,
2074,590,2020,9,Couples,85,4.0
2075,518,2019,6,Solo,81,3.0
2076,140,2020,8,Solo,96,3.0
2077,1326,2023,6,Family,114,3.0
2078,759,2022,3,Family,85,4.0
2079,238,2023,9,Friends,128,4.0
2080,800,2023,5,Couples,39,4.0
2081,1875,2024,11,Couples,113,4.0
2082,523,2019,5,Couples,52,4.0
2083,1790,2019,3,Couples,95,3.0
2084,518,2021,10,Business,74,2.0
2085,372,2022,2,Friends,137,4.0
2086,522,2023,12,Business,41,3.0
2087,647,2019,8,Family,78,3.0
2088,242,2019,6,Couples,25,5.0
2089,1176,2023,3,Couples,96,3.0
2090,667,2022,3,Friends,6,4.0
2091,1437,2021,3,Friends,62,3.0
2092,982,2020,10,Family,2,4.0
2093,886,2023,3,Family,50,4.0
2094,942,2023,1,Friends,73,4.0
2095,313,2019,3,Couples,50,5.0
2096,1426,2019,8,Family,58,4.0
2097,209,2023,6,Couples,23,5.0
2098,1444,2024,5,Couples,108,3.0
2099,2000,2020,12,Solo,120,3.0
2100,1528,2023,5,Friends,69,4.0
2101,911,2024,10,Family,9,3.0
2102,629,2019,2,Business,10,
2103,1746,2020,7,Friends,102,3.0
2104,515,2019,2,Solo,140,4.0
2105,965,2023,1,Solo,130,4.0
2106,1542,2023,9,Friends,61,3.0
2107,1845,2019,9,Family,75,4.0
2108,1842,2020,7,Business,25,3.0
2109,176,2022,6,BUSINESS,11,
2110,1797,2024,4,Couples,115,3.0
2111,229,2023,10,Family,65,4.0
2112,1169,2020,3,Solo,75,3.0
2113,1860,2021,6,Friends,52,4.0
2114,1310,2019,12,Couples,47,4.0
2115,1895,2020,9,Couples,148,4.0
2116,689,2022,11,COUPLES,123,3.0
2117,630,2021,3,Family,104,5.0
2118,653,2022,1,Friends,59,3.0
2119,711,2020,10,Friends,109,3.0
2120,1366,2022,7,Friends,51,5.0
2121,905,2022,10,FAMILY,78,3.0
2122,1475,2020,11,Family,22,4.0
2123,833,2019,5,Solo,107,4.0
2124,616,2021,2,Family,10,3.0
2125,381,2019,12,Couples,109,4.0
2126,1103,2019,4,Couples,91,3.0
2127,1797,2020,2,Business,10,3.0
2128,1718,2021,7,Business,76,4.0
2129,507,2020,1,Family,34,2.0
2130,956,2019,1,Friends,72,4.0
2131,1411,2020,10,Couples,2,4.0
2132,1225,2024,2,Couples,109,3.0
2133,135,2023,8,Couples,77,3.0
2134,1183,2021,6,Friends,55,4.0
2135,78,2019,2,COUPLES,132,4.0
2136,233,2021,12,Business,97,2.0
2137,1308,2024,2,Family,92,3.0
2138,206,2023,8,Family,23,4.0
2139,679,2023,2,Business,76,2.0
2140,1177,2020,8,Friends,106,4.0
2141,1311,2021,3,Family,139,4.0
2142,892,2019,11,Family,91,4.0
2143,189,2024,6,Family,26,5.0
2144,1599,2019,1,Business,102,3.0
2145,1900,2022,1,Couples,12,4.0
2146,1778,2020,7,Family,47,4.0
2147,1498,2022,7,Couples,138,5.0
2148,805,2023,4,Business,121,4.0
2149,1753,2020,8,Couples,136,3.0
2150,977,2019,10,Family,53,5.0
2151,273,2022,9,Friends,103,3.0
2152,1702,2022,9,FAMILY,106,5.0
2153,641,2019,12,Solo,37,3.0
2154,1878,2019,3,FAMILY,142,4.0
2155,737,2022,1,FAMILY,146,4.0
2156,1739,2022,2,Couples,17,4.0
2157,1075,2019,1,Business,115,3.0
2158,935,2022,4,COUPLES,68,4.0
2159,594,2021,2,Business,102,4.0
2160,1672,2019,12,Friends,84,4.0
2161,122,2022,5,Couples,34,4.0
2162,938,2022,3,Business,15,4.0
2163,738,2019,7,Friends,77,4.0
2164,1087,2023,6,Couples,126,4.0
2165,510,2020,1,Friends,124,3.0
2166,1330,2022,12,Friends,42,5.0
2167,772,2023,9,Couples,130,5.0
2168,377,2024,10,Couples,54,4.0
2169,394,2020,12,SOLO,85,4.0
2170,1394,2021,11,Friends,49,4.0
2171,524,2019,3,Solo,79,5.0
2172,615,2024,10,Business,80,4.0
2173,1254,2020,1,Family,105,
2174,660,2023,5,Couples,71,4.0
2175,777,2024,10,Couples,80,4.0
2176,489,2021,9,Business,98,3.0
2177,691,2023,10,Friends,63,4.0
2178,1386,2021,10,Family,79,
2179,1068,2022,1,Friends,13,2.0
2180,1996,2020,7,Business,131,5.0
2181,1544,2024,8,Solo,19,3.0
2182,34,2019,2,Couples,131,4.0
2183,758,2022,3,Solo,115,3.0
2184,580,2024,6,Family,143,4.0
2185,1176,2023,8,BUSINESS,4,4.0
2186,532,2023,11,Friends,33,4.0
2187,1933,2022,9,Family,8,4.0
2188,599,2024,12,COUPLES,63,4.0
2189,1044,2024,3,Couples,136,5.0
2190,246,2020,5,Solo,115,3.0
2191,1820,2022,4,Solo,106,4.0
2192,1824,2021,11,Family,128,3.0
2193,1588,2020,8,Couples,1,5.0
2194,704,2023,7,Couples,119,3.0
2195,118,2019,7,COUPLES,47,3.0
2196,1422,2019,4,Family,104,3.0
2197,859,2019,11,Family,115,4.0
2198,1981,2020,8,Couples,103,5.0
2199,1397,2022,7,Friends,63,4.0
2200,1078,2024,9,Solo,92,4.0
2201,1974,2024,10,Couples,71,4.0
2202,1601,2024,5,Family,95,3.0
2203,917,2023,9,Family,69,3.0
2204,38,2021,10,Couples,60,4.0
2205,186,2023,8,Family,31,5.0
2206,888,2020,2,Business,59,
2207,1125,2022,3,Business,109,4.0
2208,61,2019,1,Friends,131,3.0
2209,254,2024,4,Couples,16,3.0
2210,1409,2024,2,Friends,28,4.0
2211,1504,2023,7,Business,77,4.0
2212,60,2020,11,Family,106,5.0
2213,1016,2020,1,Family,26,3.0
2214,162,2023,4,Friends,49,4.0
2215,1447,2021,1,Couples,7,3.0
2216,1669,2022,2,Family,8,4.0
2217,1739,2021,1,Solo,22,3.0
2218,1197,2024,8,Couples,110,4.0
2219,1258,2019,12,BUSINESS,131,4.0
2220,1854,2021,9,Couples,75,3.0
2221,1225,2020,9,Solo,27,3.0
2222,893,2023,2,Couples,139,4.0
2223,1510,2020,11,Business,42,3.0
2224,1182,2020,7,Solo,24,4.0
2225,1685,2020,12,Couples,21,3.0
2226,1050,2024,5,Business,53,2.0
2227,1739,2020,9,Family,111,4.0
2228,90,2024,6,Business,60,5.0
2229,73,2024,7,Family,67,4.0
2230,199,2024,2,Business,52,4.0
2231,1113,2021,6,Family,142,4.0
2232,1418,2022,3,Family,103,4.0
2233,433,2023,9,Business,100,3.0
2234,312,2019,9,Family,66,4.0
2235,1721,2019,11,Solo,80,4.0
2236,1502,2020,6,Couples,133,4.0
2237,1297,2024,10,Solo,99,3.0
2238,977,2019,11,Solo,123,3.0
2239,841,2023,6,Couples,7,3.0
2240,42,2024,12,Family,129,3.0
2241,377,2024,10,FRIENDS,143,3.0
2242,1794,2022,4,FRIENDS,101,4.0
2243,679,2022,6,Friends,144,3.0
2244,1410,2023,2,Couples,86,4.0
2245,1408,2022,5,SOLO,42,2.0
2246,619,2023,5,COUPLES,91,3.0
2247,409,2021,4,Family,95,4.0
2248,1384,2024,5,Friends,22,5.0
2249,188,2021,1,Couples,31,4.0
2250,990,2020,6,Family,44,4.0
2251,1777,2023,3,Family,83,3.0
2252,1423,2022,3,Solo,23,3.0
2253,1529,2019,9,Family,116,4.0
2254,167,2019,11,Family,17,4.0
2255,400,2019,3,Business,141,3.0
2256,551,2022,7,Business,102,3.0
2257,585,2024,11,Business,51,4.0
2258,389,2020,8,Family,56,4.0
2259,1945,2019,1,Family,105,4.0
2260,330,2024,10,Business,14,4.0
2261,1417,2023,1,Couples,108,3.0
2262,1174,2022,8,Couples,83,3.0
2263,1222,2020,6,Friends,34,4.0
2264,430,2023,7,Business,135,3.0
2265,616,2021,3,Family,95,3.0
2266,1213,2020,11,Friends,25,4.0
2267,599,2020,2,Friends,99,5.0
2268,1389,2019,12,Family,62,4.0
2269,80,2021,1,Couples,115,4.0
2270,146,2023,4,Business,74,2.0
2271,1457,2023,7,Couples,150,3.0
2272,1234,2023,7,Friends,140,3.0
2273,87,2024,4,Couples,7,3.0
2274,1799,2024,4,Couples,62,5.0
2275,10,2020,7,Couples,31,2.0
2276,1912,2021,1,Family,68,3.0
2277,1459,2021,2,Couples,22,4.0
2278,1977,2023,5,Couples,81,4.0
2279,1898,2024,1,Business,24,2.0
2280,627,2024,2,Family,94,3.0
2281,1514,2019,1,Business,69,3.0
2282,422,2022,10,Family,149,4.0
2283,944,2019,2,Family,132,3.0
2284,481,2020,3,Family,91,3.0
2285,973,2021,10,Business,68,3.0
2286,1745,2022,6,Family,108,3.0
2287,873,2023,6,Family,101,4.0
2288,185,2024,8,Couples,21,4.0
2289,650,2021,8,Business,57,4.0
2290,1574,2022,5,Solo,149,3.0
2291,1044,2019,11,Couples,48,3.0
2292,1121,2019,3,Family,2,4.0
2293,863,2024,3,Business,126,3.0
2294,586,2024,7,Family,140,5.0
2295,1197,2024,11,Couples,99,4.0
2296,1267,2020,11,Friends,96,3.0
2297,1797,2022,9,Business,53,4.0
2298,1236,2020,1,Couples,54,3.0
2299,1991,2023,9,Friends,138,4.0
2300,1654,2021,2,Couples,129,3.0
2301,158,2024,11,Business,75,3.0
2302,785,2021,2,Friends,47,3.0
2303,770,2022,2,Solo,29,3.0
2304,7,2022,7,Couples,2,4.0
2305,362,2023,7,Family,73,4.0
2306,1525,2019,5,Couples,84,4.0
2307,705,2021,6,Family,102,3.0
2308,296,2021,9,Friends,121,4.0
2309,575,2020,8,Family,56,3.0
2310,550,2023,9,Couples,26,3.0
2311,350,2023,3,Couples,127,5.0
2312,203,2019,7,Family,115,3.0
2313,1529,2023,2,Family,80,4.0
2314,1650,2024,3,Family,6,5.0
2315,993,2020,12,Business,71,3.0
2316,1231,2022,1,Couples,93,4.0
2317,1839,2022,6,Friends,129,
2318,1686,2019,6,Business,77,3.0
2319,66,2023,3,Friends,70,4.0
2320,1906,2023,1,Family,57,3.0
2321,134,2020,2,Friends,63,4.0
2322,54,2020,9,Couples,3,4.0
2323,807,2023,8,Couples,16,3.0
2324,1492,2023,7,Solo,114,3.0
2325,161,2019,2,Family,55,3.0
2326,586,2021,7,Business,128,3.0
2327,526,2022,3,Solo,60,4.0
2328,795,2019,4,Couples,150,4.0
2329,1973,2024,12,Friends,28,4.0
2330,663,2020,6,Business,29,3.0
2331,418,2024,1,Friends,89,3.0
2332,245,2019,8,Solo,121,4.0
2333,397,2024,3,Couples,22,4.0
2334,267,2019,1,Business,76,2.0
2335,1148,2023,9,Family,34,3.0
2336,842,2021,8,Couples,111,4.0
2337,996,2021,3,Family,85,5.0
2338,1665,2019,9,Family,99,5.0
2339,1161,2023,3,Business,41,3.0
2340,311,2022,7,Solo,44,3.0
2341,754,2020,7,Friends,96,4.0
2342,626,2021,2,Couples,53,4.0
2343,1654,2022,9,Family,104,4.0
2344,615,2023,7,Friends,24,4.0
2345,278,2022,6,Family,46,4.0
2346,1473,2019,9,Solo,16,3.0
2347,857,2022,10,BUSINESS,14,4.0
2348,192,2021,6,Couples,40,2.0
2349,1380,2021,10,Family,74,3.0
2350,422,2021,1,Business,22,4.0
2351,1737,2021,8,Couples,14,4.0
2352,1665,2020,4,Family,132,3.0
2353,740,2020,7,Couples,78,4.0
2354,1112,2023,8,Couples,108,4.0
2355,1136,2020,10,Couples,109,4.0
2356,1307,2023,7,BUSINESS,16,4.0
2357,139,2021,1,Couples,94,3.0
2358,650,2022,12,Business,130,3.0
2359,341,2019,7,Solo,68,
2360,1395,2020,2,Couples,130,4.0
2361,139,2024,2,Business,142,4.0
2362,1034,2023,1,Solo,82,2.0
2363,1456,2019,3,Friends,16,3.0
2364,1897,2024,4,COUPLES,93,2.0
2365,577,2024,12,Friends,133,3.0
2366,16,2019,10,Friends,87,3.0
2367,1448,2020,1,Friends,121,5.0
2368,4,2020,5,Family,81,3.0
2369,133,2024,4,Family,63,5.0
2370,1981,2024,6,Solo,142,3.0
2371,1726,2023,2,Family,23,4.0
2372,1416,2020,4,Friends,68,4.0
2373,1672,2024,7,Business,24,2.0
2374,151,2024,7,Friends,99,4.0
2375,178,2024,11,Solo,139,3.0
2376,602,2021,12,Business,150,3.0
2377,48,2023,5,Couples,36,3.0
2378,1777,2023,10,Friends,110,4.0
2379,113,2019,11,Friends,132,3.0
2380,1089,2022,5,Friends,126,4.0
2381,1708,2022,6,Solo,76,2.0
2382,1470,2022,8,Business,27,3.0
2383,470,2021,11,Family,70,4.0
2384,941,2023,10,Family,117,4.0
2385,1097,2024,11,Couples,93,4.0
2386,1536,2022,10,Couples,59,4.0
2387,853,2024,3,Family,33,4.0
2388,571,2023,3,Family,98,4.0
2389,1592,2020,11,Family,65,4.0
2390,1773,2023,6,Family,71,4.0
2391,978,2023,3,Family,141,4.0
2392,57,2024,4,COUPLES,2,4.0
2393,1002,2021,6,Couples,36,3.0
2394,1779,2019,7,Family,138,4.0
2395,1979,2023,3,Family,139,3.0
2396,803,2022,4,FRIENDS,46,3.0
2397,301,2022,5,Family,150,3.0
2398,1145,2023,3,Friends,32,4.0
2399,1662,2022,12,Solo,8,3.0
2400,1891,2019,1,Family,47,5.0
2401,104,2024,10,Family,80,4.0
2402,582,2020,4,SOLO,1,2.0
2403,956,2020,7,Couples,26,5.0
2404,197,2023,4,Friends,119,4.0
2405,1773,2023,12,Family,94,3.0
2406,225,2022,12,Family,91,4.0
2407,1331,2023,5,Friends,149,5.0
2408,1838,2019,1,Couples,35,3.0
2409,1371,2020,3,Business,135,2.0
2410,1527,2020,9,Couples,54,4.0
2411,527,2021,10,Friends,139,4.0
2412,1655,2021,1,Couples,118,4.0
2413,838,2019,1,FAMILY,33,4.0
2414,123,2023,6,Couples,32,4.0
2415,734,2022,10,Family,82,5.0
2416,700,2021,10,Family,76,3.0
2417,1043,2024,1,Couples,36,4.0
2418,530,2021,12,Couples,40,5.0
2419,925,2019,4,Couples,135,3.0
2420,856,2024,3,Business,114,4.0
2421,654,2019,5,Family,29,4.0
2422,1393,2019,10,Family,109,3.0
2423,611,2021,4,Business,24,3.0
2424,1532,2022,8,Couples,67,4.0
2425,502,2020,3,Family,2,5.0
2426,1730,2024,2,Solo,98,4.0
2427,731,2020,2,Family,28,4.0
2428,82,2024,6,Solo,36,3.0
2429,300,2022,1,Family,29,4.0
2430,1613,2020,7,Friends,28,4.0
2431,1745,2021,10,Business,12,3.0
2432,424,2019,7,Family,84,4.0
2433,1205,2024,6,Couples,131,4.0
2434,1149,2022,3,Friends,46,3.0
2435,268,2021,2,Friends,117,4.0
2436,904,2023,2,Friends,82,5.0
2437,1388,2022,1,Business,39,4.0
2438,1935,2022,7,Family,10,4.0
2439,1696,2021,4,Friends,118,3.0
2440,196,2021,8,Business,4,4.0
2441,476,2020,5,Couples,64,4.0
2442,874,2023,4,Family,6,4.0
2443,302,2021,6,Couples,117,5.0
2444,1142,2021,5,Business,149,3.0
2445,18,2023,2,Friends,49,3.0
2446,228,2022,1,Solo,48,3.0
2447,95,2024,12,Couples,85,4.0
2448,591,2020,2,Solo,76,4.0
2449,1525,2019,4,Friends,58,3.0
2450,355,2021,5,Family,55,4.0
2451,1975,2022,6,Friends,29,4.0
2452,540,2023,9,Solo,38,3.0
2453,90,2022,9,Friends,88,4.0
2454,671,2024,8,Couples,111,3.0
2455,1497,2019,4,Couples,113,5.0
2456,214,2022,12,Family,78,3.0
2457,144,2023,1,Couples,113,4.0
2458,1699,2022,4,Business,89,2.0
2459,1185,2020,5,Family,54,3.0
2460,687,2023,5,Couples,54,4.0
2461,1513,2024,7,Business,78,2.0
2462,1689,2020,1,Friends,47,4.0
2463,719,2022,11,Business,115,3.0
2464,1123,2023,2,Family,28,3.0
2465,22,2019,5,Family,9,3.0
2466,613,2019,7,Solo,74,2.0
2467,1191,2023,11,Couples,11,4.0
2468,395,2023,7,Couples,29,3.0
2469,1983,2019,7,Family,57,4.0
2470,1943,2022,3,Family,1,3.0
2471,516,2023,9,Friends,34,3.0
2472,793,2024,7,Couples,82,4.0
2473,379,2023,1,Couples,57,4.0
2474,1008,2020,6,Business,135,4.0
2475,248,2022,11,FRIENDS,15,3.0
2476,782,2023,11,Couples,108,3.0
2477,1111,2020,3,Couples,89,5.0
2478,1224,2019,9,Family,97,4.0
2479,1193,2021,4,Couples,101,4.0
2480,443,2023,10,Business,8,5.0
2481,1585,2022,7,Couples,119,3.0
2482,1384,2022,4,Friends,50,4.0
2483,1507,2022,12,Family,98,3.0
2484,936,2024,3,Family,45,4.0
2485,1786,2022,5,Family,60,3.0
2486,780,2019,12,Solo,106,4.0
2487,1612,2021,3,Business,141,3.0
2488,408,2020,3,Couples,132,4.0
2489,495,2023,12,Friends,109,2.0
2490,1054,2024,6,Family,81,4.0
2491,1112,2023,10,Solo,80,3.0
2492,1493,2020,2,Family,145,5.0
2493,595,2023,8,Friends,32,3.0
2494,1746,2019,2,Family,144,3.0
2495,660,2020,5,Business,98,3.0
2496,1069,2020,3,Solo,93,2.0
2497,1864,2021,6,Family,89,4.0
2498,1079,2020,5,Business,122,2.0
2499,1364,2021,12,Couples,103,3.0
2500,1818,2019,8,Couples,15,4.0
2501,1950,2023,1,Couples,118,4.0
2502,999,2021,6,Business,110,4.0
2503,834,2023,10,Couples,138,3.0
2504,394,2019,6,Friends,141,4.0
2505,1075,2024,8,Family,143,3.0
2506,1837,2022,7,Couples,7,3.0
2507,975,2020,12,BUSINESS,95,4.0
2508,697,2023,8,Friends,141,4.0
2509,215,2023,7,FRIENDS,145,4.0
2510,780,2023,12,Business,83,4.0
2511,474,2024,4,Solo,137,4.0
2512,1954,2024,10,Couples,133,3.0
2513,1056,2019,10,Couples,1,4.0
2514,274,2020,5,Couples,133,4.0
2515,135,2019,12,Solo,96,3.0
2516,1702,2019,4,Friends,87,3.0
2517,1863,2019,11,Family,27,5.0
2518,1527,2023,1,Family,138,5.0
2519,248,2022,4,Couples,45,3.0
2520,197,2019,4,Couples,63,3.0
2521,396,2021,5,Couples,45,5.0
2522,1503,2019,6,Friends,146,5.0
2523,1531,2020,10,Family,73,5.0
2524,1676,2019,6,Family,18,4.0
2525,194,2022,8,Solo,2,3.0
2526,307,2019,2,Couples,148,3.0
2527,1801,2023,1,Business,36,3.0
2528,1858,2024,5,Couples,116,3.0
2529,1452,2024,2,Solo,5,3.0
2530,213,2023,2,Business,135,4.0
2531,138,2023,2,Business,98,3.0
2532,112,2024,4,Couples,34,4.0
2533,1384,2024,3,Solo,134,3.0
2534,1692,2020,2,Couples,45,5.0
2535,1264,2022,4,Family,150,3.0
2536,525,2020,4,Friends,90,3.0
2537,1515,2024,12,Family,68,4.0
2538,119,2019,8,Business,9,4.0
2539,1657,2021,9,Business,40,3.0
2540,1784,2021,9,Couples,9,4.0
2541,1437,2024,1,Friends,128,5.0
2542,1759,2020,6,Friends,16,3.0
2543,1173,2024,8,Couples,17,3.0
2544,937,2021,12,Couples,19,4.0
2545,645,2023,6,Business,147,3.0
2546,1844,2022,4,Family,146,3.0
2547,1395,2021,10,Couples,108,4.0
2548,381,2020,3,Solo,12,2.0
2549,1914,2020,11,Couples,76,3.0
2550,119,2022,5,Business,143,3.0
2551,1176,2020,1,Family,15,4.0
2552,382,2024,5,Solo,120,2.0
2553,1329,2019,12,Couples,3,4.0
2554,826,2020,6,Friends,121,4.0
2555,875,2019,1,Family,82,5.0
2556,1344,2024,5,Family,134,5.0
2557,1513,2021,9,Family,63,4.0
2558,761,2019,1,Friends,118,5.0
2559,1996,2019,11,Family,127,4.0
2560,997,2024,10,Couples,49,3.0
2561,321,2024,10,Friends,97,3.0
2562,13,2020,10,Business,70,4.0
2563,405,2022,2,Couples,65,4.0
2564,1383,2020,10,Couples,120,3.0
2565,1079,2024,3,Family,34,3.0
2566,676,2023,2,Friends,18,4.0
2567,963,2021,1,Family,73,4.0
2568,1677,2024,2,FAMILY,124,3.0
2569,1144,2020,2,Business,25,4.0
2570,117,2024,11,Solo,52,4.0
2571,99,2020,1,Couples,101,5.0
2572,965,2024,8,Business,72,4.0
2573,809,2024,1,Friends,91,4.0
2574,1702,2022,12,Friends,80,3.0
2575,1166,2019,7,Couples,122,4.0
2576,1514,2023,7,Family,132,4.0
2577,1171,2023,1,Friends,68,4.0
2578,691,2024,11,Business,65,4.0
2579,1315,2020,6,Solo,42,4.0
2580,1243,2020,2,Couples,67,4.0
2581,1441,2021,9,Family,126,3.0
2582,379,2021,12,Business,76,4.0
2583,1284,2019,1,Business,104,3.0
2584,571,2019,3,Business,63,3.0
2585,1581,2021,8,Couples,107,4.0
2586,1598,2024,1,Solo,107,3.0
2587,1250,2019,10,Family,80,4.0
2588,1894,2020,8,Couples,141,4.0
2589,1076,2024,7,Family,132,4.0
2590,51,2019,4,Couples,24,4.0
2591,1213,2019,6,Family,35,4.0
2592,1556,2024,1,Family,144,4.0
2593,203,2020,9,Couples,61,4.0
2594,210,2020,8,Family,47,5.0
2595,547,2019,7,Couples,120,3.0
2596,1689,2021,10,Friends,91,5.0
2597,1055,2024,7,Family,20,5.0
2598,1953,2024,5,Couples,14,5.0
2599,1746,2022,10,Couples,122,4.0
2600,1110,2023,12,Couples,115,4.0
2601,1359,2022,11,Solo,53,3.0
2602,663,2023,7,Friends,130,4.0
2603,181,2022,5,Solo,19,3.0
2604,798,2020,2,Friends,131,4.0
2605,1185,2024,5,Solo,12,
2606,365,2024,10,Couples,96,3.0
2607,444,2019,10,Family,127,3.0
2608,30,2019,2,Couples,93,
2609,1469,2023,7,Friends,117,4.0
2610,1799,2019,9,SOLO,52,4.0
2611,1655,2023,9,Friends,44,4.0
2612,760,2024,11,Friends,40,2.0
2613,1187,2019,1,Friends,18,3.0
2614,1922,2023,6,Business,42,3.0
2615,1183,2019,2,FAMILY,38,3.0
2616,592,2020,9,Friends,114,3.0
2617,678,2022,7,Family,32,4.0
2618,1455,2023,6,Family,25,3.0
2619,893,2019,10,Couples,110,5.0
2620,1675,2019,11,Couples,81,3.0
2621,1729,2020,4,Solo,33,3.0
2622,72,2023,10,Friends,106,4.0
2623,1447,2021,12,Family,33,4.0
2624,740,2020,1,Business,118,3.0
2625,1040,2019,10,Business,5,3.0
2626,530,2024,2,Family,89,4.0
2627,737,2023,10,Business,90,2.0
2628,661,2024,9,Business,56,3.0
2629,101,2021,11,Business,104,4.0
2630,1566,2023,7,Couples,57,3.0
2631,287,2022,4,Business,99,4.0
2632,752,2022,9,Friends,34,3.0
2633,387,2021,4,Family,86,4.0
2634,322,2022,1,Family,114,4.0
2635,747,2021,2,Solo,145,3.0
2636,1838,2022,11,Family,55,3.0
2637,1889,2021,5,Friends,71,4.0
2638,764,2024,2,Couples,72,4.0
2639,1011,2024,1,Couples,130,3.0
2640,1972,2021,1,Couples,145,3.0
2641,470,2021,10,Solo,97,3.0
2642,1890,2023,2,Solo,124,2.0
2643,212,2022,10,Family,13,4.0
2644,452,2020,7,Friends,114,4.0
2645,677,2024,3,Couples,122,3.0
2646,75,2023,11,Family,108,3.0
2647,1632,2022,6,Couples,88,4.0
2648,1711,2023,5,Family,135,3.0
2649,767,2020,9,Couples,99,5.0
2650,1673,2023,8,Family,127,5.0
2651,1546,2019,9,Family,28,4.0
2652,1603,2023,8,Family,100,3.0
2653,1606,2022,12,Couples,66,
2654,1147,2022,5,Family,131,4.0
2655,222,2023,3,Couples,133,4.0
2656,1847,2020,2,BUSINESS,127,4.0
2657,1218,2023,3,Family,33,4.0
2658,1803,2019,10,BUSINESS,74,2.0
2659,1919,2023,11,Family,1,5.0
2660,375,2023,4,Couples,147,4.0
2661,805,2019,2,Family,39,4.0
2662,385,2023,9,Family,94,4.0
2663,102,2023,10,Business,74,2.0
2664,1933,2022,1,Couples,136,3.0
2665,1847,2022,2,Family,124,4.0
2666,1864,2019,5,Friends,117,4.0
2667,1768,2024,6,Business,97,4.0
2668,1298,2024,2,Business,18,3.0
2669,1045,2023,8,Friends,138,4.0
2670,1983,2019,6,Couples,10,4.0
2671,1105,2021,10,Couples,69,4.0
2672,1285,2023,12,Couples,57,4.0
2673,424,2023,2,Solo,59,3.0
2674,1494,2024,6,Family,147,3.0
2675,1639,2022,10,Couples,35,3.0
2676,1358,2023,1,Family,87,4.0
2677,998,2021,11,Couples,33,2.0
2678,396,2023,5,Couples,137,3.0
2679,68,2022,10,Solo,111,3.0
2680,1255,2023,8,Family,63,4.0
2681,1367,2020,12,Family,13,4.0
2682,1546,2020,2,Friends,23,
2683,1901,2019,11,Couples,37,3.0
2684,995,2023,7,Business,61,2.0
2685,1659,2023,10,Couples,133,2.0
2686,1433,2020,10,Friends,18,3.0
2687,555,2021,7,Couples,87,3.0
2688,1691,2022,6,Family,53,5.0
2689,107,2023,10,Business,7,4.0
2690,1198,2020,7,Business,93,3.0
2691,1881,2021,12,Family,106,4.0
2692,1318,2020,9,Couples,144,4.0
2693,1875,2023,8,Friends,77,5.0
2694,113,2024,7,Solo,49,3.0
2695,1065,2023,3,Solo,129,3.0
2696,1562,2023,9,Family,38,4.0
2697,1285,2023,3,Couples,103,3.0
2698,1762,2024,8,Family,142,4.0
2699,926,2021,10,Business,1,3.0
2700,1366,2020,6,Solo,139,3.0
2701,840,2024,12,Family,31,5.0
2702,1745,2019,2,Couples,73,4.0
2703,239,2021,3,Friends,39,5.0
2704,509,2023,4,Couples,22,3.0
2705,194,2023,12,Friends,106,4.0
2706,1405,2023,7,Family,73,4.0
2707,466,2021,4,FRIENDS,77,3.0
2708,635,2024,12,Solo,73,3.0
2709,1674,2020,5,Couples,113,4.0
2710,721,2019,4,Family,145,3.0
2711,292,2022,11,Couples,77,4.0
2712,42,2020,2,FRIENDS,24,3.0
2713,454,2021,12,Family,50,3.0
2714,1830,2021,1,Solo,75,4.0
2715,1098,2020,7,Friends,16,4.0
2716,1990,2024,7,Couples,35,3.0
2717,431,2021,12,Business,31,4.0
2718,703,2023,12,Family,146,4.0
2719,327,2019,11,Couples,61,3.0
2720,797,2024,11,Couples,132,3.0
2721,1127,2024,11,Family,83,4.0
2722,1617,2019,7,Family,76,3.0
2723,737,2022,11,Family,141,5.0
2724,1544,2022,10,Couples,104,4.0
2725,1253,2020,5,Couples,36,4.0
2726,584,2023,11,Couples,43,3.0
2727,1825,2023,1,Friends,100,4.0
2728,869,2024,2,Family,1,5.0
2729,302,2022,2,Family,23,4.0
2730,1926,2023,7,Solo,12,4.0
2731,1827,2023,1,Solo,108,4.0
2732,100,2023,3,Business,67,3.0
2733,1805,2022,3,Friends,2,
2734,1895,2023,3,Couples,112,4.0
2735,1659,2019,1,Friends,99,3.0
2736,510,2022,3,Couples,108,4.0
2737,1263,2020,4,Business,25,3.0
2738,1077,2021,10,Solo,132,3.0
2739,1241,2023,8,Family,28,3.0
2740,1233,2019,4,Couples,86,4.0
2741,1279,2023,2,Friends,84,3.0
2742,1029,2020,7,Couples,33,4.0
2743,1381,2023,4,Business,57,2.0
2744,1054,2023,9,Couples,8,4.0
2745,33,2019,3,Friends,71,3.0
2746,71,2020,12,Family,102,4.0
2747,1917,2023,2,Family,47,4.0
2748,1819,2021,11,Family,81,4.0
2749,1172,2021,9,Family,144,4.0
2750,350,2019,9,Couples,36,3.0
2751,1563,2023,11,Business,44,3.0
2752,287,2019,6,Couples,18,4.0
2753,755,2020,9,Friends,82,3.0
2754,660,2021,7,Friends,31,5.0
2755,25,2023,9,Couples,129,3.0
2756,1615,2021,7,Couples,44,3.0
2757,1020,2024,12,Family,100,3.0
2758,633,2022,4,Business,29,4.0
2759,1015,2020,9,Family,49,3.0
2760,1,2020,2,Family,26,3.0
2761,874,2023,1,Family,83,4.0
2762,1040,2021,9,Business,5,4.0
2763,680,2022,3,Solo,13,3.0
2764,1661,2021,1,Couples,76,4.0
2765,500,2020,8,Business,82,4.0
2766,276,2022,8,Couples,50,5.0
2767,1056,2020,8,Friends,65,2.0
2768,1775,2024,6,Friends,63,3.0
2769,751,2023,10,Family,114,4.0
2770,94,2023,1,Family,67,4.0
2771,1940,2020,2,Family,128,3.0
2772,889,2019,5,Business,33,3.0
2773,346,2019,12,Couples,30,5.0
2774,1232,2024,9,Couples,61,3.0
2775,640,2024,7,Family,13,4.0
2776,1876,2023,12,Family,101,5.0
2777,588,2022,12,Solo,59,3.0
2778,1101,2020,2,Family,55,4.0
2779,1087,2023,7,Family,81,4.0
2780,485,2022,12,Solo,13,3.0
2781,999,2022,3,Couples,57,3.0
2782,219,2019,2,Family,146,5.0
2783,1288,2022,5,Friends,95,4.0
2784,1517,2023,12,Family,87,3.0
2785,1901,2023,3,Friends,76,4.0
2786,652,2019,8,Family,71,2.0
2787,571,2019,4,Solo,141,4.0
2788,1098,2024,9,Business,140,3.0
2789,1386,2020,11,Friends,62,4.0
2790,1985,2021,1,Couples,139,4.0
2791,51,2022,5,Business,13,4.0
2792,477,2021,7,Business,48,3.0
2793,525,2024,3,Family,46,4.0
2794,511,2024,8,Couples,105,3.0
2795,928,2021,5,Business,91,3.0
2796,1746,2020,1,Family,71,4.0
2797,62,2024,8,Family,39,4.0
2798,1632,2023,1,Couples,77,5.0
2799,1236,2023,3,Family,41,3.0
2800,1231,2021,2,Friends,75,3.0
2801,1357,2021,1,Friends,51,4.0
2802,231,2020,5,Family,134,4.0
2803,1494,2021,11,Friends,112,3.0
2804,497,2022,4,Friends,27,4.0
2805,1034,2019,3,Couples,142,4.0
2806,1354,2022,10,Business,99,3.0
2807,1208,2022,12,Business,53,3.0
2808,647,2024,4,Family,80,3.0
2809,793,2019,1,Solo,30,3.0
2810,954,2020,10,Business,8,4.0
2811,83,2021,8,Family,64,4.0
2812,1453,2024,12,Couples,118,4.0
2813,200,2020,8,Family,53,3.0
2814,918,2024,12,Friends,58,4.0
2815,1310,2024,2,Friends,149,4.0
2816,161,2019,2,Solo,149,4.0
2817,1992,2021,8,Family,70,3.0
2818,755,2020,9,Family,7,3.0
2819,32,2021,5,Friends,102,3.0
2820,1318,2024,6,Family,108,3.0
2821,1116,2021,5,Solo,138,2.0
2822,1281,2022,1,Couples,143,3.0
2823,1503,2019,11,Business,95,4.0
2824,952,2022,11,Business,17,4.0
2825,1654,2021,12,Friends,38,3.0
2826,741,2024,7,Business,108,3.0
2827,1091,2023,3,Friends,92,4.0
2828,318,2020,5,FAMILY,66,5.0
2829,1240,2022,9,Family,61,4.0
2830,524,2021,3,Friends,107,5.0
2831,1394,2021,2,Family,64,4.0
2832,1603,2021,12,Business,24,3.0
2833,1718,2023,1,Family,147,3.0
2834,1859,2020,8,Solo,53,3.0
2835,245,2019,2,Business,42,3.0
2836,276,2020,1,Couples,11,5.0
2837,1853,2023,8,Friends,71,4.0
2838,762,2020,3,Business,148,4.0
2839,53,2019,9,Business,24,4.0
2840,574,2021,10,Friends,37,3.0
2841,1673,2024,7,Friends,27,3.0
2842,710,2024,3,Couples,15,4.0
2843,154,2024,12,Solo,91,4.0
2844,1445,2023,5,Friends,45,4.0
2845,390,2023,10,Business,113,5.0
2846,706,2023,3,Family,61,3.0
2847,8,2019,2,Friends,96,3.0
2848,1204,2021,9,Family,14,4.0
2849,891,2022,3,Family,50,4.0
2850,1735,2021,7,Family,63,4.0
2851,669,2023,8,Couples,9,4.0
2852,410,2024,2,Family,63,4.0
2853,332,2022,4,Couples,71,4.0
2854,401,2019,3,Friends,61,4.0
2855,903,2021,1,Couples,76,3.0
2856,175,2020,12,Business,120,3.0
2857,805,2021,1,Business,116,3.0
2858,1710,2020,10,Friends,3,4.0
2859,1536,2019,5,Family,97,4.0
2860,1275,2020,4,Couples,136,4.0
2861,1787,2021,7,Family,131,4.0
2862,1561,2019,11,Family,49,4.0
2863,1306,2019,8,Friends,118,3.0
2864,1727,2020,1,Couples,121,5.0
2865,249,2022,10,Couples,55,4.0
2866,1637,2022,10,Friends,131,5.0
2867,591,2021,12,Family,95,3.0
2868,1467,2022,3,Family,113,
2869,1827,2020,11,Couples,113,4.0
2870,993,2023,5,Friends,118,4.0
2871,178,2019,5,SOLO,144,2.0
2872,741,2019,8,Family,129,4.0
2873,814,2024,7,Business,64,4.0
2874,1874,2021,3,BUSINESS,85,5.0
2875,1886,2022,3,Couples,98,5.0
2876,1137,2021,8,Family,129,2.0
2877,1902,2022,12,Family,59,4.0
2878,873,2023,3,Family,47,4.0
2879,823,2023,7,Couples,111,4.0
2880,1674,2020,4,Couples,144,4.0
2881,1335,2022,3,Solo,137,4.0
2882,1045,2023,10,Couples,23,4.0
2883,914,2021,9,Solo,138,4.0
2884,1412,2021,6,Family,119,3.0
2885,1507,2022,6,Business,24,3.0
2886,982,2022,6,Family,1,5.0
2887,64,2020,12,SOLO,31,3.0
2888,204,2024,12,Friends,140,4.0
2889,289,2022,1,Couples,114,4.0
2890,925,2022,10,Business,87,3.0
2891,1229,2020,5,Family,95,3.0
2892,1608,2023,8,BUSINESS,62,2.0
2893,466,2024,12,Couples,136,4.0
2894,1574,2023,6,Solo,24,4.0
2895,1333,2022,6,Family,48,3.0
2896,104,2022,8,Friends,31,4.0
2897,703,2020,4,Family,128,4.0
2898,606,2019,4,Couples,82,5.0
2899,1774,2022,8,Couples,103,4.0
2900,1843,2020,3,Friends,138,4.0
2901,1639,2019,8,FAMILY,30,4.0
2902,1057,2023,3,Family,145,5.0
2903,986,2021,2,Couples,19,3.0
2904,623,2024,2,Couples,114,3.0
2905,1546,2024,4,Business,106,3.0
2906,173,2019,2,Couples,124,3.0
2907,543,2023,4,Friends,24,4.0
2908,271,2021,6,Friends,144,3.0
2909,989,2023,3,Friends,120,5.0
2910,600,2019,7,Friends,17,4.0
2911,395,2021,5,Family,84,4.0
2912,753,2022,1,Couples,123,4.0
2913,1722,2021,5,Family,72,3.0
2914,1117,2022,1,Business,58,2.0
2915,1647,2019,9,Friends,42,4.0
2916,1828,2019,6,Friends,78,4.0
2917,1805,2022,8,Family,148,3.0
2918,703,2021,2,Couples,92,5.0
2919,1755,2022,6,Couples,109,4.0
2920,1819,2021,10,Business,117,3.0
2921,1920,2019,3,COUPLES,117,4.0
2922,703,2023,12,Solo,61,3.0
2923,457,2019,6,Business,116,4.0
2924,1169,2023,2,Solo,50,3.0
2925,1864,2019,3,Family,88,4.0
2926,1802,2024,6,Family,46,4.0
2927,1143,2020,12,Business,141,4.0
2928,299,2024,6,Business,110,3.0
2929,845,2019,3,FAMILY,88,3.0
2930,1429,2021,5,Family,68,3.0
2931,1121,2021,11,Family,79,5.0
2932,691,2019,12,Couples,117,4.0
2933,686,2021,8,Business,42,3.0
2934,120,2020,11,Couples,125,3.0
2935,578,2021,10,Friends,43,4.0
2936,1339,2021,6,Family,22,5.0
2937,483,2020,11,Couples,111,4.0
2938,1987,2023,1,Friends,107,4.0
2939,165,2022,10,Business,51,3.0
2940,1178,2024,7,Friends,98,4.0
2941,994,2023,8,Family,110,5.0
2942,1667,2020,12,Friends,119,4.0
2943,1776,2020,4,Business,143,2.0
2944,1087,2024,3,Friends,129,3.0
2945,1261,2020,8,Friends,66,3.0
2946,1398,2019,9,Couples,35,5.0
2947,1042,2022,1,Business,15,
2948,370,2024,6,Friends,87,4.0
2949,858,2020,5,Family,100,3.0
2950,484,2022,10,Family,104,4.0
2951,929,2021,11,Business,2,3.0
2952,1231,2021,2,Couples,106,5.0
2953,419,2021,7,Friends,119,3.0
2954,499,2019,9,Couples,109,3.0
2955,1646,2021,4,Business,79,3.0
2956,756,2020,12,Couples,3,4.0
2957,397,2023,11,Friends,74,4.0
2958,1427,2020,3,Couples,97,4.0
2959,1434,2024,1,Family,86,4.0
2960,1653,2019,7,Family,87,4.0
2961,1520,2021,11,Couples,78,4.0
2962,1984,2020,9,Business,83,3.0
2963,1150,2021,10,Couples,49,4.0
2964,574,2023,9,Couples,91,5.0
2965,1726,2024,2,SOLO,43,4.0
2966,530,2023,1,Friends,74,4.0
2967,583,2022,1,Friends,63,5.0
2968,1657,2022,12,Friends,108,3.0
2969,1764,2024,12,Business,135,3.0
2970,679,2024,11,Friends,95,5.0
2971,1459,2023,1,Family,21,
2972,1845,2019,11,Friends,101,4.0
2973,1598,2020,12,Solo,49,3.0
2974,10,2020,10,Couples,8,5.0
2975,1330,2020,6,Family,29,4.0
2976,340,2024,2,Couples,150,4.0
2977,1693,2019,5,Friends,65,4.0
2978,135,2024,3,Couples,31,5.0
2979,1987,2023,8,Couples,21,4.0
2980,355,2022,11,Friends,98,4.0
2981,841,2020,6,Business,115,4.0
2982,469,2020,1,Family,53,4.0
2983,1628,2023,5,Family,16,4.0
2984,787,2023,10,Family,54,4.0
2985,1490,2022,8,Business,100,4.0
2986,135,2022,1,Business,18,2.0
2987,906,2023,5,Family,41,4.0
2988,1823,2023,5,Family,1,5.0
2989,1854,2023,1,Solo,71,3.0
2990,418,2020,5,Friends,26,5.0
2991,789,2019,10,Family,30,4.0
2992,819,2021,2,Couples,17,4.0
2993,1131,2021,7,Solo,110,4.0
2994,1075,2021,8,Couples,74,3.0
2995,212,2022,9,Solo,143,
2996,1526,2024,4,Solo,60,4.0
2997,452,2023,7,SOLO,34,3.0
2998,630,2023,9,Couples,31,5.0
2999,1682,2023,8,Business,143,2.0
3000,1380,2021,11,Family,89,3.0
3001,794,2022,3,Family,49,5.0
3002,1825,2021,2,Couples,99,5.0
3003,789,2023,12,Family,84,4.0
3004,1131,2024,9,Family,18,3.0
3005,492,2021,6,Couples,106,4.0
3006,367,2023,7,Couples,18,4.0
3007,984,2019,12,Family,30,3.0
3008,1127,2021,11,Business,107,4.0
3009,1612,2024,10,Family,67,4.0
3010,782,2023,8,Friends,34,3.0
3011,1791,2022,9,FRIENDS,11,4.0
3012,1215,2020,7,Friends,90,3.0
3013,141,2023,6,Family,105,3.0
3014,1479,2024,9,Friends,31,4.0
3015,1150,2021,1,Family,63,3.0
3016,779,2023,10,Friends,52,4.0
3017,935,2022,4,Business,134,4.0
3018,604,2021,7,Friends,119,4.0
3019,1229,2020,8,Business,42,4.0
3020,1134,2022,4,Business,78,4.0
3021,895,2021,4,Family,139,4.0
3022,571,2022,3,Business,52,4.0
3023,798,2019,2,COUPLES,22,3.0
3024,996,2021,11,Friends,45,4.0
3025,944,2023,7,Family,92,3.0
3026,619,2024,9,Friends,149,5.0
3027,1164,2020,2,Friends,47,4.0
3028,454,2022,11,Family,9,3.0
3029,1002,2020,4,Solo,28,3.0
3030,244,2023,6,Couples,62,3.0
3031,945,2021,7,Business,15,3.0
3032,1568,2023,9,Couples,6,4.0
3033,1636,2021,2,Friends,99,4.0
3034,1390,2020,11,Business,124,2.0
3035,1492,2022,2,Family,35,4.0
3036,132,2022,8,Family,79,5.0
3037,683,2023,3,Friends,86,3.0
3038,1309,2023,12,Friends,101,5.0
3039,1602,2023,8,Couples,147,3.0
3040,1166,2024,12,Couples,133,4.0
3041,1708,2021,12,Family,48,4.0
3042,547,2022,4,Friends,147,3.0
3043,307,2021,3,Couples,6,5.0
3044,173,2022,2,Friends,145,5.0
3045,1166,2019,9,COUPLES,22,4.0
3046,1331,2024,1,Couples,18,4.0
3047,571,2022,3,Couples,18,4.0
3048,1568,2022,11,Friends,19,5.0
3049,1479,2024,8,Friends,70,3.0
3050,721,2021,6,Family,97,3.0
3051,478,2021,2,Friends,112,5.0
3052,1485,2022,11,Family,3,3.0
3053,1343,2024,11,Couples,45,5.0
3054,342,2020,1,Friends,20,3.0
3055,511,2019,9,Business,22,3.0
3056,972,2019,4,Solo,112,4.0
3057,1023,2023,9,Friends,97,4.0
3058,332,2019,4,Friends,32,3.0
3059,1898,2023,1,Family,46,4.0
3060,778,2024,10,FRIENDS,139,3.0
3061,763,2023,11,Business,87,3.0
3062,122,2020,9,Family,36,4.0
3063,1752,2022,2,Couples,141,4.0
3064,471,2021,6,Family,30,3.0
3065,1974,2019,7,Family,44,3.0
3066,993,2020,10,Couples,104,3.0
3067,1750,2023,10,Couples,77,5.0
3068,359,2022,11,Family,11,4.0
3069,332,2021,8,SOLO,122,3.0
3070,1603,2023,12,Family,35,5.0
3071,1640,2022,10,Family,104,4.0
3072,1087,2024,3,Solo,51,
3073,65,2019,9,Friends,113,3.0
3074,1888,2020,2,Friends,135,5.0
3075,787,2020,10,Family,116,4.0
3076,1872,2021,3,Family,139,5.0
3077,1742,2024,4,Couples,81,4.0
3078,1703,2021,7,Friends,10,3.0
3079,1378,2020,5,Couples,81,3.0
3080,1347,2019,8,Friends,70,5.0
3081,1066,2021,7,Friends,108,3.0
3082,50,2020,8,Family,38,5.0
3083,776,2020,8,Couples,105,3.0
3084,1462,2019,3,Business,67,4.0
3085,1625,2022,9,Family,101,4.0
3086,1120,2023,12,Couples,63,4.0
3087,1420,2023,7,Business,58,3.0
3088,44,2019,8,Couples,33,3.0
3089,937,2024,9,Family,125,5.0
3090,1016,2022,2,Family,11,4.0
3091,1785,2022,2,Couples,36,3.0
3092,623,2024,7,Family,65,3.0
3093,460,2020,5,Family,24,4.0
3094,705,2022,9,Family,138,4.0
3095,341,2019,11,Friends,52,3.0
3096,1117,2021,10,Business,37,4.0
3097,1286,2020,3,Family,39,2.0
3098,1603,2020,4,Couples,29,4.0
3099,1944,2022,2,Couples,100,4.0
3100,148,2019,2,Family,73,4.0
3101,495,2024,9,Family,35,5.0
3102,602,2020,9,Family,131,4.0
3103,500,2019,3,Solo,99,4.0
3104,1655,2021,9,Friends,61,3.0
3105,279,2021,6,COUPLES,77,5.0
3106,60,2022,11,Family,99,4.0
3107,1722,2023,9,Family,23,3.0
3108,1924,2022,4,Family,122,4.0
3109,453,2022,6,Family,39,5.0
3110,666,2023,3,Solo,5,3.0
3111,1007,2022,11,FAMILY,79,4.0
3112,1052,2019,7,Friends,132,3.0
3113,1982,2021,11,Family,110,3.0
3114,809,2023,7,Friends,47,4.0
3115,25,2020,7,Couples,60,5.0
3116,846,2024,3,Business,90,4.0
3117,1113,2021,12,Family,35,5.0
3118,1034,2020,9,FAMILY,124,4.0
3119,1025,2021,4,Business,45,3.0
3120,1846,2022,11,Family,33,4.0
3121,1615,2023,3,Friends,15,4.0
3122,504,2020,2,Friends,104,3.0
3123,711,2020,9,Couples,4,5.0
3124,1336,2019,9,Family,121,4.0
3125,821,2021,7,Friends,146,5.0
3126,857,2024,9,Solo,17,3.0
3127,336,2024,4,BUSINESS,15,4.0
3128,509,2022,4,Business,141,
3129,1482,2022,5,Business,19,3.0
3130,1686,2022,3,Family,62,5.0
3131,1570,2020,3,Friends,131,3.0
3132,616,2021,1,Business,21,3.0
3133,274,2024,3,Family,100,5.0
3134,320,2022,7,Couples,58,3.0
3135,787,2020,5,Business,66,3.0
3136,1036,2019,6,Family,140,5.0
3137,1786,2023,12,Family,98,3.0
3138,1798,2024,1,Couples,48,4.0
3139,6,2019,11,Couples,141,4.0
3140,1416,2021,1,Couples,88,4.0
3141,598,2024,7,Solo,15,4.0
3142,396,2020,2,Friends,59,3.0
3143,1111,2020,6,Family,37,2.0
3144,68,2021,11,Solo,97,3.0
3145,669,2021,1,Family,130,5.0
3146,1105,2021,7,Business,6,4.0
3147,545,2024,6,Family,118,4.0
3148,1187,2024,6,Friends,138,4.0
3149,921,2022,8,Family,150,3.0
3150,1599,2019,4,Solo,100,3.0
3151,364,2020,10,Family,48,4.0
3152,115,2020,3,Solo,22,4.0
3153,1060,2019,5,FRIENDS,142,4.0
3154,514,2021,6,Friends,62,3.0
3155,1414,2019,12,Solo,52,3.0
3156,187,2022,7,COUPLES,111,4.0
3157,1151,2020,11,Family,108,3.0
3158,1980,2023,2,Couples,122,3.0
3159,187,2022,1,Friends,133,4.0
3160,604,2024,7,FAMILY,132,3.0
3161,1689,2021,11,Couples,26,4.0
3162,1068,2019,3,Family,26,4.0
3163,350,2024,3,Couples,31,5.0
3164,427,2020,2,Family,95,5.0
3165,1530,2023,12,Business,88,4.0
3166,1722,2023,2,Solo,129,3.0
3167,722,2024,8,Family,127,
3168,948,2022,5,Solo,123,3.0
3169,1566,2022,5,Couples,12,4.0
3170,354,2021,9,Couples,105,4.0
3171,413,2021,6,SOLO,128,4.0
3172,1549,2023,1,Family,148,4.0
3173,374,2022,7,Business,52,4.0
3174,1542,2019,1,Friends,117,3.0
3175,995,2021,11,Couples,61,4.0
3176,1981,2024,12,Couples,25,3.0
3177,66,2020,11,Friends,51,4.0
3178,1892,2021,5,Friends,38,4.0
3179,451,2024,5,Family,137,3.0
3180,71,2020,8,Business,27,3.0
3181,1449,2023,11,Couples,20,4.0
3182,1066,2023,10,Couples,87,3.0
3183,1675,2020,6,Family,87,3.0
3184,217,2024,10,Business,85,3.0
3185,162,2021,6,Family,23,5.0
3186,1135,2020,10,Friends,75,2.0
3187,1765,2020,3,Solo,140,4.0
3188,812,2020,6,Friends,14,3.0
3189,1596,2022,10,Couples,120,5.0
3190,1813,2020,3,Family,19,4.0
3191,1740,2021,8,Solo,36,4.0
3192,1018,2023,4,Business,135,3.0
3193,1397,2024,6,Couples,45,4.0
3194,1052,2023,4,Couples,79,4.0
3195,1349,2022,8,Family,58,4.0
3196,1135,2023,10,Solo,93,3.0
3197,1051,2021,11,Family,61,3.0
3198,874,2020,5,Family,67,3.0
3199,1306,2023,3,Family,123,4.0
3200,1503,2019,12,Friends,84,4.0
3201,1839,2024,5,Couples,85,4.0
3202,1227,2021,8,Family,121,3.0
3203,202,2023,5,Solo,65,3.0
3204,1175,2019,11,Solo,124,3.0
3205,632,2021,1,Couples,108,4.0
3206,54,2021,1,Business,133,3.0
3207,145,2021,5,Solo,69,2.0
3208,1183,2022,5,Solo,84,3.0
3209,1890,2022,10,Business,20,3.0
3210,1012,2024,6,Business,17,3.0
3211,891,2023,4,Couples,17,4.0
3212,178,2020,1,Family,95,4.0
3213,1351,2024,10,Couples,49,5.0
3214,111,2021,7,Couples,44,4.0
3215,1683,2021,12,Friends,91,3.0
3216,1633,2019,4,Couples,60,4.0
3217,1983,2023,3,Solo,21,3.0
3218,569,2024,4,Family,84,5.0
3219,324,2020,5,Family,83,3.0
3220,600,2024,2,Solo,21,3.0
3221,1600,2019,2,Business,41,3.0
3222,438,2024,10,Business,36,3.0
3223,1775,2020,9,FAMILY,105,3.0
3224,309,2021,7,Family,38,4.0
3225,98,2019,6,Family,5,4.0
3226,439,2024,6,Solo,41,3.0
3227,1509,2022,8,Solo,71,3.0
3228,1205,2024,4,Business,116,3.0
3229,710,2021,10,Couples,8,4.0
3230,1313,2019,1,Family,133,3.0
3231,1298,2023,10,Solo,50,4.0
3232,1110,2019,10,Couples,52,5.0
3233,1029,2022,7,Couples,3,3.0
3234,203,2019,4,Couples,42,4.0
3235,520,2020,11,Solo,71,3.0
3236,1056,2022,10,Couples,94,4.0
3237,271,2023,12,Family,116,3.0
3238,952,2019,1,Business,79,4.0
3239,234,2020,8,Family,16,4.0
3240,1575,2024,1,Couples,59,3.0
3241,207,2019,1,Family,111,5.0
3242,186,2020,1,Business,96,3.0
3243,1276,2024,10,Business,88,3.0
3244,442,2022,9,Business,77,3.0
3245,703,2019,11,Friends,76,2.0
3246,629,2024,8,Friends,149,5.0
3247,434,2021,7,Business,90,3.0
3248,1524,2023,3,Couples,90,5.0
3249,1384,2022,9,Family,51,3.0
3250,478,2021,11,Business,74,3.0
3251,1374,2021,5,Friends,107,4.0
3252,1427,2022,9,Couples,129,3.0
3253,1079,2021,7,Family,117,3.0
3254,1157,2020,7,Family,100,3.0
3255,1870,2023,10,Solo,117,3.0
3256,908,2023,4,Friends,5,3.0
3257,771,2022,11,Business,41,4.0
3258,1079,2023,12,Couples,37,3.0
3259,1672,2022,2,Family,99,4.0
3260,1420,2024,7,Business,114,3.0
3261,151,2024,1,Couples,23,4.0
3262,919,2024,5,Solo,29,4.0
3263,1480,2019,5,Couples,75,4.0
3264,448,2019,8,Friends,146,4.0
3265,1977,2021,5,Couples,1,4.0
3266,1617,2023,5,Business,132,2.0
3267,1694,2020,10,Business,30,3.0
3268,164,2019,10,Business,41,3.0
3269,1160,2019,1,Couples,95,4.0
3270,1056,2022,5,Solo,110,3.0
3271,1254,2024,10,Family,132,3.0
3272,1701,2021,2,Business,1,4.0
3273,707,2023,7,Business,8,3.0
3274,1068,2019,6,Solo,72,4.0
3275,1359,2020,9,Couples,84,4.0
3276,1507,2023,9,Couples,40,3.0
3277,1541,2021,7,Friends,96,4.0
3278,674,2019,5,Family,40,4.0
3279,1997,2020,10,Couples,140,4.0
3280,20,2023,5,Family,27,2.0
3281,985,2023,6,Couples,99,5.0
3282,1218,2023,6,Family,80,4.0
3283,123,2021,5,Business,16,4.0
3284,903,2024,8,Friends,91,5.0
3285,1192,2024,8,Family,23,4.0
3286,1216,2021,11,Business,81,3.0
3287,239,2020,6,Family,96,2.0
3288,556,2024,10,Couples,11,4.0
3289,490,2021,4,Solo,33,3.0
3290,1280,2021,12,Business,45,3.0
3291,658,2024,11,Couples,140,3.0
3292,1143,2020,8,Friends,34,3.0
3293,1463,2024,9,Couples,139,3.0
3294,1595,2019,7,Couples,81,4.0
3295,368,2020,3,Friends,143,4.0
3296,1808,2021,12,Friends,125,
3297,332,2021,9,Couples,44,5.0
3298,44,2020,6,FAMILY,84,4.0
3299,90,2024,4,Family,108,5.0
3300,403,2022,9,Friends,12,4.0
3301,1747,2023,6,Family,100,4.0
3302,416,2023,10,Family,69,4.0
3303,1388,2022,3,Friends,6,3.0
3304,837,2022,7,Couples,131,3.0
3305,80,2022,2,Family,40,3.0
3306,889,2023,9,Family,132,3.0
3307,57,2024,5,FAMILY,32,5.0
3308,953,2020,3,Family,82,4.0
3309,1118,2022,7,Couples,56,3.0
3310,1043,2020,7,Family,134,4.0
3311,566,2020,4,Family,143,
3312,1534,2024,12,Friends,116,3.0
3313,1194,2021,1,Business,127,3.0
3314,510,2023,4,FRIENDS,116,4.0
3315,870,2023,3,Business,45,3.0
3316,218,2019,12,Friends,139,4.0
3317,1847,2021,3,Family,80,3.0
3318,1507,2020,3,Family,52,4.0
3319,576,2020,8,Solo,29,4.0
3320,1350,2020,4,Family,107,3.0
3321,1359,2022,4,Business,42,4.0
3322,1220,2019,3,Family,98,5.0
3323,109,2021,7,Family,10,5.0
3324,1758,2020,9,Friends,96,3.0
3325,1912,2024,6,Couples,97,4.0
3326,1949,2023,11,Business,79,3.0
3327,1962,2021,4,Couples,99,3.0
3328,1858,2020,11,Family,150,4.0
3329,1479,2023,9,Family,126,3.0
3330,114,2022,1,Friends,66,4.0
3331,931,2022,9,Couples,131,5.0
3332,491,2019,12,Family,144,5.0
3333,440,2019,9,SOLO,25,4.0
3334,1662,2022,4,Couples,54,3.0
3335,1626,2021,6,Family,112,4.0
3336,1045,2023,11,Solo,78,3.0
3337,1473,2019,4,Business,21,4.0
3338,259,2020,6,Family,71,
3339,444,2023,8,Couples,57,4.0
3340,1721,2024,10,Business,111,4.0
3341,903,2023,12,Friends,78,3.0
3342,1094,2019,9,Couples,21,4.0
3343,926,2019,6,Friends,8,4.0
3344,405,2024,5,Family,44,4.0
3345,1653,2021,8,Business,24,3.0
3346,1517,2021,1,Couples,132,3.0
3347,1368,2024,6,Friends,41,3.0
3348,707,2020,5,Couples,96,4.0
3349,1287,2020,12,Couples,20,3.0
3350,1907,2023,11,Couples,67,4.0
3351,1300,2024,4,Family,141,4.0
3352,989,2021,8,Couples,97,4.0
3353,541,2019,6,Solo,44,3.0
3354,1046,2019,10,BUSINESS,113,2.0
3355,744,2019,6,Couples,76,3.0
3356,1223,2021,8,Family,36,4.0
3357,92,2022,9,Couples,150,4.0
3358,381,2021,10,Friends,141,3.0
3359,1574,2020,9,Solo,85,3.0
3360,762,2023,4,Family,5,3.0
3361,866,2024,9,Friends,62,3.0
3362,1088,2020,4,Friends,78,5.0
3363,877,2023,9,COUPLES,140,4.0
3364,1518,2022,12,Business,110,4.0
3365,491,2023,6,Family,34,4.0
3366,1517,2019,11,Solo,77,3.0
3367,419,2023,2,Friends,27,4.0
3368,742,2023,6,Family,72,4.0
3369,1176,2023,11,Business,81,4.0
3370,1772,2024,9,FRIENDS,77,4.0
3371,466,2023,4,Family,65,4.0
3372,1175,2024,7,Solo,66,4.0
3373,129,2023,2,Friends,120,4.0
3374,151,2021,10,Business,76,3.0
3375,1536,2024,2,Family,7,4.0
3376,1438,2023,7,Family,112,5.0
3377,753,2022,6,Family,93,4.0
3378,1246,2022,8,Family,105,4.0
3379,761,2021,6,Friends,107,4.0
3380,555,2022,2,Friends,26,3.0
3381,863,2021,8,Business,146,4.0
3382,624,2019,11,Business,149,3.0
3383,1631,2021,8,Couples,22,5.0
3384,824,2024,1,Family,33,3.0
3385,642,2020,2,Family,37,3.0
3386,1073,2023,4,Family,145,5.0
3387,1517,2021,4,Family,140,4.0
3388,548,2020,2,Friends,40,3.0
3389,1880,2021,11,Business,95,3.0
3390,928,2024,9,Family,37,3.0
3391,1322,2019,10,Friends,6,4.0
3392,1915,2023,12,Couples,35,4.0
3393,864,2023,11,COUPLES,12,4.0
3394,400,2020,3,Family,128,4.0
3395,1496,2023,1,Couples,118,3.0
3396,14,2022,9,FAMILY,28,4.0
3397,916,2021,11,Solo,86,3.0
3398,1960,2020,9,Business,31,3.0
3399,829,2024,11,Solo,85,3.0
3400,1369,2020,8,Couples,135,4.0
3401,1051,2024,6,Family,132,3.0
3402,430,2022,2,Business,125,
3403,636,2024,9,Friends,37,3.0
3404,1048,2020,4,Solo,29,4.0
3405,209,2019,4,Couples,25,5.0
3406,830,2022,11,Solo,20,3.0
3407,830,2021,8,Friends,93,4.0
3408,1670,2022,6,Solo,99,4.0
3409,248,2021,10,Family,133,5.0
3410,1686,2020,9,FAMILY,14,4.0
3411,821,2023,6,Solo,40,3.0
3412,1303,2022,12,FRIENDS,110,4.0
3413,1114,2022,1,Friends,103,4.0
3414,600,2023,6,Couples,65,4.0
3415,1862,2023,5,Couples,23,4.0
3416,449,2020,2,Family,73,3.0
3417,73,2023,9,Couples,26,5.0
3418,1501,2020,2,Family,81,4.0
3419,1243,2024,9,Friends,136,3.0
3420,1782,2023,10,Family,30,4.0
3421,916,2022,6,Solo,18,4.0
3422,34,2020,3,Couples,111,4.0
3423,41,2024,12,Couples,4,5.0
3424,867,2022,9,Couples,148,4.0
3425,500,2023,2,Solo,117,2.0
3426,1845,2019,9,Family,61,4.0
3427,237,2021,2,Solo,55,2.0
3428,1762,2020,8,Couples,59,4.0
3429,434,2023,4,Couples,60,5.0
3430,239,2021,8,Friends,126,5.0
3431,550,2019,10,Family,120,4.0
3432,289,2022,10,Family,31,4.0
3433,803,2019,10,Family,27,5.0
3434,661,2021,9,Family,82,3.0
3435,1059,2024,10,Friends,98,4.0
3436,1075,2021,11,Couples,110,4.0
3437,2,2021,11,Business,48,3.0
3438,250,2019,10,Business,73,3.0
3439,324,2021,6,Family,16,4.0
3440,390,2024,4,Friends,69,4.0
3441,188,2024,4,Family,104,5.0
3442,630,2024,8,Solo,46,3.0
3443,1100,2021,8,Family,48,3.0
3444,618,2019,6,Family,70,2.0
3445,659,2020,5,Family,130,5.0
3446,940,2020,9,Friends,91,3.0
3447,1097,2019,7,Business,138,4.0
3448,662,2023,1,Family,10,4.0
3449,444,2022,2,Family,128,4.0
3450,819,2023,4,Solo,7,3.0
3451,49,2020,5,Couples,49,4.0
3452,986,2023,9,Business,64,4.0
3453,1883,2019,6,Family,36,4.0
3454,796,2023,6,Family,149,4.0
3455,217,2023,2,Couples,134,3.0
3456,1415,2020,1,Family,86,4.0
3457,254,2020,12,Family,68,3.0
3458,388,2021,11,Couples,115,3.0
3459,294,2022,1,Family,107,5.0
3460,1768,2022,6,Business,73,4.0
3461,1963,2019,12,Friends,125,
3462,1140,2021,9,Couples,29,5.0
3463,1236,2022,1,Family,42,3.0
3464,1291,2022,6,Family,3,5.0
3465,1221,2022,11,Couples,18,5.0
3466,1089,2022,4,Friends,30,3.0
3467,1974,2021,7,Family,94,4.0
3468,1467,2022,4,Couples,129,4.0
3469,177,2021,3,Solo,89,3.0
3470,784,2020,11,Friends,67,4.0
3471,1950,2020,3,Friends,41,3.0
3472,808,2021,7,Family,16,5.0
3473,409,2019,5,Family,88,3.0
3474,1737,2020,8,Couples,22,4.0
3475,1247,2019,10,Couples,119,3.0
3476,1126,2021,7,Family,62,4.0
3477,841,2021,2,Friends,53,4.0
3478,249,2019,4,FAMILY,4,3.0
3479,768,2019,3,Friends,37,3.0
3480,875,2022,9,Couples,3,3.0
3481,1863,2020,9,Couples,109,3.0
3482,615,2024,2,Family,74,3.0
3483,299,2019,8,Friends,118,4.0
3484,856,2021,6,BUSINESS,85,3.0
3485,1995,2023,6,Couples,144,3.0
3486,965,2019,11,Friends,118,3.0
3487,759,2021,1,Family,23,4.0
3488,1334,2021,9,Couples,18,4.0
3489,1298,2022,7,Family,134,3.0
3490,599,2024,4,Solo,41,3.0
3491,1936,2022,3,Family,115,4.0
3492,1186,2021,2,Friends,95,4.0
3493,116,2021,8,Couples,106,5.0
3494,816,2022,8,Family,41,4.0
3495,1846,2020,4,Couples,47,3.0
3496,787,2023,5,Solo,84,3.0
3497,1136,2021,12,Couples,4,5.0
3498,1226,2019,9,Solo,47,5.0
3499,1409,2022,8,Family,77,4.0
3500,1745,2020,2,FAMILY,31,4.0
3501,299,2021,7,Family,43,3.0
3502,1034,2020,5,Couples,148,5.0
3503,1067,2019,11,Couples,44,4.0
3504,305,2020,3,Couples,136,5.0
3505,1348,2024,12,Friends,140,4.0
3506,237,2020,12,Friends,102,3.0
3507,913,2023,10,Solo,23,3.0
3508,661,2021,7,Business,31,3.0
3509,310,2019,8,Friends,141,4.0
3510,1645,2024,11,Couples,1,4.0
3511,489,2024,11,Family,76,3.0
3512,511,2020,10,Couples,90,5.0
3513,1709,2020,3,Solo,126,4.0
3514,1755,2024,5,Family,135,4.0
3515,69,2019,10,Family,43,4.0
3516,556,2024,2,Couples,76,3.0
3517,1418,2020,9,Family,96,4.0
3518,1557,2024,5,Business,145,4.0
3519,1999,2024,7,FAMILY,84,5.0
3520,1110,2020,12,Family,19,3.0
3521,15,2020,11,Business,139,3.0
3522,1748,2019,5,Business,77,3.0
3523,323,2023,9,Couples,27,4.0
3524,242,2021,1,Family,29,4.0
3525,1349,2022,9,Couples,31,4.0
3526,1208,2022,2,Business,109,2.0
3527,120,2022,11,Business,143,4.0
3528,339,2020,4,Couples,67,4.0
3529,1180,2021,9,Family,15,4.0
3530,511,2022,8,Family,134,4.0
3531,1369,2019,4,Couples,96,3.0
3532,824,2021,11,Family,86,4.0
3533,1177,2023,3,Family,10,4.0
3534,950,2021,11,COUPLES,146,4.0
3535,731,2021,7,Solo,12,4.0
3536,685,2024,6,Family,92,4.0
3537,1395,2022,3,Family,90,3.0
3538,1029,2023,1,Family,78,3.0
3539,1189,2019,9,Family,83,5.0
3540,1155,2024,9,Couples,60,4.0
3541,416,2023,11,Business,86,3.0
3542,1827,2023,12,Friends,55,4.0
3543,1127,2023,4,Solo,72,5.0
3544,1437,2022,7,Solo,102,3.0
3545,1764,2022,11,Family,112,3.0
3546,1850,2022,7,Solo,24,4.0
3547,1334,2021,9,Friends,149,4.0
3548,1575,2023,9,Family,15,4.0
3549,944,2021,12,Solo,42,4.0
3550,1476,2023,5,Solo,53,3.0
3551,644,2021,3,Family,49,4.0
3552,1424,2021,11,Friends,53,4.0
3553,172,2019,6,Friends,49,4.0
3554,1829,2024,3,Family,66,4.0
3555,490,2023,8,Family,115,4.0
3556,1314,2020,11,Business,125,3.0
3557,23,2019,10,Solo,53,3.0
3558,312,2024,5,Business,39,3.0
3559,1974,2019,11,BUSINESS,102,3.0
3560,1667,2021,1,Couples,9,5.0
3561,445,2019,11,Couples,67,3.0
3562,262,2023,3,Couples,34,4.0
3563,1630,2020,3,Business,92,4.0
3564,1981,2021,4,Friends,12,4.0
3565,338,2022,6,Family,125,3.0
3566,1328,2021,1,Solo,41,3.0
3567,568,2023,9,Friends,78,5.0
3568,1489,2022,2,Family,86,2.0
3569,837,2021,2,Couples,72,3.0
3570,251,2020,1,Couples,68,4.0
3571,649,2021,12,Solo,41,3.0
3572,1078,2020,1,Family,116,4.0
3573,1597,2022,9,Friends,78,4.0
3574,43,2023,8,SOLO,33,2.0
3575,1916,2022,10,Couples,40,4.0
3576,1300,2019,6,Solo,66,3.0
3577,1751,2024,11,Friends,127,5.0
3578,1861,2023,6,Family,145,3.0
3579,308,2023,3,Solo,59,2.0
3580,188,2019,11,Family,60,4.0
3581,1554,2023,6,Couples,20,4.0
3582,376,2021,1,Couples,82,4.0
3583,296,2024,8,Friends,36,4.0
3584,938,2023,4,Friends,123,3.0
3585,1827,2024,10,Couples,81,4.0
3586,1592,2019,2,Couples,34,4.0
3587,1036,2022,9,Business,138,5.0
3588,393,2023,10,Family,123,4.0
3589,673,2022,2,Family,46,4.0
3590,1377,2023,8,Friends,19,3.0
3591,315,2023,8,Business,40,4.0
3592,1049,2019,12,Business,57,3.0
3593,24,2020,4,Business,61,2.0
3594,651,2022,6,Solo,124,4.0
3595,496,2021,5,Family,146,4.0
3596,1363,2021,5,Couples,113,5.0
3597,1829,2024,12,Business,127,4.0
3598,293,2019,8,Business,19,3.0
3599,1595,2022,2,Friends,23,4.0
3600,1312,2020,11,Family,137,4.0
3601,1940,2019,2,Friends,93,4.0
3602,1824,2021,11,Couples,36,4.0
3603,202,2021,5,Family,119,3.0
3604,1487,2021,9,Family,27,3.0
3605,1185,2019,11,Couples,116,4.0
3606,227,2023,11,Couples,133,3.0
3607,515,2021,2,Business,74,3.0
3608,1854,2022,5,Friends,99,4.0
3609,1086,2022,1,Family,110,3.0
3610,677,2022,8,Family,133,3.0
3611,641,2022,6,Family,88,3.0
3612,1676,2020,12,Couples,45,4.0
3613,567,2021,8,FRIENDS,31,4.0
3614,318,2022,6,Friends,54,3.0
3615,1148,2019,2,Couples,9,3.0
3616,1986,2023,4,Friends,105,2.0
3617,367,2021,10,Couples,56,4.0
3618,511,2020,2,Family,107,5.0
3619,939,2019,11,Family,10,4.0
3620,400,2020,8,Friends,49,4.0
3621,1302,2021,7,Couples,60,5.0
3622,508,2024,6,COUPLES,14,3.0
3623,257,2022,1,Solo,125,4.0
3624,523,2021,3,Solo,90,3.0
3625,1862,2019,7,Friends,127,4.0
3626,1870,2020,6,Couples,121,4.0
3627,1012,2024,3,Family,6,4.0
3628,801,2019,10,Family,130,4.0
3629,1640,2022,6,Business,11,3.0
3630,389,2022,5,Business,131,4.0
3631,1308,2020,10,Friends,101,4.0
3632,1361,2024,2,Business,123,3.0
3633,1421,2021,1,Couples,75,4.0
3634,436,2022,4,Couples,25,5.0
3635,1433,2019,1,FAMILY,23,4.0
3636,1224,2024,5,Friends,18,3.0
3637,1751,2019,2,Couples,121,4.0
3638,349,2020,8,Friends,81,2.0
3639,1228,2024,1,Couples,33,4.0
3640,1660,2022,3,Couples,19,5.0
3641,557,2023,4,Couples,12,4.0
3642,1488,2020,8,Family,39,4.0
3643,200,2023,5,Solo,113,4.0
3644,1437,2024,10,Friends,134,4.0
3645,1213,2022,10,Couples,92,3.0
3646,386,2020,5,Solo,150,3.0
3647,133,2024,1,Family,60,5.0
3648,1491,2019,12,Family,50,4.0
3649,483,2024,5,Solo,104,3.0
3650,995,2019,7,Friends,21,4.0
3651,122,2019,12,Friends,137,4.0
3652,1927,2019,8,COUPLES,118,3.0
3653,1098,2020,7,Business,6,4.0
3654,1864,2023,5,Friends,29,4.0
3655,321,2021,10,Family,95,4.0
3656,412,2019,3,Friends,111,3.0
3657,1221,2021,6,Friends,33,4.0
3658,1209,2024,5,Solo,113,4.0
3659,1582,2022,2,Couples,72,4.0
3660,1857,2023,4,Couples,102,4.0
3661,1644,2020,3,Couples,64,4.0
3662,281,2022,2,Business,69,3.0
3663,620,2023,10,Family,59,3.0
3664,1828,2023,9,Family,24,4.0
3665,1098,2019,11,Business,29,3.0
3666,1735,2022,1,Family,26,4.0
3667,1127,2023,6,Couples,121,3.0
3668,100,2019,8,Family,64,4.0
3669,946,2021,6,Family,57,4.0
3670,1650,2022,1,Couples,129,3.0
3671,1311,2019,6,Family,134,4.0
3672,266,2023,2,Family,36,5.0
3673,421,2024,1,Family,54,3.0
3674,1709,2022,9,Family,62,3.0
3675,1959,2021,2,Business,126,4.0
3676,1506,2019,4,Friends,101,4.0
3677,197,2023,12,Solo,82,4.0
3678,1239,2024,12,Business,36,3.0
3679,1659,2024,1,Couples,58,4.0
3680,1281,2022,5,Friends,5,3.0
3681,1189,2019,5,Friends,106,4.0
3682,935,2020,8,Couples,138,4.0
3683,490,2020,9,Family,118,3.0
3684,562,2019,1,Solo,47,4.0
3685,1492,2019,6,COUPLES,73,4.0
3686,140,2022,4,Family,144,4.0
3687,169,2019,12,Friends,64,
3688,794,2019,4,Business,126,3.0
3689,1549,2024,1,Solo,87,2.0
3690,1315,2022,8,SOLO,75,4.0
3691,1180,2023,11,Friends,88,3.0
3692,1069,2020,10,Family,34,2.0
3693,222,2021,2,Family,64,4.0
3694,664,2022,9,Family,46,3.0
3695,160,2023,3,Couples,114,4.0
3696,1517,2021,2,Couples,92,5.0
3697,1502,2024,7,Business,60,3.0
3698,517,2023,10,Couples,124,4.0
3699,586,2020,11,Friends,68,4.0
3700,635,2019,8,Friends,143,5.0
3701,1779,2019,5,Couples,91,4.0
3702,978,2024,8,Family,133,3.0
3703,1525,2023,4,Family,149,3.0
3704,898,2021,2,Family,50,3.0
3705,1397,2023,5,Family,40,3.0
3706,1057,2024,3,Couples,126,4.0
3707,558,2019,2,BUSINESS,35,4.0
3708,1753,2024,9,Couples,113,3.0
3709,1418,2021,11,Solo,27,4.0
3710,1539,2021,9,Solo,131,3.0
3711,1897,2019,11,Family,104,3.0
3712,498,2023,6,Family,79,3.0
3713,184,2022,9,Family,68,4.0
3714,1165,2019,3,Family,96,3.0
3715,653,2022,6,Couples,59,4.0
3716,872,2019,2,Business,60,3.0
3717,470,2020,8,Business,31,4.0
3718,797,2022,6,Solo,24,
3719,787,2023,7,Friends,134,4.0
3720,702,2019,11,Family,113,4.0
3721,1485,2021,1,Friends,67,4.0
3722,1186,2020,6,Family,125,3.0
3723,949,2023,5,Family,92,4.0
3724,226,2023,9,Friends,90,4.0
3725,1142,2022,8,Business,17,4.0
3726,351,2023,9,Couples,81,3.0
3727,629,2021,11,Family,17,4.0
3728,830,2022,4,Business,103,3.0
3729,283,2020,5,Family,11,3.0
3730,779,2024,5,Friends,78,3.0
3731,534,2020,10,FRIENDS,56,3.0
3732,1700,2024,6,Couples,20,3.0
3733,1720,2023,10,Couples,71,5.0
3734,10,2024,3,Solo,31,4.0
3735,1205,2022,12,Solo,37,2.0
3736,1282,2021,6,Couples,134,4.0
3737,756,2020,12,Friends,53,3.0
3738,939,2020,6,Friends,61,3.0
3739,1580,2024,1,Couples,1,4.0
3740,756,2019,4,Couples,46,5.0
3741,129,2023,6,Solo,53,4.0
3742,746,2023,2,Friends,108,3.0
3743,508,2019,10,Family,18,4.0
3744,766,2024,5,Solo,140,4.0
3745,461,2019,10,Friends,20,4.0
3746,300,2019,12,Business,98,3.0
3747,1971,2022,1,Family,1,4.0
3748,258,2019,4,Friends,123,3.0
3749,1413,2019,8,Business,105,4.0
3750,1436,2022,11,Business,126,4.0
3751,1236,2024,11,Friends,140,5.0
3752,1823,2019,3,Friends,126,3.0
3753,10,2022,3,COUPLES,94,4.0
3754,604,2022,3,Couples,126,4.0
3755,369,2019,5,Friends,15,4.0
3756,1154,2019,8,Couples,97,4.0
3757,1272,2021,5,Business,149,4.0
3758,1796,2023,9,Solo,57,3.0
3759,760,2020,5,Friends,147,3.0
3760,472,2021,8,Family,76,2.0
3761,1849,2021,7,Family,71,4.0
3762,1346,2023,4,Family,46,4.0
3763,1530,2020,1,Couples,17,4.0
3764,890,2023,3,Solo,132,3.0
3765,895,2023,10,Family,109,3.0
3766,779,2022,9,Family,61,2.0
3767,1500,2023,2,Family,145,4.0
3768,422,2020,5,Family,28,3.0
3769,1951,2024,10,Couples,117,4.0
3770,352,2020,10,Family,68,4.0
3771,922,2020,1,Family,94,4.0
3772,630,2022,10,Friends,6,3.0
3773,1286,2021,10,Friends,92,5.0
3774,1362,2021,2,Business,102,5.0
3775,1838,2023,5,Family,147,3.0
3776,1579,2022,1,Couples,52,4.0
3777,498,2021,8,Family,11,4.0
3778,414,2023,11,Friends,10,4.0
3779,1774,2021,3,Friends,23,4.0
3780,976,2024,5,Couples,45,3.0
3781,196,2024,7,Friends,125,3.0
3782,1650,2021,1,Business,30,3.0
3783,1297,2023,4,Business,22,4.0
3784,52,2023,3,Couples,5,4.0
3785,1566,2024,1,Couples,58,3.0
3786,1215,2021,9,Family,91,4.0
3787,1230,2021,9,Couples,43,5.0
3788,1730,2020,1,Family,75,2.0
3789,992,2022,2,Business,37,3.0
3790,923,2022,1,Family,121,5.0
3791,1235,2021,12,Couples,4,5.0
3792,396,2020,7,Couples,31,4.0
3793,304,2021,7,Family,85,5.0
3794,1688,2022,2,BUSINESS,127,4.0
3795,432,2019,1,Couples,61,4.0
3796,1009,2022,12,FRIENDS,11,4.0
3797,540,2024,12,Couples,83,4.0
3798,461,2020,7,Friends,41,3.0
3799,1196,2021,2,Couples,46,4.0
3800,1605,2019,1,Friends,139,5.0
3801,884,2022,11,Couples,142,3.0
3802,278,2021,7,Solo,39,2.0
3803,489,2024,4,Couples,89,5.0
3804,330,2024,1,SOLO,82,3.0
3805,1766,2023,7,Couples,145,4.0
3806,640,2020,11,Friends,142,3.0
3807,748,2020,11,Couples,53,4.0
3808,143,2021,9,Business,4,3.0
3809,893,2022,1,Business,1,4.0
3810,1828,2019,10,Business,1,3.0
3811,820,2021,9,Family,118,3.0
3812,1303,2019,11,Family,111,2.0
3813,364,2020,2,FAMILY,125,4.0
3814,286,2021,11,FAMILY,21,4.0
3815,1464,2019,9,Business,9,3.0
3816,132,2020,10,Family,26,3.0
3817,897,2022,2,Friends,94,4.0
3818,634,2024,11,Couples,2,4.0
3819,33,2023,1,Friends,100,4.0
3820,1063,2020,3,Couples,134,4.0
3821,1929,2024,2,Family,22,3.0
3822,139,2021,3,Friends,111,5.0
3823,1632,2021,8,Family,83,4.0
3824,1079,2024,12,Family,142,3.0
3825,1448,2021,12,Couples,37,4.0
3826,194,2023,2,Family,35,4.0
3827,1739,2019,12,Family,3,4.0
3828,23,2020,2,Solo,106,4.0
3829,1814,2024,9,Friends,131,4.0
3830,1316,2020,3,Business,3,4.0
3831,675,2024,10,Family,74,4.0
3832,15,2021,5,Family,109,4.0
3833,1222,2024,11,Friends,118,2.0
3834,175,2021,7,Couples,140,3.0
3835,1218,2021,7,Friends,109,3.0
3836,1547,2021,6,Family,139,4.0
3837,535,2020,3,Business,150,3.0
3838,478,2024,7,BUSINESS,140,3.0
3839,444,2022,8,Family,66,4.0
3840,450,2022,2,Friends,62,3.0
3841,228,2021,2,Couples,65,2.0
3842,500,2023,6,Couples,143,3.0
3843,1319,2021,10,Couples,43,4.0
3844,606,2020,5,COUPLES,113,4.0
3845,1562,2019,5,Family,94,4.0
3846,1639,2024,12,Couples,10,4.0
3847,1522,2019,4,Friends,73,3.0
3848,1080,2024,5,Couples,30,5.0
3849,633,2021,11,Friends,110,
3850,1860,2019,7,Solo,68,3.0
3851,411,2024,2,Couples,54,3.0
3852,930,2023,3,Solo,10,3.0
3853,908,2023,12,Friends,20,4.0
3854,1492,2022,10,Friends,115,2.0
3855,1094,2023,12,Couples,130,5.0
3856,1600,2019,6,Friends,44,4.0
3857,1839,2020,8,Family,125,4.0
3858,782,2022,2,Couples,83,4.0
3859,1750,2023,9,Solo,53,3.0
3860,340,2022,7,Solo,68,4.0
3861,1833,2021,1,Business,104,3.0
3862,356,2023,11,Family,137,3.0
3863,1701,2019,6,Solo,74,3.0
3864,781,2022,12,Family,52,3.0
3865,1930,2021,11,Family,115,3.0
3866,259,2021,6,Couples,79,4.0
3867,931,2019,1,Family,59,
3868,1804,2024,2,Family,69,3.0
3869,95,2024,4,Friends,81,3.0
3870,531,2024,4,Family,22,4.0
3871,168,2024,5,Family,9,3.0
3872,643,2022,12,Business,100,3.0
3873,781,2020,9,Friends,27,4.0
3874,1238,2019,3,Business,80,3.0
3875,516,2022,9,Family,118,3.0
3876,318,2024,1,Friends,33,3.0
3877,340,2021,1,Friends,58,4.0
3878,1877,2024,8,Business,147,3.0
3879,1907,2019,3,Friends,6,3.0
3880,443,2020,6,Business,114,3.0
3881,391,2022,10,Business,26,3.0
3882,109,2021,5,Friends,136,3.0
3883,1919,2023,3,Couples,62,3.0
3884,1413,2021,12,Family,2,4.0
3885,1522,2023,4,Solo,108,4.0
3886,582,2020,8,Couples,23,5.0
3887,1282,2019,2,Friends,55,3.0
3888,120,2022,2,Family,76,4.0
3889,1353,2022,10,Family,112,4.0
3890,1160,2022,11,Family,63,3.0
3891,663,2019,1,Family,129,4.0
3892,1421,2021,12,Friends,73,4.0
3893,1293,2019,4,Friends,52,4.0
3894,878,2023,12,Couples,51,3.0
3895,374,2019,7,Family,121,3.0
3896,48,2024,10,Family,100,4.0
3897,1876,2019,1,Friends,20,3.0
3898,563,2022,2,Business,113,3.0
3899,604,2021,12,Couples,63,3.0
3900,1363,2019,2,Couples,53,4.0
3901,511,2021,11,Family,15,3.0
3902,752,2019,2,Couples,150,4.0
3903,1423,2023,8,Family,8,3.0
3904,1191,2024,5,Solo,150,3.0
3905,1313,2020,6,Business,10,4.0
3906,10,2021,9,Family,76,4.0
3907,903,2019,2,Business,16,3.0
3908,951,2021,5,Family,74,4.0
3909,1265,2024,7,Couples,126,3.0
3910,303,2022,5,SOLO,89,3.0
3911,319,2024,3,Couples,82,4.0
3912,1525,2023,1,Solo,18,4.0
3913,1347,2019,8,Business,143,4.0
3914,1623,2019,1,Friends,57,3.0
3915,542,2021,2,COUPLES,81,4.0
3916,1996,2024,3,Couples,135,4.0
3917,546,2020,9,Friends,95,5.0
3918,1302,2019,2,Couples,111,4.0
3919,325,2024,4,Family,28,5.0
3920,1838,2020,1,Friends,70,4.0
3921,665,2021,7,Family,82,4.0
3922,1605,2023,3,Business,27,4.0
3923,663,2019,2,Solo,58,3.0
3924,1582,2020,4,Family,125,4.0
3925,909,2023,4,Friends,140,4.0
3926,125,2019,1,Friends,124,3.0
3927,381,2023,6,Friends,141,4.0
3928,1367,2022,7,Family,150,4.0
3929,387,2020,6,Business,30,4.0
3930,551,2022,6,Friends,129,3.0
3931,1084,2020,12,Friends,94,3.0
3932,507,2024,4,Friends,129,3.0
3933,258,2021,5,Friends,96,3.0
3934,1249,2023,7,Couples,19,5.0
3935,1378,2020,2,Couples,85,4.0
3936,1467,2024,12,Couples,115,3.0
3937,1888,2020,7,Family,19,4.0
3938,249,2022,9,Family,76,3.0
3939,854,2023,4,Business,99,3.0
3940,468,2024,9,Family,70,5.0
3941,1803,2023,11,Couples,120,4.0
3942,1080,2023,7,Family,20,3.0
3943,197,2023,3,Couples,52,4.0
3944,1385,2021,9,Couples,143,4.0
3945,86,2023,11,Family,78,5.0
3946,549,2022,9,Couples,28,5.0
3947,1443,2022,8,Family,18,5.0
3948,1013,2020,6,COUPLES,89,3.0
3949,1523,2021,3,Solo,140,5.0
3950,1143,2019,9,Couples,8,5.0
3951,1687,2023,5,Couples,17,4.0
3952,1126,2019,3,Friends,57,3.0
3953,114,2019,6,COUPLES,32,4.0
3954,143,2020,1,Family,19,4.0
3955,1554,2019,7,Friends,45,3.0
3956,78,2023,7,Business,97,2.0
3957,754,2019,5,Solo,124,2.0
3958,33,2021,9,Family,46,4.0
3959,607,2023,8,Friends,106,4.0
3960,1191,2022,5,Solo,124,2.0
3961,347,2022,9,Friends,2,4.0
3962,933,2021,2,Couples,128,4.0
3963,1993,2021,7,Family,28,4.0
3964,141,2023,2,Family,103,4.0
3965,128,2021,8,Family,113,4.0
3966,543,2023,1,Friends,127,5.0
3967,1655,2023,11,Couples,61,4.0
3968,812,2020,1,Family,99,3.0
3969,1279,2019,6,Family,4,5.0
3970,68,2021,8,Couples,68,3.0
3971,1471,2021,5,Family,145,4.0
3972,135,2019,3,Business,24,5.0
3973,1424,2023,3,Family,23,4.0
3974,296,2022,11,Business,106,3.0
3975,1717,2022,2,Friends,77,4.0
3976,593,2023,9,Couples,69,4.0
3977,368,2021,4,Family,38,4.0
3978,674,2022,1,Family,26,3.0
3979,2,2020,5,Family,111,3.0
3980,331,2023,2,Family,54,3.0
3981,1198,2024,10,Friends,117,3.0
3982,602,2024,10,Business,67,4.0
3983,708,2021,3,Family,60,3.0
3984,1615,2019,10,Family,35,4.0
3985,248,2024,9,Family,99,5.0
3986,792,2022,9,FRIENDS,43,4.0
3987,373,2023,1,Family,137,5.0
3988,966,2020,2,Couples,62,3.0
3989,664,2024,2,Family,123,4.0
3990,93,2024,10,Family,71,5.0
3991,141,2019,4,Business,63,4.0
3992,1705,2022,7,FAMILY,68,4.0
3993,114,2021,6,FRIENDS,67,3.0
3994,1566,2022,12,Friends,72,4.0
3995,1833,2020,3,Business,134,4.0
3996,932,2019,10,Friends,106,4.0
3997,625,2020,2,Couples,6,4.0
3998,1553,2022,12,Couples,9,4.0
3999,1965,2020,7,Family,4,3.0
4000,241,2021,4,Family,104,3.0
4001,1929,2021,5,Family,31,4.0
4002,1888,2023,9,Friends,58,4.0
4003,286,2021,5,Couples,125,4.0
4004,110,2019,1,Family,20,3.0
4005,1430,2022,4,Couples,23,4.0
4006,156,2020,11,Business,12,3.0
4007,1202,2020,5,Couples,43,5.0
4008,130,2023,6,Friends,14,4.0
4009,1382,2020,3,Family,95,4.0
4010,464,2019,1,Family,111,4.0
4011,193,2021,4,Family,28,4.0
4012,134,2021,11,Couples,79,3.0
4013,378,2023,7,Business,46,3.0
4014,1082,2023,5,Family,13,4.0
4015,154,2019,7,Friends,71,4.0
4016,1605,2023,10,Friends,105,4.0
4017,1209,2023,11,Couples,35,5.0
4018,595,2020,4,Family,119,3.0
4019,1974,2021,10,Family,149,2.0
4020,1318,2023,10,Friends,9,4.0
4021,1344,2022,1,Couples,25,4.0
4022,348,2021,11,Business,44,4.0
4023,1422,2023,3,Solo,128,4.0
4024,1119,2022,10,Business,22,3.0
4025,1970,2022,11,Solo,71,4.0
4026,956,2019,7,Family,81,4.0
4027,1357,2022,4,Family,20,4.0
4028,683,2020,11,Couples,7,4.0
4029,81,2024,6,Friends,18,3.0
4030,256,2020,10,Couples,9,4.0
4031,1735,2019,9,Family,76,3.0
4032,1477,2021,4,Business,141,4.0
4033,730,2021,7,Business,54,3.0
4034,1396,2021,3,Friends,39,3.0
4035,9,2024,1,Couples,36,3.0
4036,75,2020,9,Family,148,3.0
4037,1015,2024,3,Friends,144,5.0
4038,1250,2019,7,Family,98,4.0
4039,1875,2022,2,Family,70,3.0
4040,1520,2019,8,Couples,24,3.0
4041,515,2020,3,Friends,140,4.0
4042,1631,2019,3,Couples,1,4.0
4043,984,2020,2,Family,25,5.0
4044,1653,2021,12,Friends,102,4.0
4045,348,2024,8,Friends,28,4.0
4046,53,2023,8,Business,17,3.0
4047,116,2023,5,Couples,90,4.0
4048,1982,2021,11,Friends,4,5.0
4049,162,2020,1,Friends,41,
4050,1879,2020,5,Family,97,5.0
4051,1455,2019,1,Business,28,4.0
4052,293,2022,9,FAMILY,114,3.0
4053,1729,2023,12,Solo,15,3.0
4054,289,2022,10,Business,92,4.0
4055,287,2022,2,Friends,12,3.0
4056,1152,2021,10,Family,110,4.0
4057,577,2024,4,FRIENDS,113,3.0
4058,582,2024,5,Business,120,4.0
4059,391,2021,7,Business,43,4.0
4060,1216,2023,6,Couples,36,4.0
4061,54,2021,3,Friends,147,3.0
4062,491,2019,7,Family,110,5.0
4063,1107,2020,3,Family,28,4.0
4064,974,2024,9,Solo,5,2.0
4065,1400,2021,1,Couples,54,4.0
4066,433,2024,10,Friends,100,4.0
4067,1296,2020,12,Business,57,3.0
4068,1520,2021,9,Couples,122,3.0
4069,777,2019,8,Family,76,3.0
4070,514,2023,6,Solo,149,2.0
4071,1111,2020,7,Friends,131,4.0
4072,1158,2019,7,Business,71,2.0
4073,189,2020,11,Solo,126,3.0
4074,1131,2022,2,Friends,68,4.0
4075,309,2023,8,Friends,2,3.0
4076,1138,2024,7,Family,47,5.0
4077,1864,2020,4,Couples,62,5.0
4078,1075,2022,5,Business,147,3.0
4079,1524,2021,6,Family,125,4.0
4080,620,2023,1,Business,22,3.0
4081,1846,2023,6,Family,1,4.0
4082,1626,2019,3,Family,80,3.0
4083,1834,2019,5,Family,81,3.0
4084,1484,2022,4,Friends,111,3.0
4085,1299,2022,10,Family,39,
4086,1051,2024,12,Family,122,3.0
4087,1857,2024,2,Business,62,3.0
4088,1697,2019,4,Couples,51,3.0
4089,834,2022,2,Business,64,3.0
4090,172,2021,6,Business,142,3.0
4091,8,2021,5,Family,59,3.0
4092,467,2019,6,Family,85,4.0
4093,126,2024,1,Solo,134,
4094,424,2019,11,Business,3,3.0
4095,219,2024,12,Business,81,4.0
4096,1963,2024,11,Friends,107,5.0
4097,191,2023,6,Business,136,3.0
4098,1254,2019,9,Family,10,3.0
4099,704,2021,1,Friends,110,4.0
4100,349,2019,8,Family,121,
4101,1403,2022,8,Couples,53,4.0
4102,1942,2024,9,Business,112,2.0
4103,1582,2022,10,Solo,75,4.0
4104,1951,2019,1,FRIENDS,99,5.0
4105,1181,2020,5,Friends,59,3.0
4106,1348,2020,6,Couples,27,4.0
4107,293,2021,6,Family,125,
4108,1705,2021,7,Friends,33,4.0
4109,1496,2023,9,Business,29,3.0
4110,509,2020,8,Solo,133,4.0
4111,710,2020,3,Solo,141,3.0
4112,1222,2020,8,Couples,92,4.0
4113,26,2024,8,Couples,88,4.0
4114,1636,2020,3,Couples,55,3.0
4115,562,2024,8,Family,92,3.0
4116,150,2022,7,Family,92,4.0
4117,662,2020,10,Family,78,5.0
4118,1672,2022,5,Family,99,3.0
4119,549,2019,11,Couples,84,4.0
4120,1079,2024,7,Couples,132,4.0
4121,1624,2024,12,Family,101,4.0
4122,68,2020,2,Family,58,3.0
4123,1520,2020,2,Solo,99,4.0
4124,578,2021,3,Business,35,4.0
4125,1392,2023,10,Friends,33,3.0
4126,377,2022,7,Couples,125,4.0
4127,279,2019,9,FRIENDS,88,4.0
4128,1577,2019,1,Couples,9,4.0
4129,1616,2020,5,Couples,54,2.0
4130,1963,2023,5,Family,148,4.0
4131,1355,2020,12,Friends,96,3.0
4132,932,2024,2,Couples,131,4.0
4133,390,2020,11,Couples,83,3.0
4134,591,2024,5,Family,7,4.0
4135,1297,2024,10,Family,27,4.0
4136,693,2023,4,Business,14,2.0
4137,968,2020,1,Business,111,3.0
4138,337,2019,9,Friends,114,4.0
4139,879,2020,3,Couples,69,4.0
4140,476,2022,2,Couples,109,3.0
4141,225,2023,12,Couples,83,3.0
4142,264,2024,3,Family,111,4.0
4143,1037,2024,12,Solo,101,4.0
4144,733,2020,5,Friends,69,3.0
4145,200,2021,4,FRIENDS,98,4.0
4146,1029,2023,6,Family,48,3.0
4147,329,2023,4,Couples,113,5.0
4148,31,2020,12,Solo,138,3.0
4149,266,2019,8,Business,32,3.0
4150,898,2019,9,Friends,101,3.0
4151,1909,2023,1,Couples,17,5.0
4152,484,2021,3,Family,57,3.0
4153,570,2023,8,Solo,101,4.0
4154,486,2023,6,Friends,42,3.0
4155,711,2024,12,Friends,36,4.0
4156,1435,2021,9,Friends,58,3.0
4157,645,2022,4,Family,18,3.0
4158,1316,2020,6,Couples,94,4.0
4159,1797,2024,9,Family,20,3.0
4160,1893,2024,5,Couples,50,4.0
4161,1126,2021,7,Family,47,3.0
4162,1427,2021,10,Business,146,4.0
4163,1839,2023,4,Friends,149,3.0
4164,1574,2021,2,Friends,12,3.0
4165,600,2023,5,Business,24,2.0
4166,265,2019,3,FAMILY,110,4.0
4167,230,2020,7,Friends,45,5.0
4168,1765,2023,11,Friends,97,4.0
4169,1113,2024,10,Couples,139,4.0
4170,593,2019,9,Family,25,4.0
4171,692,2023,7,Couples,145,4.0
4172,564,2019,11,Friends,8,4.0
4173,1604,2024,12,Friends,35,4.0
4174,1225,2020,10,Business,77,4.0
4175,1759,2021,2,Couples,133,2.0
4176,604,2023,4,Business,84,4.0
4177,946,2024,12,Couples,21,4.0
4178,244,2021,1,Business,38,3.0
4179,1943,2020,7,Friends,115,3.0
4180,1024,2024,8,Family,85,4.0
4181,1107,2024,5,Family,2,4.0
4182,828,2022,9,Friends,76,3.0
4183,542,2019,1,Friends,61,3.0
4184,1897,2024,3,Couples,1,4.0
4185,978,2022,4,Friends,38,4.0
4186,1350,2022,3,FAMILY,141,
4187,75,2019,6,Couples,106,3.0
4188,552,2024,6,Business,11,4.0
4189,1609,2023,12,Friends,3,3.0
4190,176,2020,6,Couples,52,3.0
4191,203,2021,10,Business,70,3.0
4192,1620,2021,2,Family,69,4.0
4193,618,2024,1,Solo,105,2.0
4194,548,2021,5,Friends,27,4.0
4195,1131,2024,4,Friends,8,3.0
4196,390,2023,12,Couples,101,3.0
4197,86,2021,6,Friends,135,3.0
4198,9,2021,6,Family,26,3.0
4199,159,2023,11,Solo,55,4.0
4200,318,2021,11,Family,94,3.0
4201,1393,2023,10,Family,25,5.0
4202,596,2019,6,Solo,129,3.0
4203,144,2021,3,Solo,34,3.0
4204,29,2022,1,Business,80,3.0
4205,955,2021,1,Couples,51,5.0
4206,1681,2024,10,Family,101,3.0
4207,678,2020,2,Business,30,1.0
4208,128,2024,5,Couples,15,4.0
4209,457,2019,7,Couples,77,4.0
4210,999,2021,7,Family,130,4.0
4211,378,2022,2,Family,95,4.0
4212,1957,2020,7,Couples,114,3.0
4213,1527,2022,3,Family,66,4.0
4214,690,2024,5,Couples,22,4.0
4215,1904,2021,10,Solo,65,3.0
4216,651,2022,6,Business,149,4.0
4217,281,2024,5,Friends,118,3.0
4218,1877,2024,1,Solo,106,5.0
4219,1920,2019,12,Family,46,4.0
4220,626,2023,8,Family,90,3.0
4221,1190,2024,10,Business,94,3.0
4222,347,2024,6,Couples,99,4.0
4223,1284,2023,4,Couples,134,3.0
4224,1381,2019,4,Family,103,2.0
4225,1420,2023,1,SOLO,34,3.0
4226,1138,2024,11,Business,34,3.0
4227,1409,2022,7,Family,93,4.0
4228,1111,2019,5,FRIENDS,130,5.0
4229,1640,2020,9,Family,143,4.0
4230,360,2020,2,Family,92,4.0
4231,967,2024,6,Family,80,4.0
4232,833,2019,6,Family,123,4.0
4233,1067,2023,11,Business,147,4.0
4234,285,2020,10,Family,5,3.0
4235,648,2023,10,Family,47,4.0
4236,1909,2019,4,Couples,51,3.0
4237,211,2020,7,Family,85,4.0
4238,1271,2019,12,Family,45,4.0
4239,1330,2022,1,Family,47,5.0
4240,950,2023,8,Family,4,4.0
4241,68,2021,5,Family,1,5.0
4242,69,2022,9,Friends,68,3.0
4243,552,2022,6,Couples,150,4.0
4244,206,2021,9,Family,45,4.0
4245,189,2023,4,Family,37,4.0
4246,321,2020,11,FAMILY,40,4.0
4247,382,2020,11,Friends,146,5.0
4248,1677,2020,8,Friends,100,4.0
4249,1278,2020,6,Business,98,3.0
4250,61,2019,2,Family,29,4.0
4251,1257,2019,3,Business,136,4.0
4252,274,2019,5,Friends,30,4.0
4253,843,2019,10,Solo,146,4.0
4254,77,2022,12,Family,143,4.0
4255,181,2020,8,Couples,86,3.0
4256,266,2022,12,Business,131,4.0
4257,867,2019,3,Couples,150,4.0
4258,927,2023,9,Family,88,3.0
4259,706,2021,7,Friends,116,4.0
4260,1241,2021,2,Family,89,4.0
4261,1441,2023,9,Solo,79,3.0
4262,1458,2024,11,Couples,51,3.0
4263,1159,2023,6,Business,99,4.0
4264,1092,2021,4,Family,41,3.0
4265,984,2021,4,Couples,30,3.0
4266,476,2021,8,Couples,42,5.0
4267,974,2019,9,Business,2,4.0
4268,21,2021,3,Family,141,4.0
4269,1933,2023,9,Couples,39,4.0
4270,741,2020,9,Solo,120,3.0
4271,1513,2021,1,Friends,66,4.0
4272,1914,2019,5,Friends,51,4.0
4273,994,2020,3,Couples,35,5.0
4274,1724,2019,10,Business,124,3.0
4275,959,2021,8,Family,78,3.0
4276,265,2020,7,Business,68,3.0
4277,53,2024,3,Family,99,3.0
4278,272,2022,6,Business,121,4.0
4279,1886,2021,12,Family,99,4.0
4280,951,2022,12,Family,71,4.0
4281,639,2024,2,Family,135,5.0
4282,893,2020,6,Friends,135,3.0
4283,512,2020,9,Couples,145,4.0
4284,1742,2022,4,Couples,14,4.0
4285,1999,2019,12,Family,134,3.0
4286,170,2022,6,Friends,29,4.0
4287,1438,2019,5,Business,94,2.0
4288,672,2024,12,Friends,99,4.0
4289,95,2023,8,Couples,31,4.0
4290,1845,2019,1,Business,2,3.0
4291,124,2022,2,Family,142,4.0
4292,412,2020,12,Couples,134,3.0
4293,52,2022,8,Family,27,4.0
4294,943,2022,11,Business,91,3.0
4295,1200,2024,12,Family,23,3.0
4296,642,2020,9,Couples,85,4.0
4297,144,2022,12,Couples,48,4.0
4298,233,2024,12,Couples,113,5.0
4299,1867,2019,5,Friends,87,3.0
4300,1612,2020,8,Friends,75,4.0
4301,1874,2023,10,Couples,103,3.0
4302,1062,2019,12,Solo,72,3.0
4303,1093,2020,10,Business,2,3.0
4304,1572,2024,10,Friends,90,4.0
4305,1234,2022,4,Solo,117,3.0
4306,873,2019,6,Family,74,3.0
4307,584,2024,10,Business,27,3.0
4308,972,2022,2,Solo,2,4.0
4309,128,2021,2,FAMILY,45,4.0
4310,385,2024,10,Couples,116,5.0
4311,1475,2020,12,Friends,49,4.0
4312,1737,2021,6,Family,144,3.0
4313,204,2022,11,Family,50,3.0
4314,194,2020,5,Family,65,4.0
4315,172,2019,7,Solo,115,3.0
4316,1584,2019,12,Family,93,4.0
4317,623,2020,5,Friends,7,3.0
4318,654,2019,11,Couples,12,4.0
4319,25,2022,12,Family,30,4.0
4320,1946,2024,9,Family,131,4.0
4321,869,2020,1,Couples,4,3.0
4322,1595,2019,12,Couples,11,5.0
4323,1416,2019,6,Business,117,3.0
4324,284,2019,4,Couples,94,4.0
4325,1603,2022,6,Family,148,4.0
4326,1101,2021,6,Couples,33,4.0
4327,1209,2021,5,Friends,99,4.0
4328,401,2023,9,Friends,21,3.0
4329,1694,2021,2,Family,89,4.0
4330,1864,2022,8,Friends,16,4.0
4331,814,2024,4,Family,137,4.0
4332,185,2020,10,Solo,63,3.0
4333,1698,2019,12,Friends,39,3.0
4334,1775,2020,6,Couples,148,4.0
4335,1013,2019,10,Friends,10,
4336,1159,2023,4,Family,120,4.0
4337,447,2024,11,Friends,77,3.0
4338,135,2022,7,Couples,104,4.0
4339,1889,2019,7,Family,40,3.0
4340,966,2024,2,Friends,133,3.0
4341,550,2024,8,Solo,68,3.0
4342,1387,2021,10,Couples,63,4.0
4343,53,2023,7,Family,69,4.0
4344,160,2022,2,COUPLES,45,4.0
4345,486,2022,9,Friends,48,3.0
4346,902,2021,8,Business,22,4.0
4347,734,2020,11,Solo,73,4.0
4348,375,2020,12,Family,72,5.0
4349,703,2021,3,Couples,58,4.0
4350,668,2023,4,Business,148,3.0
4351,1050,2023,12,Family,17,4.0
4352,1126,2019,2,Family,137,4.0
4353,1767,2019,11,Family,131,4.0
4354,1614,2021,2,Family,4,5.0
4355,585,2023,6,Family,106,3.0
4356,1806,2022,2,Couples,32,3.0
4357,1042,2023,12,Couples,7,3.0
4358,376,2023,7,Couples,130,4.0
4359,681,2023,11,Couples,18,5.0
4360,1484,2022,1,Friends,45,4.0
4361,1644,2019,1,Business,15,2.0
4362,749,2020,7,Family,22,3.0
4363,316,2023,1,Business,10,2.0
4364,384,2020,7,Business,127,2.0
4365,208,2023,9,Couples,9,4.0
4366,1398,2021,6,Couples,114,
4367,1006,2019,10,Couples,24,4.0
4368,903,2023,2,Friends,138,4.0
4369,1344,2024,3,Couples,128,4.0
4370,1658,2021,2,Family,95,4.0
4371,1592,2019,6,Solo,125,3.0
4372,275,2021,5,Couples,45,4.0
4373,1180,2024,7,Family,118,3.0
4374,1766,2020,2,Friends,34,3.0
4375,1548,2019,6,Couples,93,3.0
4376,659,2023,10,Business,138,3.0
4377,786,2020,1,Friends,109,4.0
4378,1781,2019,10,Couples,41,4.0
4379,66,2023,3,Couples,111,4.0
4380,1051,2021,11,Family,133,3.0
4381,233,2019,10,Business,134,4.0
4382,1790,2019,6,Friends,111,3.0
4383,78,2020,1,Friends,110,4.0
4384,47,2019,5,Friends,118,4.0
4385,658,2019,8,Couples,111,3.0
4386,401,2021,5,Solo,21,4.0
4387,991,2023,8,Family,121,5.0
4388,600,2021,10,Family,27,
4389,713,2019,12,Friends,84,5.0
4390,1130,2024,5,Friends,51,2.0
4391,1122,2022,12,FAMILY,32,4.0
4392,1870,2024,3,Family,43,2.0
4393,962,2022,12,Family,13,4.0
4394,1129,2021,2,Business,66,2.0
4395,1356,2022,7,BUSINESS,63,2.0
4396,349,2019,9,Family,61,3.0
4397,1334,2021,1,Family,14,4.0
4398,1724,2021,6,Friends,92,4.0
4399,637,2020,4,Friends,26,4.0
4400,357,2024,10,Family,129,4.0
4401,693,2024,6,Couples,4,3.0
4402,551,2021,2,Family,9,3.0
4403,1171,2023,1,Couples,46,4.0
4404,1728,2020,1,Friends,62,4.0
4405,1193,2024,1,Family,146,5.0
4406,252,2023,6,Friends,79,3.0
4407,630,2023,4,Business,57,2.0
4408,1379,2022,3,Friends,126,3.0
4409,661,2023,5,Family,37,4.0
4410,1173,2022,6,Business,135,4.0
4411,1389,2024,7,Family,61,4.0
4412,659,2022,6,Couples,47,4.0
4413,1295,2021,12,Couples,46,5.0
4414,797,2020,5,Family,2,4.0
4415,271,2024,5,Couples,102,3.0
4416,745,2019,5,Couples,87,3.0
4417,883,2019,1,Couples,96,3.0
4418,5,2019,9,Business,98,2.0
4419,1786,2019,7,Couples,5,3.0
4420,1056,2020,5,Couples,132,3.0
4421,73,2021,5,FAMILY,77,4.0
4422,1736,2020,7,Family,104,4.0
4423,1711,2021,11,Couples,6,5.0
4424,25,2021,5,Family,115,3.0
4425,327,2021,6,Business,102,3.0
4426,728,2019,2,Couples,56,4.0
4427,1015,2022,4,Family,141,3.0
4428,1452,2020,9,Family,98,4.0
4429,849,2022,9,Couples,137,5.0
4430,1224,2019,10,Couples,124,3.0
4431,21,2024,6,Family,31,5.0
4432,1318,2023,11,Family,150,3.0
4433,1831,2021,7,Family,112,5.0
4434,1053,2021,2,Friends,29,5.0
4435,910,2020,2,Business,119,3.0
4436,595,2024,6,Friends,65,3.0
4437,1909,2023,5,Friends,130,3.0
4438,67,2021,2,Solo,26,3.0
4439,574,2022,1,Business,39,2.0
4440,278,2019,8,Friends,53,3.0
4441,1733,2023,10,Couples,68,3.0
4442,966,2022,3,Couples,95,5.0
4443,1845,2020,3,Couples,34,2.0
4444,1331,2023,7,Couples,106,5.0
4445,1114,2019,2,Couples,4,5.0
4446,1035,2021,11,Couples,50,5.0
4447,406,2024,8,Family,99,4.0
4448,1125,2023,5,Family,40,4.0
4449,1371,2019,7,Family,65,3.0
4450,1931,2022,2,Family,91,5.0
4451,1098,2023,4,Couples,38,5.0
4452,1878,2022,7,Family,145,4.0
4453,1890,2020,12,Family,128,4.0
4454,1046,2023,11,Business,146,3.0
4455,879,2021,8,Solo,75,3.0
4456,286,2024,5,Family,52,4.0
4457,538,2024,12,Family,150,2.0
4458,1759,2024,2,Family,110,4.0
4459,277,2021,4,Family,120,5.0
4460,795,2023,6,FAMILY,28,3.0
4461,1398,2019,7,Friends,131,4.0
4462,482,2023,9,Couples,80,4.0
4463,1949,2023,5,Couples,116,3.0
4464,1299,2023,12,Couples,124,4.0
4465,57,2019,5,Solo,16,3.0
4466,495,2021,8,Couples,15,5.0
4467,1481,2020,1,Couples,10,4.0
4468,1727,2024,2,Couples,97,3.0
4469,1854,2022,3,Family,138,4.0
4470,1703,2022,1,Solo,5,3.0
4471,150,2021,11,Family,21,5.0
4472,1460,2019,8,Couples,73,5.0
4473,221,2022,11,Friends,59,3.0
4474,154,2022,4,Solo,16,3.0
4475,1384,2021,2,Friends,92,3.0
4476,957,2022,4,Family,136,3.0
4477,1296,2021,1,Family,32,2.0
4478,1703,2022,4,Friends,1,5.0
4479,138,2021,2,Friends,34,3.0
4480,1056,2023,3,Family,28,4.0
4481,1669,2024,8,Family,70,5.0
4482,881,2021,12,Couples,17,4.0
4483,1047,2019,3,Couples,55,3.0
4484,996,2023,12,Business,18,4.0
4485,1815,2024,10,Friends,102,4.0
4486,100,2023,2,Solo,71,3.0
4487,1756,2021,1,Business,12,4.0
4488,1633,2022,2,Family,7,4.0
4489,1626,2021,9,Friends,74,3.0
4490,825,2023,9,Business,89,3.0
4491,1032,2023,11,Family,27,4.0
4492,738,2022,7,Friends,49,4.0
4493,504,2021,1,Couples,92,5.0
4494,1751,2020,12,Family,71,4.0
4495,1012,2022,11,Family,18,3.0
4496,1447,2021,9,Friends,59,4.0
4497,202,2024,12,Couples,30,4.0
4498,1578,2019,4,Couples,140,5.0
4499,1318,2024,7,Business,121,3.0
4500,1996,2023,7,Family,47,4.0
4501,268,2022,4,Couples,36,4.0
4502,1081,2024,12,Family,21,3.0
4503,1023,2023,7,FAMILY,111,5.0
4504,1077,2019,12,Friends,138,5.0
4505,109,2021,4,Friends,41,3.0
4506,947,2024,6,Couples,96,3.0
4507,600,2023,12,Couples,36,4.0
4508,1235,2019,3,Business,138,4.0
4509,465,2020,7,Friends,45,5.0
4510,871,2024,10,Family,15,3.0
4511,1241,2019,10,Couples,133,3.0
4512,129,2024,10,Friends,142,4.0
4513,1574,2022,8,Couples,60,4.0
4514,1432,2023,1,Family,137,4.0
4515,115,2020,4,Family,37,4.0
4516,130,2021,10,Couples,41,5.0
4517,1701,2023,7,Friends,81,4.0
4518,567,2019,5,Friends,91,4.0
4519,1722,2019,11,Family,58,4.0
4520,999,2022,5,Family,120,4.0
4521,685,2019,5,Business,119,2.0
4522,548,2024,5,Family,19,3.0
4523,1319,2023,5,Family,149,5.0
4524,220,2023,7,Couples,24,5.0
4525,806,2022,12,Friends,79,3.0
4526,692,2022,12,Family,64,4.0
4527,309,2024,5,Couples,68,3.0
4528,706,2019,5,Family,20,4.0
4529,1058,2020,11,Friends,52,4.0
4530,1356,2023,7,Business,5,5.0
4531,173,2019,3,Friends,147,3.0
4532,1745,2020,7,Business,22,3.0
4533,1757,2019,10,Business,73,4.0
4534,1384,2019,5,Friends,33,4.0
4535,1849,2021,8,Couples,27,5.0
4536,856,2022,10,Family,59,4.0
4537,1644,2019,2,Couples,146,4.0
4538,1455,2024,12,Business,72,4.0
4539,1126,2023,1,Family,145,5.0
4540,360,2022,2,Family,125,4.0
4541,1116,2019,4,Couples,66,3.0
4542,1803,2022,1,Friends,136,4.0
4543,1970,2024,8,Business,53,2.0
4544,897,2020,7,Friends,76,4.0
4545,496,2022,5,Friends,103,3.0
4546,1496,2022,12,Solo,89,4.0
4547,152,2023,4,Friends,125,
4548,303,2024,11,Friends,25,5.0
4549,1124,2019,7,Solo,75,3.0
4550,1981,2019,9,Friends,100,4.0
4551,658,2019,12,Friends,50,4.0
4552,887,2020,4,Couples,131,5.0
4553,645,2021,2,Friends,46,3.0
4554,882,2024,10,Family,46,3.0
4555,15,2022,8,Solo,49,2.0
4556,1190,2023,3,Friends,102,3.0
4557,1193,2022,11,Couples,18,4.0
4558,632,2024,9,Couples,22,4.0
4559,529,2020,7,Couples,117,4.0
4560,1524,2023,2,Family,32,3.0
4561,376,2020,12,FAMILY,16,4.0
4562,95,2020,7,Couples,40,4.0
4563,81,2024,8,Couples,60,4.0
4564,1764,2019,1,Couples,5,4.0
4565,729,2020,9,Friends,126,4.0
4566,204,2021,11,Couples,18,5.0
4567,1758,2019,10,Business,61,3.0
4568,298,2023,5,Family,31,4.0
4569,674,2021,3,Business,45,3.0
4570,42,2021,6,Family,7,3.0
4571,1359,2020,7,Friends,143,3.0
4572,1399,2024,4,Couples,141,4.0
4573,1514,2021,8,FRIENDS,19,5.0
4574,527,2023,12,Family,30,3.0
4575,657,2022,2,BUSINESS,133,3.0
4576,1877,2024,3,Couples,63,3.0
4577,1644,2022,6,Couples,10,5.0
4578,75,2024,3,Couples,21,4.0
4579,1384,2023,10,Couples,63,4.0
4580,1626,2019,1,Solo,84,4.0
4581,1119,2019,1,Couples,95,5.0
4582,1280,2023,5,Solo,23,4.0
4583,2,2019,5,Family,56,4.0
4584,61,2020,9,Family,40,3.0
4585,71,2023,2,Family,81,4.0
4586,318,2021,10,Friends,49,2.0
4587,1982,2020,3,Solo,31,3.0
4588,1269,2020,12,Business,123,3.0
4589,1565,2020,7,Couples,86,4.0
4590,592,2024,10,Couples,72,4.0
4591,1876,2021,1,Couples,21,4.0
4592,398,2024,9,Business,11,4.0
4593,1805,2023,6,Friends,120,2.0
4594,62,2020,7,Business,146,3.0
4595,41,2019,1,Friends,88,2.0
4596,158,2024,8,Friends,6,3.0
4597,1584,2024,12,Family,73,4.0
4598,515,2019,12,Family,43,4.0
4599,903,2020,11,Family,9,4.0
4600,943,2023,9,Business,22,4.0
4601,1580,2024,3,Couples,75,3.0
4602,698,2024,5,Couples,65,4.0
4603,14,2020,1,Couples,85,5.0
4604,773,2024,3,Family,105,4.0
4605,577,2023,4,Couples,40,3.0
4606,1462,2021,9,Couples,43,4.0
4607,1503,2021,1,Friends,102,3.0
4608,184,2023,12,Family,30,4.0
4609,1587,2024,9,Couples,12,5.0
4610,141,2024,9,Business,129,2.0
4611,1240,2021,7,Business,32,4.0
4612,779,2020,4,Family,19,4.0
4613,603,2024,7,Family,111,4.0
4614,967,2020,8,Friends,80,3.0
4615,621,2023,11,Business,23,5.0
4616,1588,2022,9,Friends,128,4.0
4617,1934,2022,10,Couples,37,4.0
4618,1632,2020,6,Couples,102,4.0
4619,879,2020,5,Friends,98,4.0
4620,1007,2022,10,Friends,125,3.0
4621,895,2020,8,Family,110,4.0
4622,1588,2023,5,Business,106,3.0
4623,1105,2024,6,Family,8,3.0
4624,937,2019,7,Friends,141,3.0
4625,820,2024,8,Couples,19,5.0
4626,751,2020,5,Couples,39,4.0
4627,1106,2019,2,Family,67,
4628,1378,2024,11,Friends,44,3.0
4629,865,2020,4,Family,89,3.0
4630,1614,2022,2,Couples,8,3.0
4631,1654,2019,4,Friends,69,4.0
4632,859,2019,11,Friends,53,3.0
4633,1819,2020,3,FAMILY,98,4.0
4634,347,2022,9,Business,78,2.0
4635,1865,2020,5,COUPLES,114,3.0
4636,589,2020,8,Family,25,5.0
4637,1129,2024,9,Friends,143,5.0
4638,568,2020,3,Family,59,3.0
4639,885,2019,5,Couples,53,4.0
4640,681,2019,10,Friends,83,
4641,1411,2024,12,Couples,25,5.0
4642,163,2021,11,Solo,123,3.0
4643,1677,2024,4,Family,40,3.0
4644,1808,2023,3,Family,140,3.0
4645,1126,2020,12,Business,23,3.0
4646,1095,2023,9,Couples,130,4.0
4647,1400,2021,3,Solo,60,4.0
4648,399,2022,8,Friends,92,4.0
4649,1500,2022,4,FAMILY,131,4.0
4650,438,2023,2,Family,20,3.0
4651,1353,2020,2,Business,53,3.0
4652,612,2019,5,FRIENDS,143,4.0
4653,1493,2023,3,BUSINESS,23,3.0
4654,1583,2024,10,Couples,16,3.0
4655,418,2022,2,Family,79,4.0
4656,1235,2019,3,Family,4,4.0
4657,997,2019,8,Family,149,4.0
4658,589,2022,6,Solo,136,4.0
4659,1177,2024,3,Friends,29,5.0
4660,1986,2022,1,Solo,26,4.0
4661,5,2020,2,Family,117,4.0
4662,1914,2022,4,Couples,79,5.0
4663,1712,2019,4,Solo,124,3.0
4664,1059,2021,7,Business,146,3.0
4665,1221,2024,9,Solo,61,
4666,739,2022,2,Business,39,3.0
4667,259,2019,6,Friends,93,4.0
4668,1143,2020,6,Friends,96,2.0
4669,1633,2019,2,Family,65,3.0
4670,463,2021,6,Friends,45,4.0
4671,1435,2020,1,Business,40,2.0
4672,1497,2024,4,Couples,79,4.0
4673,1517,2020,9,Couples,64,4.0
4674,681,2019,3,Solo,69,4.0
4675,785,2021,9,Family,15,3.0
4676,833,2023,2,Business,133,3.0
4677,1709,2023,6,Couples,107,3.0
4678,1801,2024,11,Friends,138,3.0
4679,829,2021,7,Friends,125,2.0
4680,1940,2022,10,Solo,93,4.0
4681,1142,2022,3,Business,47,3.0
4682,771,2019,3,Family,99,4.0
4683,2,2019,6,Family,85,4.0
4684,1223,2023,3,Friends,139,4.0
4685,1290,2021,9,Friends,35,5.0
4686,1937,2023,5,Couples,4,4.0
4687,1437,2024,10,Family,20,3.0
4688,60,2020,1,Couples,27,5.0
4689,1135,2023,5,Family,100,5.0
4690,1486,2020,3,Couples,22,4.0
4691,994,2023,9,Couples,21,3.0
4692,859,2019,3,Couples,60,3.0
4693,1620,2020,6,Couples,118,2.0
4694,1223,2021,5,Family,64,5.0
4695,1363,2021,9,Family,41,4.0
4696,929,2019,5,Solo,43,3.0
4697,557,2024,9,Couples,123,4.0
4698,1039,2019,2,Family,65,5.0
4699,1919,2024,10,SOLO,56,3.0
4700,1206,2020,8,Family,117,5.0
4701,1415,2023,2,Friends,56,3.0
4702,249,2023,2,Solo,54,4.0
4703,1976,2021,4,Friends,113,4.0
4704,490,2022,12,Business,50,3.0
4705,1943,2019,4,Couples,77,4.0
4706,892,2024,6,Couples,100,4.0
4707,1838,2019,6,Family,31,4.0
4708,1784,2022,4,Family,20,3.0
4709,1511,2019,6,Business,128,4.0
4710,1833,2023,3,Family,45,4.0
4711,1219,2021,9,Family,52,4.0
4712,1698,2021,2,Family,89,3.0
4713,345,2019,7,Couples,16,5.0
4714,141,2020,4,Couples,7,4.0
4715,1087,2021,7,Family,63,4.0
4716,1620,2023,7,Business,146,3.0
4717,1531,2022,8,Family,87,3.0
4718,1056,2020,8,Family,87,3.0
4719,1042,2022,4,Family,92,5.0
4720,1220,2020,8,Friends,130,3.0
4721,1737,2022,3,Couples,126,4.0
4722,1684,2022,5,Couples,4,5.0
4723,220,2020,3,Solo,82,2.0
4724,1192,2020,7,Friends,82,4.0
4725,762,2022,10,Couples,34,3.0
4726,1599,2022,8,Friends,147,3.0
4727,1012,2024,2,Family,40,3.0
4728,1983,2021,1,Family,126,2.0
4729,865,2021,4,Friends,16,4.0
4730,1359,2021,8,Business,91,3.0
4731,218,2024,4,Family,111,3.0
4732,1865,2020,12,Couples,76,3.0
4733,308,2021,8,Family,16,4.0
4734,757,2021,11,Couples,19,4.0
4735,1676,2022,12,Solo,91,4.0
4736,1935,2023,2,Family,130,3.0
4737,969,2021,11,Friends,90,4.0
4738,970,2020,1,Couples,16,4.0
4739,98,2023,2,Couples,118,3.0
4740,1958,2020,7,Friends,69,4.0
4741,33,2024,7,Couples,12,4.0
4742,53,2022,8,Solo,56,3.0
4743,947,2021,1,Family,31,5.0
4744,8,2020,2,Friends,148,4.0
4745,329,2023,10,Business,137,4.0
4746,1256,2022,8,Family,16,3.0
4747,1411,2024,5,Couples,86,5.0
4748,597,2023,3,Solo,2,4.0
4749,1591,2023,3,Business,69,3.0
4750,1216,2019,4,Friends,24,4.0
4751,457,2019,6,Family,113,4.0
4752,1425,2022,10,Friends,11,4.0
4753,1185,2019,6,Solo,136,3.0
4754,1625,2024,6,FRIENDS,35,3.0
4755,309,2024,12,COUPLES,40,4.0
4756,462,2022,2,Friends,133,3.0
4757,608,2023,1,Family,136,3.0
4758,683,2021,12,Family,15,4.0
4759,1778,2024,12,Couples,17,4.0
4760,1466,2019,5,Friends,129,3.0
4761,1089,2020,3,Family,147,4.0
4762,1081,2023,2,Friends,74,3.0
4763,1772,2023,2,Family,25,4.0
4764,894,2020,11,Family,23,
4765,451,2023,9,Business,40,3.0
4766,274,2021,11,Business,103,3.0
4767,661,2024,7,Solo,15,4.0
4768,1307,2020,8,Friends,97,3.0
4769,942,2023,11,Couples,121,4.0
4770,844,2020,5,Family,22,4.0
4771,961,2019,7,Friends,148,4.0
4772,1950,2023,4,Family,149,4.0
4773,1996,2023,7,Family,45,4.0
4774,323,2020,3,Friends,17,3.0
4775,229,2022,3,Business,49,4.0
4776,489,2024,5,Family,39,4.0
4777,1704,2021,12,Family,42,3.0
4778,920,2022,4,Family,139,4.0
4779,1728,2020,8,COUPLES,24,4.0
4780,1294,2022,7,Couples,48,4.0
4781,1107,2024,8,Solo,119,4.0
4782,564,2022,2,Friends,9,4.0
4783,689,2019,10,Solo,10,4.0
4784,296,2023,10,Friends,46,4.0
4785,1039,2021,2,Business,146,3.0
4786,561,2019,5,Family,126,4.0
4787,585,2022,11,Couples,140,3.0
4788,80,2020,3,Couples,130,5.0
4789,1599,2024,7,Couples,18,
4790,1879,2024,10,Couples,61,
4791,997,2023,10,Business,80,4.0
4792,1073,2022,5,Business,25,2.0
4793,1852,2020,9,Friends,149,5.0
4794,1023,2019,12,Solo,91,5.0
4795,1246,2019,6,Couples,128,4.0
4796,857,2021,12,Business,39,4.0
4797,1029,2020,10,Couples,108,3.0
4798,1044,2024,8,Friends,16,3.0
4799,1423,2020,9,Couples,4,4.0
4800,1209,2020,3,Family,97,4.0
4801,1008,2023,1,Couples,11,4.0
4802,152,2024,10,Friends,42,4.0
4803,1810,2021,9,Family,120,4.0
4804,1777,2019,12,Couples,75,3.0
4805,369,2019,7,Solo,57,3.0
4806,587,2022,5,Family,44,3.0
4807,1947,2024,11,Couples,101,4.0
4808,643,2021,12,Family,144,5.0
4809,1625,2019,10,Family,111,3.0
4810,1572,2021,10,Solo,54,3.0
4811,1722,2019,3,Couples,64,5.0
4812,33,2021,11,Friends,16,4.0
4813,966,2021,1,Friends,22,4.0
4814,1132,2023,10,Family,41,3.0
4815,1675,2019,3,Couples,59,4.0
4816,449,2021,1,Business,149,3.0
4817,614,2020,9,Friends,131,4.0
4818,360,2021,5,Family,17,4.0
4819,1524,2024,11,Solo,50,3.0
4820,1998,2023,4,Family,9,3.0
4821,281,2024,9,Family,10,5.0
4822,467,2019,8,Solo,57,3.0
4823,615,2023,10,Friends,144,3.0
4824,1779,2024,11,Couples,28,4.0
4825,892,2023,8,Friends,103,4.0
4826,564,2023,5,Couples,59,4.0
4827,645,2019,7,Family,82,4.0
4828,1197,2023,8,Couples,131,3.0
4829,775,2024,12,Solo,125,3.0
4830,281,2020,3,Solo,125,4.0
4831,1641,2021,1,Friends,62,4.0
4832,845,2021,6,Family,8,4.0
4833,514,2019,6,Friends,148,3.0
4834,1457,2019,11,Couples,150,3.0
4835,1491,2020,4,Couples,129,3.0
4836,311,2019,2,Friends,72,4.0
4837,148,2022,2,Business,43,3.0
4838,91,2019,11,Business,27,4.0
4839,1532,2019,8,Family,56,4.0
4840,1252,2022,12,FRIENDS,51,3.0
4841,1585,2020,4,Couples,42,4.0
4842,1253,2021,1,Family,143,4.0
4843,804,2021,6,Solo,99,3.0
4844,1180,2021,3,Business,34,3.0
4845,1445,2021,2,Friends,96,3.0
4846,798,2019,11,Family,106,5.0
4847,1831,2019,5,Family,79,3.0
4848,1800,2021,1,Business,143,3.0
4849,1602,2022,3,Couples,145,4.0
4850,1985,2023,5,Friends,65,4.0
4851,781,2020,11,Family,71,4.0
4852,229,2019,8,Couples,33,4.0
4853,969,2022,7,Couples,118,4.0
4854,1492,2024,7,Friends,140,4.0
4855,1559,2020,10,Family,99,3.0
4856,778,2019,3,Business,31,3.0
4857,586,2021,6,Solo,78,3.0
4858,891,2022,5,Couples,120,
4859,1608,2022,1,Friends,7,2.0
4860,122,2019,7,Business,89,3.0
4861,657,2022,9,Couples,99,5.0
4862,460,2021,8,Couples,81,4.0
4863,1612,2019,1,Friends,97,3.0
4864,940,2024,5,Friends,135,2.0
4865,174,2022,5,Couples,19,4.0
4866,524,2020,2,Friends,86,4.0
4867,89,2023,7,Friends,120,4.0
4868,952,2023,7,Family,124,5.0
4869,1996,2020,10,Family,71,4.0
4870,1135,2024,10,Family,150,3.0
4871,1739,2022,11,Couples,49,4.0
4872,1486,2020,6,Friends,67,4.0
4873,1766,2021,3,Friends,124,3.0
4874,623,2020,7,Friends,66,3.0
4875,1903,2024,8,Friends,52,5.0
4876,478,2020,4,Friends,84,5.0
4877,877,2021,6,Friends,94,3.0
4878,1363,2019,12,Solo,146,3.0
4879,574,2024,10,Family,93,3.0
4880,529,2020,8,Friends,28,5.0
4881,261,2022,12,Friends,8,5.0
4882,9,2021,1,Couples,146,5.0
4883,1003,2022,7,Family,64,4.0
4884,1974,2022,4,Friends,31,3.0
4885,441,2020,4,Business,34,2.0
4886,881,2021,10,Family,16,2.0
4887,1872,2022,10,Business,30,3.0
4888,1545,2020,6,Couples,118,4.0
4889,9,2019,7,Family,99,4.0
4890,1002,2020,8,Couples,90,4.0
4891,287,2021,11,Friends,2,4.0
4892,495,2020,1,Family,101,4.0
4893,493,2020,7,Couples,146,5.0
4894,1225,2023,1,Business,139,4.0
4895,398,2023,12,Couples,60,5.0
4896,504,2024,3,Family,91,
4897,452,2023,1,Friends,45,4.0
4898,714,2021,10,Family,134,3.0
4899,1313,2024,9,Business,138,2.0
4900,800,2024,11,Family,34,4.0
4901,656,2020,5,Solo,74,2.0
4902,1036,2020,4,Solo,36,3.0
4903,1231,2024,9,Friends,93,4.0
4904,31,2024,12,Couples,44,4.0
4905,1781,2024,12,Business,105,3.0
4906,1833,2021,5,Family,148,4.0
4907,1206,2024,8,Couples,131,4.0
4908,1150,2023,10,Family,28,4.0
4909,1390,2023,9,Business,20,3.0
4910,882,2022,8,Solo,123,3.0
4911,732,2020,2,Friends,13,3.0
4912,706,2023,8,Solo,61,3.0
4913,320,2024,3,Friends,150,3.0
4914,1683,2024,6,Family,68,3.0
4915,642,2022,7,Family,2,4.0
4916,569,2019,1,Friends,147,2.0
4917,1929,2023,6,Couples,107,5.0
4918,1014,2020,4,Business,50,3.0
4919,1244,2020,2,Couples,92,5.0
4920,491,2019,8,Family,92,4.0
4921,556,2019,9,Family,83,4.0
4922,1457,2021,11,Couples,145,3.0
4923,902,2020,9,Family,118,3.0
4924,296,2021,3,Family,39,4.0
4925,1672,2022,2,Friends,149,4.0
4926,806,2022,10,Couples,145,5.0
4927,1337,2021,1,Friends,8,4.0
4928,683,2021,5,Solo,45,
4929,1122,2024,5,Family,93,4.0
4930,1552,2020,3,Family,132,4.0
4931,1771,2019,8,Business,108,3.0
4932,415,2023,10,Friends,87,4.0
4933,1345,2019,11,Friends,46,4.0
4934,1830,2023,6,Business,15,2.0
4935,1286,2020,6,Friends,134,4.0
4936,287,2024,3,Business,80,3.0
4937,380,2020,2,Friends,69,3.0
4938,406,2019,11,Family,147,3.0
4939,213,2021,11,Couples,25,5.0
4940,1508,2021,12,Solo,39,4.0
4941,1931,2023,2,Family,129,4.0
4942,1034,2022,6,BUSINESS,43,4.0
4943,1198,2024,8,Friends,142,3.0
4944,1548,2023,11,Couples,129,3.0
4945,832,2020,5,Solo,15,3.0
4946,945,2019,2,COUPLES,69,4.0
4947,1179,2020,11,Family,113,4.0
4948,610,2024,1,Family,74,4.0
4949,124,2023,9,Family,33,5.0
4950,1136,2023,5,Family,7,2.0
4951,1645,2020,1,Family,2,4.0
4952,147,2021,7,FRIENDS,27,4.0
4953,434,2023,5,Couples,40,4.0
4954,526,2024,6,Friends,46,3.0
4955,1610,2022,3,Business,129,2.0
4956,1010,2019,9,Friends,77,3.0
4957,1069,2024,4,Friends,22,3.0
4958,1291,2024,2,Friends,13,4.0
4959,554,2019,5,Couples,20,3.0
4960,1428,2021,3,Friends,48,4.0
4961,61,2024,7,Family,111,4.0
4962,228,2024,7,Solo,8,3.0
4963,1632,2024,10,Business,61,3.0
4964,1317,2024,12,Friends,68,3.0
4965,353,2019,2,Family,23,4.0
4966,878,2019,1,SOLO,9,3.0
4967,104,2021,6,Family,35,4.0
4968,1344,2022,1,Couples,23,3.0
4969,1512,2021,11,Friends,120,3.0
4970,557,2020,10,Couples,138,5.0
4971,701,2020,6,Friends,94,4.0
4972,474,2022,12,COUPLES,114,4.0
4973,779,2024,7,Solo,115,4.0
4974,545,2023,7,Family,132,4.0
4975,495,2020,10,Couples,15,5.0
4976,861,2019,7,Friends,150,3.0
4977,1719,2020,9,Business,69,3.0
4978,1526,2023,3,Business,82,4.0
4979,595,2019,7,Friends,120,4.0
4980,1886,2023,10,Couples,75,5.0
4981,421,2022,12,Couples,40,3.0
4982,1822,2022,3,Family,3,
4983,619,2024,1,Couples,26,5.0
4984,1081,2022,8,Solo,13,3.0
4985,407,2022,1,Friends,58,4.0
4986,1525,2021,9,Friends,117,4.0
4987,636,2022,6,Friends,51,3.0
4988,1746,2021,10,Friends,90,3.0
4989,166,2019,2,Couples,28,5.0
4990,1005,2019,1,Family,89,5.0
4991,318,2023,3,Solo,144,1.0
4992,1778,2022,1,Family,48,4.0
4993,835,2021,2,Solo,73,2.0
4994,1349,2023,10,Friends,145,
4995,1759,2021,9,Business,92,3.0
4996,1072,2020,8,Family,60,4.0
4997,115,2022,6,COUPLES,19,4.0
4998,442,2021,3,Friends,141,4.0
4999,426,2024,11,Solo,92,4.0
5000,1829,2023,11,Family,9,3.0
5001,1817,2023,4,Business,84,4.0
5002,954,2023,11,COUPLES,146,4.0
5003,1781,2023,8,Couples,140,4.0
5004,493,2023,5,Family,30,5.0
5005,1359,2021,3,Solo,62,4.0
5006,784,2023,8,Couples,148,3.0
5007,481,2019,1,Friends,118,3.0
5008,501,2022,4,Friends,85,4.0
5009,840,2022,9,Friends,46,3.0
5010,680,2019,6,Business,115,3.0
5011,423,2022,2,Couples,87,4.0
5012,669,2019,2,Couples,79,
5013,258,2023,9,Couples,140,4.0
5014,1940,2022,11,Business,57,3.0
5015,760,2022,9,Family,94,4.0
5016,215,2022,2,Friends,7,3.0
5017,1152,2020,9,Couples,107,5.0
5018,1767,2022,4,Family,83,4.0
5019,720,2020,8,Family,132,4.0
5020,1691,2023,8,Business,50,4.0
5021,1222,2019,11,Couples,139,3.0
5022,1479,2019,10,Couples,87,3.0
5023,593,2023,1,Family,32,3.0
5024,74,2019,1,Family,25,5.0
5025,692,2024,12,Couples,30,4.0
5026,1849,2019,4,Business,46,3.0
5027,1582,2022,1,Couples,83,4.0
5028,1569,2024,3,Business,131,3.0
5029,1757,2023,6,Friends,150,3.0
5030,747,2022,11,Family,102,2.0
5031,645,2023,12,Family,74,4.0
5032,1851,2023,8,Family,92,5.0
5033,1144,2019,4,Couples,50,4.0
5034,596,2020,9,Business,37,3.0
5035,557,2020,11,Family,81,4.0
5036,1755,2020,5,Friends,125,3.0
5037,107,2020,8,Friends,10,4.0
5038,124,2022,6,Friends,17,4.0
5039,1476,2024,11,Family,27,4.0
5040,3,2022,8,Friends,32,4.0
5041,343,2019,1,Friends,23,4.0
5042,1982,2023,11,Solo,20,3.0
5043,852,2022,7,Business,5,4.0
5044,1456,2023,6,Business,53,4.0
5045,975,2021,3,Family,109,2.0
5046,182,2021,9,Family,24,3.0
5047,369,2022,1,Couples,49,3.0
5048,1523,2023,3,Friends,146,4.0
5049,190,2020,9,Family,26,4.0
5050,1190,2022,4,Family,149,4.0
5051,697,2024,9,Business,77,4.0
5052,741,2019,4,Family,109,4.0
5053,1905,2020,9,Family,49,4.0
5054,1212,2022,9,Couples,49,3.0
5055,1231,2024,9,Couples,59,4.0
5056,701,2024,9,Family,20,5.0
5057,763,2022,10,Solo,48,2.0
5058,1372,2022,5,Business,135,2.0
5059,78,2021,6,Couples,1,4.0
5060,475,2021,1,Business,86,3.0
5061,1201,2023,5,Couples,104,4.0
5062,1248,2022,6,Family,22,3.0
5063,185,2022,10,Couples,17,3.0
5064,1576,2024,11,Couples,83,3.0
5065,1086,2019,8,Solo,33,4.0
5066,476,2024,2,Couples,147,3.0
5067,1504,2023,3,Family,29,4.0
5068,1982,2022,7,SOLO,20,3.0
5069,848,2022,6,Family,50,4.0
5070,567,2022,12,Couples,50,3.0
5071,599,2022,3,BUSINESS,25,4.0
5072,1186,2021,7,Friends,100,4.0
5073,95,2023,10,Friends,53,3.0
5074,967,2020,6,Couples,80,3.0
5075,50,2022,3,Family,37,3.0
5076,78,2022,2,Couples,15,3.0
5077,861,2021,8,Couples,10,3.0
5078,1492,2023,8,Solo,8,3.0
5079,1767,2020,9,Family,131,4.0
5080,176,2022,11,Couples,40,4.0
5081,489,2020,12,Family,46,3.0
5082,844,2020,3,Friends,87,3.0
5083,1149,2022,6,Friends,15,4.0
5084,1975,2024,4,Family,91,5.0
5085,1369,2020,11,Friends,79,4.0
5086,1077,2019,2,Friends,119,4.0
5087,122,2019,8,Solo,19,3.0
5088,162,2021,4,Family,3,4.0
5089,307,2023,1,Family,116,4.0
5090,1322,2023,8,Solo,56,4.0
5091,663,2020,5,Couples,10,4.0
5092,482,2024,9,FAMILY,84,4.0
5093,1341,2019,5,Friends,70,4.0
5094,1631,2022,3,Solo,143,3.0
5095,879,2024,2,Family,142,3.0
5096,1764,2023,3,Family,81,4.0
5097,1469,2023,6,Friends,24,4.0
5098,1433,2020,4,Family,113,4.0
5099,1736,2023,2,Family,31,4.0
5100,368,2021,4,Business,126,2.0
5101,1517,2021,11,Couples,91,4.0
5102,1916,2022,11,Couples,54,3.0
5103,1985,2022,5,Family,147,3.0
5104,1157,2020,7,Friends,78,4.0
5105,1509,2024,3,Couples,58,5.0
5106,1778,2024,5,Business,29,3.0
5107,1705,2020,8,Family,98,4.0
5108,1796,2020,1,Business,41,3.0
5109,1665,2019,11,Solo,23,5.0
5110,763,2021,11,Couples,18,3.0
5111,1461,2020,12,Friends,97,3.0
5112,821,2024,3,Couples,139,4.0
5113,1604,2024,11,Solo,38,3.0
5114,1621,2023,2,Family,33,5.0
5115,1870,2020,11,Solo,92,2.0
5116,1177,2023,2,Family,22,4.0
5117,951,2021,5,Friends,14,3.0
5118,332,2020,12,Business,96,3.0
5119,1277,2022,7,Family,79,3.0
5120,1133,2019,3,Couples,5,4.0
5121,1030,2024,5,Friends,36,3.0
5122,1353,2019,4,Family,30,4.0
5123,1703,2020,12,Family,103,4.0
5124,298,2020,5,Couples,100,4.0
5125,863,2022,2,Business,113,4.0
5126,1445,2023,2,Family,15,4.0
5127,1640,2024,7,Family,128,5.0
5128,1557,2021,1,Family,32,2.0
5129,1599,2020,3,Solo,149,4.0
5130,1711,2019,8,Business,131,4.0
5131,1924,2022,11,Family,69,3.0
5132,1217,2024,2,Business,118,3.0
5133,498,2019,5,Family,101,3.0
5134,1128,2024,5,Family,117,3.0
5135,1420,2020,11,FRIENDS,3,4.0
5136,202,2024,10,Friends,13,4.0
5137,1514,2019,12,Business,136,3.0
5138,1089,2024,8,Couples,118,4.0
5139,1873,2020,3,Couples,93,4.0
5140,424,2020,12,Family,47,3.0
5141,1814,2020,10,Couples,64,4.0
5142,897,2019,8,Family,59,3.0
5143,1148,2023,5,Family,66,4.0
5144,1321,2019,10,Family,95,
5145,1159,2021,5,Couples,114,4.0
5146,1808,2024,4,Solo,58,2.0
5147,335,2021,4,Solo,126,4.0
5148,1460,2023,8,Couples,14,3.0
5149,1950,2023,8,Solo,122,3.0
5150,441,2023,3,Friends,102,3.0
5151,511,2024,5,Couples,77,4.0
5152,951,2019,3,Family,57,4.0
5153,1450,2020,9,Couples,56,4.0
5154,1918,2020,5,Friends,55,3.0
5155,1592,2019,10,Friends,142,3.0
5156,1589,2019,3,Family,5,4.0
5157,883,2019,5,Family,96,2.0
5158,1291,2024,1,Friends,149,4.0
5159,423,2024,1,Family,82,5.0
5160,927,2022,1,Family,96,5.0
5161,378,2024,1,Family,90,3.0
5162,55,2021,12,Friends,76,4.0
5163,1713,2021,4,Family,95,3.0
5164,1610,2024,7,Business,136,4.0
5165,1022,2019,12,Business,107,4.0
5166,29,2019,6,Family,128,
5167,181,2022,5,Family,83,3.0
5168,224,2020,9,Couples,117,4.0
5169,1435,2023,9,Couples,132,3.0
5170,407,2022,2,Friends,32,4.0
5171,501,2020,12,Friends,129,3.0
5172,1723,2019,2,Family,103,3.0
5173,1753,2019,5,Friends,67,3.0
5174,1527,2021,12,Family,117,4.0
5175,620,2020,7,Family,26,4.0
5176,1160,2019,7,Couples,105,3.0
5177,401,2023,11,Family,87,3.0
5178,1716,2024,6,Family,134,3.0
5179,170,2024,8,Family,94,5.0
5180,1489,2019,7,Friends,79,3.0
5181,1024,2020,2,Couples,79,4.0
5182,1515,2021,4,Business,84,
5183,902,2024,10,Solo,134,3.0
5184,317,2022,4,Couples,118,3.0
5185,1503,2021,11,Couples,14,4.0
5186,1263,2024,12,Family,80,3.0
5187,930,2022,10,Couples,44,4.0
5188,746,2024,1,Friends,25,3.0
5189,688,2024,10,Couples,130,4.0
5190,963,2024,12,SOLO,129,2.0
5191,524,2022,10,Couples,141,3.0
5192,565,2021,8,Couples,60,
5193,557,2019,8,Family,64,5.0
5194,26,2023,6,Business,117,2.0
5195,1856,2020,3,Business,29,4.0
5196,474,2019,6,Couples,9,4.0
5197,331,2023,11,Business,64,2.0
5198,303,2021,2,FRIENDS,95,4.0
5199,1977,2022,2,Friends,69,3.0
5200,954,2023,11,Family,32,4.0
5201,654,2020,10,Family,78,4.0
5202,808,2023,7,Family,142,4.0
5203,177,2022,5,Business,42,3.0
5204,628,2022,2,Family,61,
5205,498,2020,9,Solo,47,5.0
5206,1607,2023,7,Couples,45,4.0
5207,117,2020,10,Business,99,4.0
5208,851,2022,5,Couples,57,4.0
5209,1581,2023,10,Family,94,2.0
5210,1668,2019,12,FRIENDS,3,
5211,1026,2021,2,Couples,100,4.0
5212,446,2023,10,Couples,16,4.0
5213,674,2020,8,Couples,57,4.0
5214,445,2019,5,Friends,131,3.0
5215,1325,2021,3,Family,51,4.0
5216,586,2021,2,Couples,105,3.0
5217,1262,2024,2,Couples,53,3.0
5218,1312,2023,4,Business,136,4.0
5219,1880,2020,7,Solo,143,3.0
5220,741,2020,7,Family,137,4.0
5221,1923,2020,12,Business,60,3.0
5222,802,2024,9,Solo,48,3.0
5223,1362,2021,12,SOLO,91,4.0
5224,1324,2024,10,Couples,123,4.0
5225,1636,2019,7,Couples,79,4.0
5226,939,2022,10,Solo,111,3.0
5227,1585,2019,10,Business,132,3.0
5228,711,2022,10,Couples,113,
5229,983,2019,3,Family,56,3.0
5230,1000,2019,9,Friends,38,4.0
5231,1409,2019,3,Couples,66,4.0
5232,1237,2023,4,Couples,87,4.0
5233,157,2022,9,Friends,127,4.0
5234,1619,2022,7,Friends,46,3.0
5235,1517,2020,10,Business,25,4.0
5236,210,2020,9,Business,48,4.0
5237,1924,2021,9,Family,90,5.0
5238,1322,2024,2,Couples,35,4.0
5239,170,2023,2,Family,60,4.0
5240,983,2019,3,Couples,39,5.0
5241,1673,2019,5,Friends,148,4.0
5242,560,2021,10,Couples,77,5.0
5243,1866,2020,1,Couples,109,3.0
5244,837,2021,7,Couples,79,4.0
5245,453,2024,10,Couples,2,4.0
5246,713,2020,5,Family,40,3.0
5247,1050,2022,4,Family,126,3.0
5248,1377,2021,3,Friends,77,5.0
5249,1856,2022,6,Family,106,4.0
5250,390,2022,8,Family,115,5.0
5251,1921,2022,7,Friends,85,4.0
5252,1056,2020,11,Business,87,3.0
5253,256,2024,1,Friends,36,3.0
5254,1853,2020,4,Family,38,3.0
5255,699,2019,5,Couples,23,4.0
5256,1242,2019,5,Family,45,4.0
5257,1397,2019,9,Solo,95,4.0
5258,27,2021,2,Couples,140,4.0
5259,444,2023,4,Family,66,4.0
5260,1373,2019,1,Family,91,5.0
5261,650,2019,7,Couples,130,5.0
5262,19,2022,12,Couples,102,4.0
5263,47,2022,12,Couples,40,4.0
5264,1653,2022,1,Couples,43,3.0
5265,308,2019,2,Friends,96,4.0
5266,201,2020,7,Couples,44,4.0
5267,1125,2021,4,Family,38,4.0
5268,238,2023,3,Couples,89,4.0
5269,1307,2022,9,Couples,96,4.0
5270,1089,2023,4,Family,38,5.0
5271,1298,2022,8,Family,8,4.0
5272,984,2021,1,Family,116,3.0
5273,1557,2022,12,Family,59,2.0
5274,1290,2021,2,Family,95,4.0
5275,831,2019,1,Couples,26,4.0
5276,31,2022,6,BUSINESS,48,4.0
5277,547,2020,11,Couples,91,5.0
5278,263,2020,8,Family,19,4.0
5279,32,2023,6,Couples,48,
5280,547,2019,4,Family,108,3.0
5281,414,2019,3,Business,116,4.0
5282,154,2021,8,Family,53,3.0
5283,625,2022,7,Couples,18,4.0
5284,1014,2024,8,Solo,4,3.0
5285,357,2022,5,Friends,84,4.0
5286,547,2020,4,SOLO,105,3.0
5287,41,2021,3,Family,90,3.0
5288,101,2021,4,Solo,61,3.0
5289,315,2021,3,Couples,4,3.0
5290,906,2023,6,Family,34,3.0
5291,1333,2023,4,Friends,6,3.0
5292,1577,2023,10,Family,70,3.0
5293,1260,2021,7,Couples,47,3.0
5294,1234,2020,4,Family,11,4.0
5295,1872,2019,1,Solo,92,4.0
5296,512,2023,2,Family,56,3.0
5297,1597,2024,2,Couples,145,2.0
5298,1874,2019,4,Business,63,2.0
5299,1136,2019,4,Business,14,2.0
5300,1682,2020,1,Friends,106,4.0
5301,276,2023,9,Family,106,5.0
5302,1758,2020,7,Couples,140,3.0
5303,1129,2019,12,Friends,104,3.0
5304,444,2021,11,Family,55,
5305,124,2021,1,Friends,101,4.0
5306,1440,2021,9,Friends,120,3.0
5307,862,2022,12,Friends,78,2.0
5308,621,2020,10,Solo,120,4.0
5309,781,2019,9,Friends,146,5.0
5310,1983,2019,2,Business,114,3.0
5311,856,2023,11,Couples,76,3.0
5312,158,2022,10,Solo,74,4.0
5313,560,2020,7,Family,126,3.0
5314,291,2024,12,Family,131,4.0
5315,1372,2022,6,Friends,40,3.0
5316,1601,2023,7,FAMILY,2,5.0
5317,1682,2023,10,Couples,121,4.0
5318,1266,2020,9,Couples,36,4.0
5319,1538,2022,7,Friends,150,4.0
5320,835,2022,10,Friends,6,4.0
5321,1256,2021,11,Solo,137,4.0
5322,214,2022,8,Friends,102,3.0
5323,1077,2021,11,Couples,46,4.0
5324,1115,2019,5,Couples,6,4.0
5325,63,2019,7,COUPLES,127,4.0
5326,1097,2021,8,Couples,18,4.0
5327,1446,2024,7,Friends,15,4.0
5328,736,2020,3,Business,119,3.0
5329,1090,2022,6,Family,102,3.0
5330,573,2019,2,Friends,20,
5331,542,2022,9,Friends,52,3.0
5332,259,2020,10,Couples,100,4.0
5333,656,2021,9,Business,99,3.0
5334,1607,2023,11,Family,55,4.0
5335,1872,2021,8,FAMILY,62,4.0
5336,1272,2024,5,Friends,12,3.0
5337,1249,2019,1,Family,2,4.0
5338,1228,2019,1,Couples,146,4.0
5339,952,2020,12,Family,35,3.0
5340,847,2020,10,Family,140,4.0
5341,1242,2021,5,Friends,7,3.0
5342,1569,2024,12,Business,149,4.0
5343,828,2020,3,Family,65,3.0
5344,1132,2021,10,FAMILY,121,4.0
5345,941,2019,3,Family,127,4.0
5346,572,2023,9,Couples,53,4.0
5347,581,2022,1,Family,111,4.0
5348,158,2019,9,Friends,51,3.0
5349,880,2021,6,Couples,119,
5350,1425,2020,7,Couples,144,5.0
5351,1372,2021,1,BUSINESS,122,2.0
5352,1972,2020,5,Couples,110,4.0
5353,80,2023,2,Family,56,2.0
5354,1522,2019,8,Couples,17,3.0
5355,1591,2022,1,Business,76,4.0
5356,873,2023,11,Solo,20,2.0
5357,566,2019,3,Family,77,4.0
5358,715,2024,7,FRIENDS,131,4.0
5359,1366,2023,12,Friends,17,3.0
5360,1725,2020,5,Couples,136,4.0
5361,1286,2021,7,Family,90,5.0
5362,1029,2023,12,Family,8,5.0
5363,1306,2022,1,Couples,109,5.0
5364,142,2023,7,BUSINESS,1,2.0
5365,1217,2024,7,Couples,92,4.0
5366,85,2021,9,Couples,77,3.0
5367,1919,2019,8,Couples,112,4.0
5368,1779,2021,6,Couples,57,4.0
5369,1017,2022,7,Family,18,3.0
5370,749,2023,4,Couples,59,3.0
5371,1465,2020,5,Friends,115,3.0
5372,1276,2024,12,Business,144,4.0
5373,1411,2019,8,Family,32,3.0
5374,1032,2022,9,Friends,53,3.0
5375,473,2021,2,Family,132,4.0
5376,147,2023,5,Couples,47,4.0
5377,567,2020,3,Couples,37,5.0
5378,1058,2024,12,Couples,125,4.0
5379,849,2019,12,Business,74,3.0
5380,1013,2023,5,FAMILY,88,3.0
5381,556,2021,5,Family,74,4.0
5382,1876,2022,9,Couples,91,3.0
5383,734,2020,2,Solo,41,3.0
5384,1693,2021,7,Solo,110,4.0
5385,782,2021,3,Couples,55,4.0
5386,888,2020,7,Friends,79,4.0
5387,1208,2019,9,Business,28,
5388,527,2021,9,Friends,2,4.0
5389,440,2021,2,Friends,86,3.0
5390,759,2023,4,Couples,21,4.0
5391,1609,2021,5,Couples,137,3.0
5392,290,2022,9,Family,144,4.0
5393,876,2021,4,Couples,48,5.0
5394,1345,2021,6,Family,44,4.0
5395,1413,2023,3,Friends,77,4.0
5396,869,2023,5,Family,31,4.0
5397,163,2024,6,Couples,130,4.0
5398,32,2021,3,Family,16,3.0
5399,940,2019,2,Family,68,2.0
5400,1621,2022,2,Family,29,4.0
5401,57,2021,6,Business,125,3.0
5402,1775,2019,2,Family,22,4.0
5403,1352,2024,1,Business,67,4.0
5404,17,2022,11,Family,126,5.0
5405,688,2022,12,Family,67,4.0
5406,442,2022,7,Friends,28,3.0
5407,1899,2024,8,Friends,24,4.0
5408,1110,2023,2,Friends,91,5.0
5409,649,2023,1,Friends,19,4.0
5410,557,2023,1,Couples,54,4.0
5411,1128,2023,3,Friends,92,4.0
5412,11,2023,2,FRIENDS,57,4.0
5413,515,2019,9,Friends,125,4.0
5414,331,2021,10,Friends,104,4.0
5415,1241,2020,9,Couples,21,5.0
5416,1339,2024,4,Couples,123,4.0
5417,935,2022,5,Friends,137,5.0
5418,281,2022,5,Business,31,4.0
5419,742,2022,2,Business,54,3.0
5420,1686,2023,6,Solo,60,3.0
5421,408,2023,7,Solo,64,3.0
5422,327,2020,3,Couples,70,4.0
5423,224,2024,4,Business,135,2.0
5424,1634,2023,6,Couples,98,4.0
5425,240,2020,2,Business,135,3.0
5426,1164,2022,8,Business,53,4.0
5427,1999,2021,5,Couples,79,
5428,1284,2021,9,Friends,16,4.0
5429,825,2024,10,Couples,42,4.0
5430,414,2020,5,Business,88,3.0
5431,4,2024,5,Family,26,4.0
5432,312,2022,7,Business,145,5.0
5433,1906,2023,1,Friends,41,3.0
5434,288,2023,3,Couples,25,4.0
5435,40,2022,2,Couples,118,3.0
5436,1633,2020,4,Couples,14,4.0
5437,838,2024,8,Business,49,3.0
5438,714,2022,3,Business,30,3.0
5439,1435,2021,7,Solo,105,3.0
5440,1047,2020,9,Friends,127,
5441,1830,2019,9,Solo,30,3.0
5442,936,2020,7,Family,63,5.0
5443,1426,2019,7,Business,72,4.0
5444,1758,2024,6,Solo,104,3.0
5445,928,2021,6,Friends,53,4.0
5446,569,2022,10,Family,79,2.0
5447,1949,2023,6,Friends,76,3.0
5448,454,2024,5,Family,2,4.0
5449,79,2021,12,Family,86,3.0
5450,1157,2019,12,Friends,86,4.0
5451,1974,2022,11,Solo,149,4.0
5452,173,2024,10,Friends,77,5.0
5453,1699,2021,5,Friends,135,3.0
5454,1661,2019,12,Family,53,4.0
5455,1858,2023,8,Couples,105,4.0
5456,844,2022,11,Family,136,4.0
5457,510,2019,1,Family,24,4.0
5458,1025,2019,2,Business,86,3.0
5459,285,2022,1,Family,138,5.0
5460,1686,2019,12,FAMILY,84,3.0
5461,1327,2020,4,Couples,134,3.0
5462,967,2020,1,Friends,63,4.0
5463,1032,2021,10,Friends,134,4.0
5464,1425,2023,10,COUPLES,95,4.0
5465,1047,2021,12,Friends,72,4.0
5466,1680,2024,7,Couples,33,3.0
5467,1850,2022,9,Family,26,3.0
5468,1900,2021,8,FRIENDS,44,5.0
5469,1241,2022,9,Solo,114,3.0
5470,1486,2019,7,Couples,71,4.0
5471,623,2024,1,Friends,59,3.0
5472,77,2020,3,Friends,71,3.0
5473,801,2024,12,Couples,52,4.0
5474,1744,2022,1,Couples,122,4.0
5475,267,2020,2,Friends,59,3.0
5476,1092,2021,10,Business,71,3.0
5477,385,2019,12,Family,84,4.0
5478,859,2022,6,Family,97,4.0
5479,287,2019,2,Family,51,4.0
5480,1470,2022,8,Family,11,4.0
5481,1621,2020,1,Couples,104,4.0
5482,1517,2019,5,Couples,85,4.0
5483,1410,2020,7,Friends,98,4.0
5484,471,2019,11,Family,82,3.0
5485,1061,2024,2,Family,77,5.0
5486,210,2024,8,Friends,143,4.0
5487,749,2024,1,Couples,9,4.0
5488,1012,2023,6,Business,14,3.0
5489,1337,2020,9,Family,141,4.0
5490,194,2023,1,Business,134,3.0
5491,1626,2023,9,Business,62,3.0
5492,918,2020,12,Friends,82,5.0
5493,1763,2024,4,Solo,68,3.0
5494,1055,2024,10,Couples,150,3.0
5495,1095,2021,7,Couples,69,4.0
5496,1386,2022,12,Family,114,4.0
5497,1640,2024,8,Friends,55,2.0
5498,316,2020,10,Couples,58,5.0
5499,1023,2024,2,Friends,102,3.0
5500,60,2020,4,Solo,60,3.0
5501,950,2024,6,Business,3,3.0
5502,1628,2020,11,Couples,26,4.0
5503,1731,2023,8,Friends,132,3.0
5504,568,2022,3,Business,56,3.0
5505,773,2021,11,Couples,16,3.0
5506,1104,2021,8,Friends,141,4.0
5507,792,2020,6,Family,150,4.0
5508,357,2023,5,Family,75,3.0
5509,610,2024,9,Family,95,4.0
5510,809,2022,11,Family,114,
5511,1038,2020,7,Friends,10,3.0
5512,1842,2023,11,Friends,45,4.0
5513,1090,2021,9,Friends,85,5.0
5514,775,2024,1,Family,83,4.0
5515,1321,2020,10,FRIENDS,50,3.0
5516,1547,2022,7,Friends,1,4.0
5517,862,2021,7,Family,143,4.0
5518,979,2024,8,Couples,93,3.0
5519,436,2019,1,Family,114,3.0
5520,1730,2022,11,Family,66,4.0
5521,1734,2023,11,Business,77,4.0
5522,350,2021,12,Couples,67,4.0
5523,693,2022,8,Business,65,3.0
5524,544,2020,3,Business,101,3.0
5525,1846,2021,8,Family,150,4.0
5526,131,2024,4,Family,117,3.0
5527,415,2021,7,Family,101,4.0
5528,630,2020,10,Friends,2,4.0
5529,1121,2022,3,Family,78,3.0
5530,498,2021,6,Friends,144,4.0
5531,1074,2023,6,Friends,60,4.0
5532,1495,2019,12,Friends,83,3.0
5533,1658,2024,7,Friends,49,3.0
5534,199,2023,5,COUPLES,29,4.0
5535,278,2024,5,Family,106,4.0
5536,191,2021,4,Friends,48,3.0
5537,1820,2021,2,Business,89,2.0
5538,1305,2021,9,Couples,90,2.0
5539,1063,2024,10,Family,128,5.0
5540,1582,2019,3,Family,141,5.0
5541,1173,2022,6,Solo,84,3.0
5542,471,2020,10,Friends,8,3.0
5543,1021,2022,9,Business,88,4.0
5544,1407,2024,1,Family,133,2.0
5545,73,2023,1,Friends,72,4.0
5546,1213,2019,1,Family,85,4.0
5547,995,2021,7,Family,115,3.0
5548,140,2019,11,Business,66,
5549,528,2021,1,Solo,63,3.0
5550,898,2020,9,Family,73,5.0
5551,686,2023,9,Business,128,
5552,581,2022,12,Business,74,2.0
5553,1299,2020,7,Friends,50,5.0
5554,809,2024,12,Family,90,3.0
5555,996,2023,6,Couples,104,4.0
5556,1597,2022,4,Family,137,5.0
5557,187,2021,12,Solo,134,4.0
5558,720,2020,7,Family,118,3.0
5559,147,2022,4,Couples,116,4.0
5560,1855,2023,8,Couples,68,4.0
5561,372,2024,6,Couples,52,4.0
5562,1640,2023,9,Solo,85,4.0
5563,382,2019,9,Couples,106,4.0
5564,649,2024,1,Business,78,2.0
5565,1217,2020,7,BUSINESS,32,3.0
5566,1663,2019,11,Couples,3,4.0
5567,356,2022,8,Family,9,3.0
5568,427,2021,9,Solo,64,4.0
5569,1764,2019,12,Business,119,3.0
5570,644,2020,5,Business,119,3.0
5571,420,2020,9,Family,122,4.0
5572,1488,2021,1,Solo,107,4.0
5573,183,2023,2,Solo,4,3.0
5574,1734,2023,9,SOLO,133,4.0
5575,1752,2019,3,Business,143,3.0
5576,1714,2020,10,Friends,128,4.0
5577,591,2022,11,Family,67,4.0
5578,229,2023,11,Business,33,4.0
5579,851,2019,1,Family,136,5.0
5580,670,2021,4,Family,28,4.0
5581,1919,2019,7,Family,119,4.0
5582,1264,2021,1,Couples,145,4.0
5583,1889,2021,11,Couples,136,4.0
5584,1502,2020,12,Family,79,4.0
5585,1430,2024,10,Business,126,3.0
5586,224,2023,4,Couples,125,5.0
5587,138,2022,2,Family,147,3.0
5588,93,2023,10,Couples,55,3.0
5589,1187,2020,9,BUSINESS,95,3.0
5590,404,2024,12,Couples,123,4.0
5591,1979,2021,5,Business,35,3.0
5592,266,2021,3,Couples,34,5.0
5593,1894,2022,11,Friends,59,4.0
5594,1336,2022,2,Friends,55,3.0
5595,213,2022,7,Business,113,4.0
5596,117,2023,6,Family,141,3.0
5597,792,2020,7,Business,24,3.0
5598,678,2023,5,Couples,49,4.0
5599,632,2020,1,Friends,140,4.0
5600,1058,2020,8,Solo,90,4.0
5601,260,2021,3,Couples,31,4.0
5602,259,2022,2,Friends,91,4.0
5603,1390,2022,5,Couples,132,4.0
5604,1981,2019,4,Friends,57,3.0
5605,548,2023,9,Family,73,4.0
5606,1864,2022,5,Family,93,4.0
5607,690,2022,7,Friends,127,4.0
5608,672,2023,6,Family,85,5.0
5609,181,2023,11,Solo,144,3.0
5610,847,2021,2,Couples,114,4.0
5611,996,2021,1,Solo,64,4.0
5612,1328,2020,11,Friends,74,4.0
5613,317,2022,4,Family,105,4.0
5614,378,2020,9,Family,11,4.0
5615,865,2022,8,Solo,35,4.0
5616,140,2021,10,Family,36,3.0
5617,287,2020,8,Couples,121,4.0
5618,1259,2021,3,Business,124,4.0
5619,1908,2024,7,Couples,123,3.0
5620,1146,2022,4,Couples,16,
5621,290,2021,5,Business,45,3.0
5622,1982,2021,7,Family,47,4.0
5623,1044,2022,1,Couples,4,3.0
5624,1434,2019,1,Business,39,3.0
5625,394,2022,9,Couples,65,4.0
5626,1157,2019,2,Business,133,4.0
5627,153,2024,11,Family,26,4.0
5628,1252,2022,8,Family,130,3.0
5629,405,2019,10,Solo,123,2.0
5630,1820,2021,6,Family,24,3.0
5631,110,2024,9,Friends,40,2.0
5632,1306,2024,3,Couples,69,3.0
5633,279,2019,8,Friends,142,3.0
5634,1375,2020,4,Friends,118,3.0
5635,987,2019,10,Solo,146,3.0
5636,1935,2021,5,Family,47,5.0
5637,1304,2024,10,Solo,137,5.0
5638,744,2023,11,Friends,144,4.0
5639,175,2020,1,Solo,90,2.0
5640,1192,2020,1,FAMILY,24,3.0
5641,883,2022,5,Couples,41,4.0
5642,106,2022,7,Family,20,4.0
5643,1163,2021,11,Solo,122,2.0
5644,420,2021,6,Solo,47,3.0
5645,469,2024,11,Solo,106,4.0
5646,18,2022,9,Family,41,3.0
5647,745,2023,9,Friends,147,3.0
5648,437,2024,11,Family,117,3.0
5649,144,2021,4,Family,57,3.0
5650,869,2023,9,Family,72,4.0
5651,441,2023,10,Couples,9,2.0
5652,269,2020,12,Family,21,4.0
5653,934,2020,3,Couples,150,4.0
5654,127,2019,10,Family,123,4.0
5655,1981,2022,3,Family,126,5.0
5656,942,2023,12,Couples,97,3.0
5657,1993,2023,7,Family,34,3.0
5658,1763,2021,11,BUSINESS,16,4.0
5659,1960,2023,7,Business,109,3.0
5660,1086,2019,1,Couples,50,5.0
5661,847,2022,5,Couples,1,4.0
5662,1440,2021,8,Friends,4,4.0
5663,162,2023,8,Friends,84,4.0
5664,1681,2024,7,Family,127,4.0
5665,648,2022,9,Friends,55,3.0
5666,15,2022,7,Family,150,3.0
5667,476,2024,3,Friends,58,4.0
5668,485,2021,1,Family,110,5.0
5669,29,2019,4,Business,37,2.0
5670,1338,2022,2,Friends,92,5.0
5671,191,2021,9,Family,42,4.0
5672,1694,2022,12,Solo,117,4.0
5673,907,2023,12,Friends,69,3.0
5674,1437,2022,7,Couples,7,3.0
5675,680,2020,11,Solo,38,4.0
5676,264,2022,8,Business,53,3.0
5677,361,2021,2,Family,70,5.0
5678,1292,2020,8,FAMILY,41,3.0
5679,1433,2023,7,Friends,87,3.0
5680,536,2020,7,Family,145,4.0
5681,715,2022,10,Couples,107,4.0
5682,1891,2024,12,Business,47,4.0
5683,1704,2020,3,Family,102,3.0
5684,827,2021,1,Family,146,4.0
5685,482,2020,8,Couples,37,4.0
5686,603,2021,2,Family,35,5.0
5687,1077,2020,6,Family,6,3.0
5688,1134,2024,12,Business,127,4.0
5689,369,2020,8,Business,125,3.0
5690,132,2022,12,Friends,63,4.0
5691,991,2019,1,Friends,131,4.0
5692,1595,2021,9,Family,98,4.0
5693,305,2024,4,Family,147,3.0
5694,817,2023,1,Business,139,2.0
5695,324,2020,4,Couples,144,4.0
5696,485,2024,12,Friends,59,3.0
5697,1225,2023,6,Business,96,3.0
5698,573,2021,12,Business,26,3.0
5699,528,2024,2,Family,135,4.0
5700,1992,2020,8,Friends,48,4.0
5701,345,2020,6,Couples,68,3.0
5702,379,2024,4,Family,90,4.0
5703,1860,2024,7,Solo,119,3.0
5704,1101,2023,8,Friends,110,4.0
5705,87,2020,1,Family,144,4.0
5706,850,2020,8,Couples,107,4.0
5707,1131,2022,4,Family,120,4.0
5708,507,2019,10,Solo,86,4.0
5709,1097,2024,3,Family,63,3.0
5710,1298,2024,4,Solo,138,3.0
5711,502,2023,12,Family,57,3.0
5712,1625,2024,3,Business,94,3.0
5713,906,2020,2,Family,44,4.0
5714,1927,2024,7,Solo,73,4.0
5715,176,2020,8,Business,56,3.0
5716,649,2019,7,Family,39,5.0
5717,1443,2020,5,Couples,124,3.0
5718,1790,2023,2,Family,116,4.0
5719,444,2024,4,Family,106,5.0
5720,1961,2022,1,FAMILY,13,5.0
5721,387,2020,11,Solo,38,4.0
5722,833,2022,4,Couples,33,4.0
5723,630,2022,8,Friends,107,4.0
5724,849,2022,4,Business,134,4.0
5725,1805,2021,8,COUPLES,57,5.0
5726,1466,2019,2,Couples,50,4.0
5727,1593,2021,2,Couples,84,4.0
5728,508,2024,4,Family,149,5.0
5729,1894,2021,4,Couples,56,3.0
5730,872,2019,4,Business,42,4.0
5731,1304,2021,4,Friends,79,4.0
5732,1396,2021,9,Family,138,4.0
5733,1326,2022,6,Solo,110,3.0
5734,1204,2022,2,Friends,78,5.0
5735,961,2021,12,FAMILY,110,4.0
5736,1296,2019,8,Family,3,3.0
5737,1811,2021,5,Solo,113,3.0
5738,780,2019,7,Family,15,2.0
5739,1022,2022,4,Family,59,4.0
5740,361,2021,5,Couples,53,3.0
5741,711,2021,1,Couples,104,4.0
5742,1545,2022,10,Friends,37,3.0
5743,1281,2023,5,Couples,36,4.0
5744,423,2020,9,Business,133,3.0
5745,1093,2022,1,Friends,72,4.0
5746,1624,2022,2,Friends,112,4.0
5747,249,2022,5,Solo,88,2.0
5748,124,2021,1,Family,93,3.0
5749,786,2020,12,Couples,103,
5750,1314,2020,1,Family,101,4.0
5751,627,2019,7,Couples,137,4.0
5752,1643,2019,5,Couples,118,2.0
5753,1694,2023,3,Friends,46,4.0
5754,1066,2019,2,Friends,26,3.0
5755,758,2024,4,Couples,127,4.0
5756,84,2024,1,Couples,56,4.0
5757,1644,2020,7,Solo,47,2.0
5758,1791,2021,3,Couples,17,5.0
5759,885,2021,1,Couples,83,3.0
5760,1033,2021,2,Couples,77,5.0
5761,1508,2021,11,Family,125,
5762,1391,2021,3,Couples,113,4.0
5763,271,2023,7,Friends,109,4.0
5764,1345,2021,5,Couples,81,3.0
5765,1850,2020,6,Family,130,3.0
5766,1502,2021,11,Couples,148,5.0
5767,962,2024,9,Couples,123,3.0
5768,1047,2024,7,Couples,53,5.0
5769,520,2019,3,Family,42,4.0
5770,1322,2022,11,Family,1,3.0
5771,483,2024,1,Business,149,
5772,684,2020,7,Solo,110,4.0
5773,531,2019,8,COUPLES,141,5.0
5774,671,2020,12,Friends,119,3.0
5775,734,2020,2,Solo,65,3.0
5776,166,2024,4,Business,22,4.0
5777,1436,2020,1,Business,8,4.0
5778,882,2020,3,Couples,119,3.0
5779,1900,2020,12,Friends,46,4.0
5780,362,2021,1,Family,57,5.0
5781,1339,2024,10,Couples,126,4.0
5782,359,2019,12,Business,73,3.0
5783,1095,2021,2,Business,143,3.0
5784,982,2022,5,FAMILY,82,3.0
5785,898,2019,11,Friends,125,
5786,1310,2019,9,Couples,19,4.0
5787,1657,2024,1,Couples,60,5.0
5788,634,2020,11,Friends,28,5.0
5789,1700,2020,10,Friends,9,4.0
5790,370,2021,4,Couples,149,4.0
5791,587,2019,5,Friends,78,4.0
5792,622,2019,4,Friends,54,3.0
5793,1907,2019,7,Couples,57,4.0
5794,238,2022,10,Couples,37,3.0
5795,791,2021,9,Couples,19,4.0
5796,849,2020,12,Business,138,4.0
5797,1601,2024,2,Business,16,3.0
5798,972,2020,12,Friends,58,3.0
5799,1934,2019,11,FRIENDS,23,3.0
5800,1481,2019,5,Family,140,4.0
5801,1408,2023,2,Friends,31,4.0
5802,1506,2022,3,Solo,60,4.0
5803,324,2020,12,Family,114,4.0
5804,899,2020,1,Solo,86,3.0
5805,1173,2020,2,Solo,58,4.0
5806,417,2021,1,Couples,85,3.0
5807,238,2023,3,Solo,66,2.0
5808,272,2022,10,Solo,44,4.0
5809,1579,2023,1,Couples,90,4.0
5810,1314,2019,12,Family,55,4.0
5811,563,2022,5,Couples,145,5.0
5812,1475,2023,7,Couples,70,4.0
5813,1391,2020,8,Family,114,3.0
5814,1634,2022,10,Business,36,2.0
5815,1821,2019,8,Family,97,4.0
5816,1765,2024,1,Family,84,3.0
5817,363,2023,10,Business,112,3.0
5818,1539,2022,2,Family,70,4.0
5819,786,2022,7,Solo,108,3.0
5820,807,2023,11,Business,9,3.0
5821,1295,2021,7,Family,104,4.0
5822,1205,2024,6,Business,114,2.0
5823,840,2020,4,Couples,75,3.0
5824,1999,2023,10,Family,6,4.0
5825,350,2023,8,Couples,86,4.0
5826,194,2024,10,Family,118,4.0
5827,59,2019,11,Couples,70,4.0
5828,1629,2021,8,FRIENDS,15,4.0
5829,814,2022,5,Couples,60,4.0
5830,875,2022,8,Solo,150,3.0
5831,1299,2023,5,Family,41,3.0
5832,871,2022,3,Business,80,2.0
5833,1148,2020,5,Business,54,4.0
5834,117,2023,6,Family,107,5.0
5835,313,2021,3,Solo,65,4.0
5836,1865,2024,4,Family,58,4.0
5837,902,2022,7,Family,87,3.0
5838,335,2022,2,FRIENDS,86,3.0
5839,739,2022,2,Couples,75,
5840,670,2024,10,Family,39,4.0
5841,549,2024,11,Couples,17,4.0
5842,588,2022,4,Friends,104,3.0
5843,1459,2022,2,Friends,51,3.0
5844,214,2019,6,Couples,92,3.0
5845,620,2019,3,Business,57,3.0
5846,936,2023,11,Friends,129,3.0
5847,1081,2021,1,Family,107,4.0
5848,1762,2021,7,Family,61,3.0
5849,1847,2022,5,Family,50,3.0
5850,595,2020,6,Business,113,4.0
5851,1079,2020,10,Friends,2,3.0
5852,45,2019,4,Couples,9,3.0
5853,1235,2023,11,Family,13,3.0
5854,306,2022,12,Couples,52,4.0
5855,147,2020,6,Couples,75,4.0
5856,1344,2022,5,Friends,44,4.0
5857,357,2019,3,Family,29,3.0
5858,955,2023,10,Family,47,4.0
5859,202,2020,9,Friends,75,4.0
5860,1492,2020,6,Family,45,4.0
5861,1530,2024,9,Friends,87,4.0
5862,1150,2023,5,Friends,58,4.0
5863,1672,2023,9,Family,141,3.0
5864,874,2022,10,Business,149,4.0
5865,373,2022,6,BUSINESS,99,4.0
5866,303,2020,8,Family,84,4.0
5867,439,2020,7,Business,5,2.0
5868,401,2024,1,COUPLES,94,5.0
5869,647,2024,1,Couples,58,4.0
5870,429,2023,4,Business,44,4.0
5871,1183,2024,4,Couples,120,4.0
5872,297,2023,3,Couples,7,4.0
5873,1244,2021,12,Business,40,2.0
5874,669,2023,8,Friends,117,4.0
5875,1374,2023,1,Solo,139,3.0
5876,1026,2019,11,Family,78,3.0
5877,1811,2024,4,Solo,80,3.0
5878,880,2021,12,Couples,146,4.0
5879,591,2020,3,Friends,14,4.0
5880,1179,2021,2,Family,73,4.0
5881,1318,2020,2,Family,37,3.0
5882,879,2020,5,Family,72,4.0
5883,1120,2022,12,Friends,136,4.0
5884,942,2024,7,Business,90,5.0
5885,612,2021,2,Couples,149,4.0
5886,628,2020,4,Friends,76,4.0
5887,1815,2023,6,Family,130,4.0
5888,1351,2020,7,Couples,26,4.0
5889,191,2022,11,BUSINESS,49,2.0
5890,1925,2020,1,Business,42,4.0
5891,1425,2020,1,Family,116,4.0
5892,101,2020,9,Family,77,4.0
5893,1456,2021,2,Couples,34,3.0
5894,1180,2024,9,Friends,26,4.0
5895,1831,2023,5,Friends,58,3.0
5896,979,2023,5,Couples,24,
5897,1038,2019,2,Couples,105,3.0
5898,630,2019,10,Friends,128,4.0
5899,644,2021,3,Solo,146,4.0
5900,1236,2024,1,Solo,36,3.0
5901,1656,2019,8,Family,66,4.0
5902,1782,2023,2,Solo,76,3.0
5903,1542,2023,3,Business,75,3.0
5904,1220,2020,3,COUPLES,68,3.0
5905,1001,2019,8,Business,34,3.0
5906,680,2019,10,FAMILY,17,4.0
5907,1536,2019,11,Couples,61,4.0
5908,637,2024,12,Family,14,3.0
5909,536,2023,3,Business,10,3.0
5910,1736,2023,3,Family,79,4.0
5911,1180,2019,3,Friends,129,3.0
5912,709,2024,3,Friends,82,4.0
5913,1731,2023,1,Couples,4,5.0
5914,1926,2023,8,Business,127,2.0
5915,636,2021,1,Couples,103,3.0
5916,1043,2020,1,Family,46,4.0
5917,968,2023,5,Couples,41,4.0
5918,1404,2019,10,Friends,135,4.0
5919,1903,2020,6,Solo,72,4.0
5920,1098,2019,5,Couples,22,4.0
5921,1597,2019,3,Business,43,2.0
5922,1192,2022,9,Business,40,3.0
5923,1775,2020,4,Friends,61,4.0
5924,810,2024,12,BUSINESS,52,3.0
5925,771,2024,2,Friends,83,3.0
5926,845,2020,10,Family,49,4.0
5927,1994,2023,9,Family,97,4.0
5928,1223,2019,5,Friends,74,3.0
5929,306,2020,5,Couples,142,4.0
5930,82,2022,12,Friends,125,4.0
5931,1038,2020,9,Business,50,3.0
5932,1612,2019,1,Friends,7,4.0
5933,959,2019,7,Solo,88,3.0
5934,1121,2022,9,Couples,51,4.0
5935,1597,2020,5,Family,136,4.0
5936,1033,2020,9,Family,61,3.0
5937,1818,2020,8,Business,44,4.0
5938,1276,2024,4,Family,51,3.0
5939,1463,2024,1,Couples,130,5.0
5940,1563,2023,1,Friends,17,3.0
5941,1254,2019,9,Family,144,4.0
5942,101,2020,10,Family,36,3.0
5943,855,2024,5,Friends,128,4.0
5944,283,2022,6,Friends,82,4.0
5945,1021,2019,7,COUPLES,86,4.0
5946,287,2020,11,BUSINESS,31,3.0
5947,1019,2023,7,Couples,109,5.0
5948,688,2024,7,Friends,98,4.0
5949,41,2021,7,Couples,73,
5950,250,2019,2,Couples,69,4.0
5951,1007,2019,9,Couples,90,4.0
5952,158,2020,11,Couples,71,4.0
5953,1712,2023,2,Family,147,2.0
5954,1518,2023,1,Family,7,4.0
5955,1419,2020,6,Couples,38,3.0
5956,345,2024,10,Couples,128,4.0
5957,1592,2024,1,Friends,119,3.0
5958,1270,2024,9,Family,53,4.0
5959,781,2023,3,Family,76,
5960,1,2022,3,COUPLES,5,3.0
5961,1058,2024,3,Solo,27,4.0
5962,1592,2023,7,Business,142,3.0
5963,67,2023,8,Family,97,4.0
5964,106,2021,6,Friends,6,3.0
5965,766,2020,8,Couples,119,4.0
5966,1024,2022,10,Business,61,2.0
5967,949,2021,10,Friends,86,4.0
5968,853,2021,9,Family,129,4.0
5969,511,2023,7,Solo,126,4.0
5970,120,2022,3,Friends,21,4.0
5971,63,2020,9,Solo,55,4.0
5972,198,2020,9,Family,41,3.0
5973,1381,2022,11,Family,138,4.0
5974,1572,2020,9,Solo,118,3.0
5975,871,2020,2,Friends,98,3.0
5976,155,2020,7,Business,9,2.0
5977,832,2022,9,Family,121,3.0
5978,1972,2021,12,Business,85,4.0
5979,500,2021,4,Solo,41,4.0
5980,983,2019,11,Family,67,4.0
5981,1076,2019,4,Family,67,4.0
5982,660,2023,5,Solo,45,3.0
5983,877,2024,12,Couples,137,4.0
5984,944,2020,2,Family,138,3.0
5985,948,2024,3,Couples,8,5.0
5986,1436,2022,11,Business,141,4.0
5987,1162,2020,11,Business,61,2.0
5988,107,2022,2,Family,120,5.0
5989,13,2019,10,Business,118,2.0
5990,822,2021,8,Solo,90,3.0
5991,1816,2023,11,Couples,112,4.0
5992,74,2024,6,Couples,103,4.0
5993,143,2020,8,Business,128,3.0
5994,1359,2024,3,Couples,64,4.0
5995,902,2022,8,Family,111,3.0
5996,462,2020,6,Solo,147,3.0
5997,415,2023,5,Couples,143,4.0
5998,1331,2024,4,Couples,23,3.0
5999,1048,2020,5,Business,75,4.0
6000,1277,2019,3,Family,77,4.0
6001,561,2020,11,Business,94,3.0
6002,1053,2023,5,Business,98,3.0
6003,1721,2019,5,Friends,128,
6004,634,2020,12,FRIENDS,80,5.0
6005,793,2020,6,Couples,106,4.0
6006,328,2019,9,Family,135,3.0
6007,1278,2022,12,Friends,16,3.0
6008,66,2023,11,Business,97,5.0
6009,498,2019,5,Family,56,
6010,1427,2024,7,COUPLES,136,4.0
6011,39,2024,10,Family,83,4.0
6012,1979,2024,7,Couples,91,4.0
6013,809,2023,4,Friends,114,3.0
6014,798,2021,7,FAMILY,37,3.0
6015,1073,2020,1,Friends,82,3.0
6016,1279,2024,11,COUPLES,116,3.0
6017,920,2022,8,Family,117,3.0
6018,1769,2021,4,Solo,35,4.0
6019,1925,2021,6,Family,126,4.0
6020,401,2020,1,Family,25,5.0
6021,1414,2021,10,Family,40,3.0
6022,602,2023,7,Solo,129,2.0
6023,1992,2022,1,Family,93,4.0
6024,507,2021,6,Family,82,4.0
6025,591,2019,1,Friends,84,4.0
6026,1429,2021,5,Solo,146,3.0
6027,1579,2020,11,Friends,35,4.0
6028,258,2021,8,Business,45,3.0
6029,1112,2019,6,Family,74,4.0
6030,692,2024,7,Couples,127,5.0
6031,1224,2020,7,Family,83,3.0
6032,1114,2019,2,FAMILY,109,4.0
6033,1972,2022,3,Business,123,2.0
6034,1868,2021,10,Family,134,4.0
6035,1308,2024,12,Couples,70,5.0
6036,1359,2021,2,Friends,69,4.0
6037,1798,2022,11,Couples,13,4.0
6038,367,2024,1,Business,13,3.0
6039,1452,2024,7,Family,74,4.0
6040,1545,2023,10,Friends,113,4.0
6041,255,2022,3,Family,126,3.0
6042,1763,2023,12,Friends,62,4.0
6043,1399,2020,12,Friends,86,4.0
6044,695,2024,6,Business,122,2.0
6045,969,2024,11,Business,48,2.0
6046,980,2021,1,Couples,24,5.0
6047,1838,2019,7,Couples,139,4.0
6048,1939,2023,4,Family,82,4.0
6049,1614,2019,8,Couples,24,3.0
6050,1305,2019,4,Couples,38,4.0
6051,209,2024,6,Family,50,4.0
6052,1830,2022,9,Family,31,5.0
6053,268,2022,3,Solo,66,3.0
6054,334,2024,11,Family,122,4.0
6055,140,2024,9,Couples,111,3.0
6056,1896,2024,4,Couples,138,3.0
6057,987,2019,9,Business,126,4.0
6058,472,2020,4,Family,47,5.0
6059,162,2023,7,Family,9,4.0
6060,824,2019,8,Solo,23,4.0
6061,1448,2020,10,Couples,119,3.0
6062,1990,2022,5,Couples,52,5.0
6063,1105,2021,6,Business,109,3.0
6064,1215,2020,6,Family,69,4.0
6065,1672,2024,11,Solo,135,5.0
6066,1804,2021,11,COUPLES,77,4.0
6067,560,2021,3,Family,136,5.0
6068,1984,2022,2,Business,38,4.0
6069,1039,2023,12,Family,117,3.0
6070,1861,2021,3,Couples,79,5.0
6071,235,2024,3,Business,29,3.0
6072,195,2020,2,FAMILY,36,4.0
6073,1770,2024,2,Business,48,3.0
6074,1346,2024,1,Business,24,3.0
6075,351,2019,8,Couples,141,5.0
6076,1790,2023,7,Business,32,2.0
6077,205,2019,2,Family,90,5.0
6078,1365,2021,8,Couples,86,2.0
6079,411,2024,3,Family,81,2.0
6080,142,2020,7,Family,95,4.0
6081,1613,2022,9,COUPLES,138,4.0
6082,1695,2023,6,Couples,146,5.0
6083,212,2021,4,Family,132,4.0
6084,187,2019,11,Family,69,4.0
6085,1229,2019,10,Friends,110,4.0
6086,58,2022,11,Family,28,4.0
6087,1493,2019,2,Friends,133,4.0
6088,1832,2019,4,Family,30,3.0
6089,1503,2024,5,Friends,18,3.0
6090,462,2022,3,Family,125,4.0
6091,381,2021,5,Solo,114,4.0
6092,1362,2019,3,Friends,21,5.0
6093,124,2023,6,Couples,145,4.0
6094,1076,2022,9,Friends,17,3.0
6095,898,2020,5,Business,8,4.0
6096,1490,2023,9,Solo,144,3.0
6097,405,2020,5,Couples,34,4.0
6098,1525,2022,6,Family,36,3.0
6099,1399,2022,4,Business,120,3.0
6100,478,2020,2,Friends,92,4.0
6101,714,2024,1,Solo,79,3.0
6102,133,2023,3,Family,149,3.0
6103,899,2020,8,Couples,13,4.0
6104,522,2019,2,Family,139,3.0
6105,227,2020,6,Couples,41,4.0
6106,1120,2021,2,Solo,94,3.0
6107,1136,2022,5,COUPLES,49,3.0
6108,172,2021,4,Family,44,3.0
6109,372,2019,3,Business,49,3.0
6110,166,2023,7,Solo,84,4.0
6111,1358,2021,11,Family,132,3.0
6112,677,2021,8,Solo,17,3.0
6113,143,2022,3,Couples,100,4.0
6114,384,2024,11,Family,130,5.0
6115,1952,2019,12,Business,111,4.0
6116,512,2024,10,Friends,148,4.0
6117,1370,2022,3,Couples,3,3.0
6118,937,2022,3,Family,55,4.0
6119,364,2019,12,FAMILY,65,4.0
6120,615,2023,11,Business,81,4.0
6121,29,2023,6,Friends,48,3.0
6122,1494,2022,6,Friends,38,4.0
6123,669,2023,7,Family,128,4.0
6124,999,2024,11,Family,35,3.0
6125,306,2024,4,Business,144,4.0
6126,1649,2020,9,Family,6,4.0
6127,437,2023,12,Friends,64,2.0
6128,1133,2019,4,BUSINESS,92,4.0
6129,1746,2022,4,Solo,146,3.0
6130,1427,2019,2,Family,115,3.0
6131,1207,2020,9,Business,3,
6132,1777,2023,4,Couples,113,5.0
6133,353,2021,1,Family,49,4.0
6134,1928,2024,7,Solo,129,3.0
6135,1114,2019,7,Friends,117,4.0
6136,820,2024,1,Family,29,3.0
6137,512,2023,9,Solo,55,5.0
6138,1490,2021,7,Couples,124,3.0
6139,1953,2019,6,Couples,139,5.0
6140,1381,2019,5,Friends,91,3.0
6141,66,2021,8,Family,33,4.0
6142,939,2022,10,Couples,59,3.0
6143,1465,2022,10,Friends,120,2.0
6144,795,2020,5,Couples,90,4.0
6145,1546,2022,7,Family,31,4.0
6146,1415,2022,4,Friends,43,3.0
6147,135,2021,3,Couples,30,2.0
6148,1116,2020,11,Friends,71,4.0
6149,344,2021,5,Friends,67,4.0
6150,974,2023,4,Couples,82,3.0
6151,769,2022,9,Couples,142,4.0
6152,1614,2019,9,Friends,98,3.0
6153,1737,2024,4,Family,88,3.0
6154,923,2020,3,Couples,55,4.0
6155,1074,2023,8,Business,96,2.0
6156,1253,2019,12,Couples,144,4.0
6157,1311,2020,2,Family,2,4.0
6158,1271,2022,3,Friends,53,4.0
6159,1567,2024,12,Family,9,4.0
6160,1964,2022,9,Couples,31,4.0
6161,1657,2019,8,Solo,11,2.0
6162,270,2024,5,Couples,89,4.0
6163,953,2020,6,Couples,123,3.0
6164,923,2021,3,Solo,142,4.0
6165,1018,2019,10,Couples,36,4.0
6166,1057,2023,7,Family,105,4.0
6167,1437,2021,10,Friends,50,5.0
6168,843,2020,11,Couples,48,3.0
6169,527,2022,2,Family,92,4.0
6170,916,2020,11,Friends,102,4.0
6171,1709,2022,4,Couples,88,5.0
6172,623,2022,4,Friends,15,4.0
6173,42,2023,6,COUPLES,62,3.0
6174,1953,2023,4,Friends,43,3.0
6175,392,2022,5,Couples,1,4.0
6176,1206,2019,9,Family,7,3.0
6177,1601,2020,4,Family,68,3.0
6178,549,2022,8,Couples,16,3.0
6179,681,2022,5,Couples,111,4.0
6180,561,2022,4,FRIENDS,9,3.0
6181,300,2023,2,Friends,36,4.0
6182,306,2024,11,Business,148,3.0
6183,374,2022,2,Friends,107,3.0
6184,917,2019,7,Couples,84,4.0
6185,1062,2021,4,Family,3,3.0
6186,32,2020,12,Family,7,4.0
6187,1693,2022,1,Friends,137,5.0
6188,1352,2022,6,Family,120,5.0
6189,142,2022,7,Business,143,4.0
6190,1686,2022,12,Couples,122,2.0
6191,61,2020,2,Couples,1,
6192,1122,2020,10,Family,121,3.0
6193,931,2024,1,Couples,69,5.0
6194,1005,2021,4,Couples,104,
6195,1913,2020,11,Business,63,4.0
6196,1855,2024,5,Couples,109,3.0
6197,559,2019,8,Family,127,4.0
6198,1160,2021,5,Solo,147,2.0
6199,1919,2023,11,Couples,82,4.0
6200,1458,2021,2,Business,42,3.0
6201,1776,2024,12,Couples,92,5.0
6202,870,2021,3,Family,75,4.0
6203,567,2022,8,Family,31,4.0
6204,1022,2021,4,Couples,109,4.0
6205,1634,2021,10,Business,12,4.0
6206,1858,2021,9,Solo,61,3.0
6207,1372,2024,2,Family,104,3.0
6208,1414,2023,3,Friends,139,4.0
6209,1024,2021,9,Couples,94,4.0
6210,640,2021,7,Friends,147,3.0
6211,846,2021,7,Friends,125,4.0
6212,996,2023,5,Business,36,4.0
6213,1632,2022,9,Business,127,4.0
6214,1111,2022,12,Business,51,4.0
6215,1587,2021,2,Friends,95,4.0
6216,55,2021,9,Couples,31,5.0
6217,1514,2022,12,Couples,81,4.0
6218,1015,2023,3,Family,102,3.0
6219,1997,2024,6,Family,138,4.0
6220,944,2019,7,Family,142,3.0
6221,958,2020,10,Family,121,3.0
6222,255,2023,9,Couples,84,5.0
6223,1614,2019,12,Business,133,4.0
6224,1404,2022,7,Business,16,4.0
6225,1725,2021,11,Friends,150,4.0
6226,186,2020,7,SOLO,31,
6227,424,2022,4,Friends,61,3.0
6228,1754,2022,9,COUPLES,137,4.0
6229,85,2023,5,Couples,108,3.0
6230,1017,2023,8,Family,128,4.0
6231,810,2024,8,Business,104,3.0
6232,1879,2021,1,Solo,91,4.0
6233,1714,2023,7,Friends,27,4.0
6234,1794,2023,1,Solo,150,2.0
6235,579,2024,5,Friends,96,3.0
6236,1176,2022,8,Family,101,4.0
6237,1401,2020,8,Couples,65,4.0
6238,1935,2021,2,Friends,143,3.0
6239,15,2020,11,Family,68,3.0
6240,1955,2020,9,Friends,29,4.0
6241,711,2020,4,Couples,28,3.0
6242,257,2021,6,Family,105,3.0
6243,1232,2023,2,Family,112,4.0
6244,1564,2020,5,Couples,31,4.0
6245,260,2020,9,Family,105,3.0
6246,82,2019,11,Business,150,4.0
6247,1794,2020,8,Couples,80,5.0
6248,1868,2021,4,FAMILY,146,4.0
6249,313,2021,11,Business,24,3.0
6250,1809,2021,7,Friends,61,3.0
6251,1820,2020,9,Couples,84,4.0
6252,1995,2021,9,Friends,54,3.0
6253,433,2022,5,Business,16,2.0
6254,1158,2019,1,Family,69,4.0
6255,1989,2024,8,Family,51,4.0
6256,1806,2020,11,Friends,31,5.0
6257,1210,2019,11,Family,56,4.0
6258,395,2020,11,Couples,63,5.0
6259,169,2022,5,Family,133,3.0
6260,519,2022,11,Couples,74,3.0
6261,131,2019,1,Couples,63,4.0
6262,391,2021,4,Family,59,4.0
6263,150,2020,8,Friends,90,4.0
6264,1525,2024,4,Family,42,5.0
6265,1180,2020,1,Solo,132,
6266,1036,2024,3,Business,63,3.0
6267,1620,2022,12,Couples,64,4.0
6268,822,2024,6,Family,10,3.0
6269,806,2022,3,Family,133,4.0
6270,414,2019,8,Business,71,4.0
6271,890,2022,5,Couples,21,4.0
6272,350,2021,5,Solo,26,4.0
6273,1179,2023,12,Couples,55,4.0
6274,1995,2021,7,Couples,118,3.0
6275,1067,2020,1,Couples,15,4.0
6276,599,2019,12,Business,19,4.0
6277,1377,2023,1,Couples,85,4.0
6278,1641,2020,9,Couples,75,4.0
6279,944,2023,2,Couples,144,5.0
6280,501,2019,4,Couples,113,4.0
6281,1428,2019,12,Family,99,4.0
6282,375,2023,3,Couples,51,3.0
6283,1995,2021,12,Solo,94,4.0
6284,636,2022,4,Couples,88,3.0
6285,701,2019,5,Couples,42,4.0
6286,1454,2020,12,Friends,56,4.0
6287,25,2019,9,Friends,140,4.0
6288,406,2020,4,Family,81,4.0
6289,252,2020,9,Couples,71,3.0
6290,783,2021,6,Friends,120,4.0
6291,1108,2020,2,FAMILY,41,3.0
6292,360,2021,4,Couples,33,4.0
6293,689,2024,3,Couples,149,3.0
6294,1545,2019,6,Business,121,3.0
6295,1880,2024,11,Business,64,4.0
6296,29,2021,7,Business,142,4.0
6297,1255,2022,2,Couples,56,3.0
6298,52,2023,8,Solo,102,3.0
6299,1041,2023,7,Friends,6,3.0
6300,1759,2024,5,Business,105,2.0
6301,1597,2024,3,Business,27,3.0
6302,466,2019,9,Family,37,3.0
6303,518,2021,7,Couples,122,3.0
6304,1568,2022,6,Friends,31,3.0
6305,1640,2022,3,Solo,73,4.0
6306,562,2024,2,FAMILY,139,4.0
6307,7,2022,3,Couples,144,4.0
6308,889,2021,8,Friends,67,4.0
6309,1240,2024,1,Family,13,4.0
6310,888,2023,1,Family,44,4.0
6311,1870,2023,12,Friends,93,3.0
6312,1628,2022,4,Couples,51,5.0
6313,1576,2019,2,Couples,108,4.0
6314,41,2024,12,Friends,149,3.0
6315,1708,2023,5,Couples,94,3.0
6316,1511,2019,1,Business,94,4.0
6317,794,2020,6,Family,80,4.0
6318,1180,2021,1,Business,28,3.0
6319,1649,2020,4,Friends,87,3.0
6320,1813,2022,12,Solo,140,4.0
6321,1102,2022,10,Solo,104,3.0
6322,83,2020,6,Business,113,4.0
6323,1238,2023,5,Solo,130,5.0
6324,1361,2020,8,Business,59,2.0
6325,118,2019,8,Couples,51,3.0
6326,1635,2024,10,Business,146,4.0
6327,404,2020,7,Friends,69,2.0
6328,1781,2020,1,Couples,111,4.0
6329,1102,2023,11,Family,96,4.0
6330,645,2023,5,Friends,19,3.0
6331,118,2019,10,Couples,48,4.0
6332,36,2019,10,Friends,49,4.0
6333,1483,2024,3,Couples,27,4.0
6334,755,2022,7,Business,117,5.0
6335,1681,2021,10,Family,145,3.0
6336,462,2021,5,Friends,145,4.0
6337,1841,2022,10,Business,30,3.0
6338,1884,2023,7,FRIENDS,68,3.0
6339,204,2019,12,Couples,35,4.0
6340,1294,2020,11,Family,10,4.0
6341,1880,2024,12,Business,93,3.0
6342,647,2020,3,Couples,129,4.0
6343,136,2024,9,Family,12,4.0
6344,1751,2021,10,Family,97,3.0
6345,949,2020,6,COUPLES,6,5.0
6346,55,2022,3,Family,127,5.0
6347,1681,2022,4,Couples,10,4.0
6348,1358,2021,7,Couples,66,4.0
6349,141,2023,11,Business,19,3.0
6350,518,2019,11,Friends,62,3.0
6351,37,2019,11,Business,65,4.0
6352,1910,2022,12,Couples,81,3.0
6353,50,2022,2,COUPLES,125,3.0
6354,1592,2023,12,Family,150,5.0
6355,1023,2024,7,Couples,52,4.0
6356,1166,2024,2,Couples,139,4.0
6357,1624,2022,2,Solo,65,2.0
6358,1790,2022,4,Solo,18,3.0
6359,255,2024,4,Business,91,4.0
6360,36,2024,2,Family,109,3.0
6361,250,2019,5,Friends,46,4.0
6362,1366,2022,7,Solo,89,
6363,1138,2024,4,Couples,65,3.0
6364,168,2019,9,Friends,22,3.0
6365,469,2024,9,COUPLES,58,4.0
6366,1075,2023,5,Family,65,3.0
6367,1461,2019,1,Family,52,4.0
6368,687,2022,4,Friends,138,4.0
6369,1900,2021,8,Solo,59,3.0
6370,1985,2021,5,Business,94,3.0
6371,1533,2022,7,Couples,2,4.0
6372,909,2023,11,FAMILY,47,4.0
6373,1755,2024,10,Couples,133,4.0
6374,1456,2021,8,Family,134,4.0
6375,1040,2019,2,Friends,147,3.0
6376,888,2024,9,Family,9,3.0
6377,1665,2021,4,Friends,130,5.0
6378,1115,2023,5,COUPLES,41,4.0
6379,366,2023,9,Business,1,4.0
6380,2000,2019,10,Friends,14,
6381,137,2021,9,Family,113,4.0
6382,1391,2019,4,Family,89,3.0
6383,1312,2022,6,Business,86,2.0
6384,1173,2023,5,Friends,133,4.0
6385,104,2022,6,Business,15,4.0
6386,986,2020,10,Friends,13,3.0
6387,1785,2024,12,Business,140,4.0
6388,480,2019,5,Business,91,4.0
6389,1384,2019,4,Couples,117,4.0
6390,1718,2021,11,Couples,79,4.0
6391,1905,2024,2,Solo,22,4.0
6392,1033,2024,5,Family,79,4.0
6393,628,2022,12,Family,145,4.0
6394,1400,2024,11,Business,18,3.0
6395,973,2024,10,Family,19,4.0
6396,1255,2022,11,Business,52,4.0
6397,1484,2019,3,Family,69,5.0
6398,1421,2024,1,Solo,95,3.0
6399,486,2022,11,Couples,24,4.0
6400,1512,2019,6,Friends,141,3.0
6401,1084,2024,4,Solo,23,4.0
6402,1862,2021,6,Solo,31,4.0
6403,1319,2023,10,Friends,146,4.0
6404,1784,2020,6,Friends,57,3.0
6405,1958,2019,8,Couples,86,3.0
6406,1990,2021,7,Family,66,3.0
6407,1490,2021,6,Family,39,3.0
6408,1195,2024,12,Couples,77,5.0
6409,237,2019,12,Couples,117,4.0
6410,773,2024,6,Couples,2,5.0
6411,951,2019,10,Business,132,3.0
6412,1562,2024,9,Family,28,4.0
6413,1178,2023,2,Friends,138,3.0
6414,879,2021,11,Family,145,4.0
6415,294,2024,9,Family,140,5.0
6416,1432,2021,11,Family,98,
6417,864,2022,10,Business,136,4.0
6418,73,2019,12,Business,129,3.0
6419,569,2019,7,Couples,96,3.0
6420,1759,2021,1,Solo,134,3.0
6421,238,2020,4,Friends,52,4.0
6422,813,2020,2,Family,126,4.0
6423,1025,2021,3,Couples,139,3.0
6424,168,2022,7,Solo,96,3.0
6425,332,2019,12,Business,19,4.0
6426,1881,2023,10,Business,33,3.0
6427,1182,2024,6,Family,26,5.0
6428,421,2024,6,Family,80,4.0
6429,340,2020,7,Solo,66,4.0
6430,852,2024,5,Friends,125,4.0
6431,1448,2019,8,Solo,43,3.0
6432,1461,2019,12,Friends,25,4.0
6433,391,2023,2,Solo,93,3.0
6434,1452,2023,5,Family,21,4.0
6435,1793,2019,1,Family,136,4.0
6436,453,2021,11,Family,13,4.0
6437,53,2021,3,Solo,74,1.0
6438,1918,2023,8,Business,143,4.0
6439,1044,2022,1,Family,84,3.0
6440,1553,2022,6,Couples,122,5.0
6441,641,2019,11,Family,64,3.0
6442,599,2024,12,Family,114,3.0
6443,451,2022,2,Couples,107,4.0
6444,435,2023,8,FAMILY,78,4.0
6445,944,2021,3,FAMILY,16,
6446,212,2020,9,Couples,146,4.0
6447,1685,2023,7,Family,8,4.0
6448,1023,2020,10,Business,54,3.0
6449,1831,2020,11,Friends,97,4.0
6450,1005,2022,5,Solo,116,3.0
6451,607,2021,1,Business,81,3.0
6452,1030,2024,4,Couples,61,2.0
6453,309,2022,3,Business,62,3.0
6454,1649,2021,2,Friends,147,3.0
6455,1441,2019,9,Business,51,3.0
6456,295,2021,11,Family,129,4.0
6457,1164,2019,7,Couples,8,5.0
6458,1076,2020,7,Friends,99,5.0
6459,403,2020,8,Family,103,4.0
6460,245,2022,11,Family,102,4.0
6461,1521,2019,1,Family,64,4.0
6462,529,2019,7,Friends,104,4.0
6463,1038,2019,11,Family,67,4.0
6464,496,2024,2,Family,90,4.0
6465,1307,2024,7,Business,135,3.0
6466,98,2020,1,Couples,101,4.0
6467,719,2021,11,Couples,111,4.0
6468,1095,2020,8,Family,146,5.0
6469,879,2022,12,Family,33,3.0
6470,1225,2022,4,Solo,89,3.0
6471,361,2020,9,Couples,99,4.0
6472,884,2022,10,Family,105,3.0
6473,1514,2019,1,Friends,20,
6474,668,2022,10,Couples,115,3.0
6475,315,2023,9,Family,30,5.0
6476,1696,2019,8,Family,62,3.0
6477,1557,2023,7,Couples,108,3.0
6478,1361,2023,10,Business,40,3.0
6479,1597,2024,2,Business,19,4.0
6480,1558,2023,5,Couples,102,4.0
6481,1494,2019,4,Solo,43,4.0
6482,1019,2019,11,Couples,124,3.0
6483,39,2019,3,Business,135,4.0
6484,1195,2022,1,Family,53,3.0
6485,547,2023,12,SOLO,111,3.0
6486,1547,2022,5,Business,34,3.0
6487,937,2020,10,Friends,140,3.0
6488,1811,2020,3,Business,37,3.0
6489,1192,2019,9,Business,133,3.0
6490,1102,2021,12,Solo,118,4.0
6491,1839,2020,10,Friends,47,4.0
6492,951,2020,4,Family,124,3.0
6493,752,2019,8,Couples,95,4.0
6494,744,2020,10,Family,101,4.0
6495,1751,2024,11,Business,57,4.0
6496,1513,2020,4,Couples,36,3.0
6497,327,2024,3,Friends,105,2.0
6498,985,2019,6,Family,8,4.0
6499,743,2022,4,Family,53,3.0
6500,1294,2019,9,Business,22,3.0
6501,105,2021,8,Friends,1,4.0
6502,1429,2024,6,Solo,2,3.0
6503,1485,2023,10,Solo,15,4.0
6504,454,2022,3,Business,141,3.0
6505,302,2022,11,Business,116,5.0
6506,1256,2022,7,Family,149,5.0
6507,515,2023,12,Family,13,3.0
6508,1884,2022,8,Friends,150,3.0
6509,1551,2022,10,Couples,90,4.0
6510,1911,2019,3,Family,120,4.0
6511,1070,2024,3,Couples,129,3.0
6512,1877,2022,7,Solo,40,2.0
6513,28,2020,3,Business,112,2.0
6514,580,2019,1,Solo,98,3.0
6515,5,2022,6,Friends,63,3.0
6516,1356,2023,4,Business,74,3.0
6517,1022,2023,8,Friends,32,2.0
6518,576,2024,7,Couples,28,4.0
6519,610,2024,7,Couples,139,4.0
6520,1288,2022,10,Family,110,3.0
6521,361,2024,1,Solo,85,4.0
6522,1030,2019,10,Couples,105,4.0
6523,1228,2021,6,Couples,61,3.0
6524,480,2021,9,Family,38,4.0
6525,457,2023,10,Family,142,3.0
6526,709,2020,4,Business,149,2.0
6527,1185,2020,3,Couples,33,4.0
6528,509,2024,10,Business,121,3.0
6529,759,2022,8,Family,67,3.0
6530,1087,2022,3,Family,107,4.0
6531,374,2020,4,Friends,17,4.0
6532,1138,2022,11,COUPLES,72,5.0
6533,277,2021,7,Friends,19,4.0
6534,286,2022,11,Family,123,4.0
6535,474,2024,9,Business,60,3.0
6536,574,2020,3,Solo,40,2.0
6537,60,2023,3,Family,105,4.0
6538,1924,2022,12,Family,144,4.0
6539,617,2021,9,Business,51,4.0
6540,1610,2024,8,BUSINESS,108,3.0
6541,1804,2019,9,Family,104,4.0
6542,1602,2023,5,Friends,74,3.0
6543,1663,2021,4,Family,121,4.0
6544,201,2023,10,Business,20,3.0
6545,745,2019,11,Family,132,3.0
6546,1493,2023,11,Couples,61,4.0
6547,1152,2019,10,Business,7,3.0
6548,12,2021,11,Friends,149,5.0
6549,1135,2024,7,Family,117,3.0
6550,1610,2022,4,Friends,123,3.0
6551,1658,2021,1,COUPLES,23,4.0
6552,768,2020,4,Business,113,4.0
6553,473,2019,6,Family,105,3.0
6554,620,2019,2,Family,136,4.0
6555,593,2023,4,Family,56,4.0
6556,694,2020,12,Friends,140,4.0
6557,604,2019,4,Family,107,4.0
6558,915,2021,5,Family,39,3.0
6559,82,2021,8,Couples,33,4.0
6560,551,2024,11,Family,136,3.0
6561,630,2020,12,Family,97,3.0
6562,307,2020,10,Family,18,4.0
6563,1756,2019,2,Couples,19,5.0
6564,1351,2020,2,Solo,125,3.0
6565,1824,2022,9,Business,26,3.0
6566,1124,2020,11,Solo,33,3.0
6567,220,2023,8,Friends,93,3.0
6568,1810,2023,11,Family,130,5.0
6569,917,2021,9,Business,51,2.0
6570,1369,2020,5,Family,100,3.0
6571,763,2023,11,Business,106,3.0
6572,989,2024,10,Solo,91,4.0
6573,979,2024,5,Couples,103,4.0
6574,570,2024,8,COUPLES,35,4.0
6575,1110,2023,7,Family,94,5.0
6576,1468,2023,2,Business,1,4.0
6577,41,2024,4,Family,110,4.0
6578,262,2021,3,Friends,119,4.0
6579,1685,2024,4,Couples,120,4.0
6580,1140,2019,7,Couples,5,4.0
6581,1948,2023,7,Family,137,3.0
6582,1210,2021,11,Family,66,4.0
6583,1307,2020,1,Family,13,4.0
6584,1799,2023,10,Couples,81,3.0
6585,1321,2020,3,Family,86,3.0
6586,660,2024,5,Couples,61,4.0
6587,1056,2023,2,Couples,113,4.0
6588,472,2019,1,Family,82,3.0
6589,669,2024,2,COUPLES,33,3.0
6590,1361,2019,3,Family,94,4.0
6591,298,2023,5,Business,40,3.0
6592,1344,2023,4,Family,18,4.0
6593,1169,2022,2,Business,41,3.0
6594,617,2022,5,Couples,136,3.0
6595,90,2023,2,Friends,86,3.0
6596,1410,2024,9,Solo,48,3.0
6597,1650,2023,9,Solo,55,2.0
6598,1461,2020,1,Family,129,3.0
6599,842,2022,8,Couples,100,5.0
6600,1308,2020,11,Friends,117,
6601,830,2019,12,Family,92,5.0
6602,717,2019,1,Solo,149,4.0
6603,655,2021,12,Family,99,3.0
6604,422,2024,5,Family,61,5.0
6605,1939,2019,11,Business,38,4.0
6606,1333,2019,3,Couples,7,3.0
6607,350,2019,9,Family,116,5.0
6608,1731,2020,10,Solo,140,4.0
6609,303,2022,4,Family,100,4.0
6610,1188,2023,9,Business,74,3.0
6611,332,2019,3,Couples,20,4.0
6612,723,2023,9,Business,97,3.0
6613,1318,2024,12,Solo,31,4.0
6614,1999,2019,4,Business,94,4.0
6615,1984,2021,12,Business,46,
6616,1792,2023,9,Family,130,4.0
6617,471,2023,7,Family,141,4.0
6618,188,2020,4,Friends,36,3.0
6619,1812,2019,7,Couples,49,3.0
6620,1847,2021,12,Friends,139,4.0
6621,558,2024,1,Family,3,4.0
6622,39,2024,11,Business,78,3.0
6623,1296,2021,2,Business,22,3.0
6624,153,2022,11,Family,65,4.0
6625,81,2022,7,Family,5,3.0
6626,1875,2021,11,Family,22,3.0
6627,992,2022,3,Business,61,3.0
6628,225,2020,1,Business,10,3.0
6629,1310,2022,6,Business,120,
6630,739,2022,10,Friends,87,3.0
6631,1073,2022,10,Family,68,4.0
6632,1798,2024,10,Business,71,2.0
6633,476,2023,10,Family,126,3.0
6634,1294,2023,10,Solo,127,4.0
6635,1657,2023,11,Business,8,4.0
6636,848,2022,3,Couples,103,4.0
6637,1941,2020,3,Couples,71,5.0
6638,897,2022,1,Couples,118,4.0
6639,919,2024,6,Couples,119,5.0
6640,1769,2024,4,Solo,107,5.0
6641,1272,2021,8,Friends,102,3.0
6642,1738,2021,7,Friends,32,5.0
6643,1581,2020,7,Solo,128,5.0
6644,1425,2019,8,Couples,106,3.0
6645,483,2020,12,Friends,42,3.0
6646,798,2019,2,Solo,35,4.0
6647,1729,2021,4,Family,76,3.0
6648,1233,2019,6,Solo,52,2.0
6649,561,2020,1,Friends,102,3.0
6650,655,2023,10,Couples,61,4.0
6651,1552,2024,5,Couples,26,4.0
6652,357,2024,3,Family,60,4.0
6653,225,2022,7,Family,123,5.0
6654,1531,2022,3,Couples,125,3.0
6655,577,2024,5,Business,47,5.0
6656,1531,2022,8,Business,120,5.0
6657,1068,2019,4,Business,14,2.0
6658,1996,2024,10,Family,148,3.0
6659,1050,2022,4,Business,115,3.0
6660,1735,2022,2,Business,7,2.0
6661,1701,2019,6,Solo,106,4.0
6662,424,2021,3,Family,75,4.0
6663,1993,2021,9,Solo,133,3.0
6664,1492,2023,7,Couples,36,4.0
6665,215,2021,2,Couples,134,4.0
6666,13,2021,5,Family,131,4.0
6667,543,2023,11,Solo,42,5.0
6668,33,2019,10,Family,65,2.0
6669,716,2023,8,Solo,97,3.0
6670,1993,2019,11,Business,37,3.0
6671,958,2020,2,Couples,150,
6672,48,2021,9,Friends,29,4.0
6673,988,2020,1,Family,37,4.0
6674,439,2019,8,Couples,76,3.0
6675,1713,2021,1,Couples,71,5.0
6676,182,2023,5,Friends,8,3.0
6677,1542,2020,2,Couples,137,5.0
6678,892,2020,4,Family,37,3.0
6679,38,2023,8,Couples,16,4.0
6680,1347,2024,10,COUPLES,78,4.0
6681,911,2022,12,Couples,140,
6682,1544,2022,12,Business,1,4.0
6683,1237,2023,2,Family,74,4.0
6684,1575,2019,12,Couples,137,4.0
6685,921,2024,4,Friends,134,3.0
6686,16,2021,11,Family,26,5.0
6687,262,2021,11,Couples,94,4.0
6688,918,2022,12,Family,126,3.0
6689,795,2024,7,Family,101,4.0
6690,1589,2024,10,Business,99,4.0
6691,824,2023,6,Couples,116,4.0
6692,1721,2021,1,Family,68,
6693,376,2019,6,BUSINESS,11,2.0
6694,770,2020,3,Friends,96,2.0
6695,1513,2024,2,Couples,95,5.0
6696,249,2019,2,Couples,128,3.0
6697,643,2021,3,Business,139,3.0
6698,1504,2021,10,Business,51,2.0
6699,1178,2023,12,Couples,144,5.0
6700,1557,2021,11,Couples,2,4.0
6701,1032,2023,8,Couples,146,4.0
6702,1719,2022,11,Family,21,3.0
6703,1755,2024,4,Couples,97,4.0
6704,1950,2020,11,Solo,103,4.0
6705,245,2023,12,Family,95,3.0
6706,1183,2023,2,Friends,149,4.0
6707,229,2023,5,Family,83,4.0
6708,458,2021,4,Couples,20,4.0
6709,601,2020,2,Family,92,4.0
6710,1293,2022,3,Family,44,5.0
6711,863,2024,12,Family,92,4.0
6712,1730,2020,3,Solo,58,4.0
6713,598,2022,8,Couples,7,3.0
6714,1235,2020,11,Business,96,3.0
6715,1527,2023,10,Friends,14,4.0
6716,1961,2021,6,Business,50,5.0
6717,491,2024,1,Friends,93,3.0
6718,1468,2019,6,Friends,133,3.0
6719,170,2019,4,FRIENDS,48,3.0
6720,1087,2024,11,Business,45,3.0
6721,828,2021,12,Couples,46,4.0
6722,1918,2019,3,Family,87,3.0
6723,1547,2024,2,Couples,30,4.0
6724,1855,2021,10,Friends,80,4.0
6725,1702,2024,11,Family,121,4.0
6726,822,2021,12,FAMILY,13,4.0
6727,1467,2023,10,Couples,145,4.0
6728,61,2022,6,Family,80,4.0
6729,1116,2021,5,Couples,95,5.0
6730,95,2021,1,Family,93,3.0
6731,1449,2020,11,COUPLES,142,3.0
6732,1934,2023,12,Family,100,4.0
6733,1363,2022,12,Friends,133,4.0
6734,1680,2019,7,Business,43,3.0
6735,469,2021,11,Couples,33,4.0
6736,1988,2021,1,Family,97,
6737,1102,2024,5,Friends,24,4.0
6738,1349,2021,2,Couples,17,4.0
6739,1542,2022,8,Couples,32,
6740,1280,2019,1,Friends,41,3.0
6741,635,2021,4,Family,15,4.0
6742,1223,2020,6,Couples,110,5.0
6743,1308,2021,2,Business,88,4.0
6744,1715,2024,2,Family,31,5.0
6745,963,2024,11,Couples,43,5.0
6746,1004,2020,4,Family,140,4.0
6747,1007,2022,12,Friends,137,4.0
6748,229,2024,5,Family,19,4.0
6749,181,2020,1,Couples,93,
6750,41,2021,2,Couples,49,3.0
6751,1333,2022,9,Friends,54,4.0
6752,838,2019,1,Friends,90,3.0
6753,1732,2021,12,Solo,148,3.0
6754,1405,2019,4,Friends,88,
6755,283,2020,8,Family,143,4.0
6756,201,2019,6,Friends,124,3.0
6757,733,2023,1,Couples,117,3.0
6758,1842,2024,9,Friends,119,3.0
6759,98,2020,1,Family,119,3.0
6760,375,2019,10,Family,39,5.0
6761,60,2021,7,Couples,147,3.0
6762,828,2019,4,Family,138,3.0
6763,1980,2021,12,Couples,91,5.0
6764,1368,2022,3,Couples,107,4.0
6765,987,2021,4,Family,133,3.0
6766,289,2022,8,Friends,23,5.0
6767,712,2022,5,Friends,10,4.0
6768,1050,2019,6,Couples,150,4.0
6769,550,2023,10,Friends,84,3.0
6770,1411,2023,11,Family,109,4.0
6771,1961,2019,10,Couples,76,4.0
6772,412,2021,1,Solo,78,3.0
6773,505,2020,12,Couples,6,5.0
6774,253,2021,6,Friends,44,3.0
6775,1452,2023,11,Couples,14,4.0
6776,924,2022,4,Friends,65,4.0
6777,568,2024,8,FRIENDS,4,3.0
6778,439,2022,12,Family,121,4.0
6779,141,2019,12,Business,45,4.0
6780,953,2023,8,Couples,112,4.0
6781,1367,2019,8,Couples,9,4.0
6782,471,2021,1,Friends,5,3.0
6783,4,2024,8,Family,64,4.0
6784,947,2024,6,Couples,119,5.0
6785,1352,2019,1,Couples,122,3.0
6786,690,2024,12,Couples,82,4.0
6787,501,2024,6,Family,93,3.0
6788,309,2024,10,Couples,104,3.0
6789,1493,2023,1,Friends,102,4.0
6790,1724,2019,3,Family,112,4.0
6791,1540,2019,11,Couples,5,3.0
6792,1037,2022,12,Couples,65,4.0
6793,1449,2019,1,Family,126,4.0
6794,794,2020,11,SOLO,66,4.0
6795,49,2024,4,BUSINESS,22,3.0
6796,736,2024,3,Couples,100,5.0
6797,1408,2020,12,Family,46,3.0
6798,1295,2022,7,Couples,77,3.0
6799,1981,2022,10,Couples,78,4.0
6800,1995,2020,2,Family,105,2.0
6801,486,2020,10,Couples,140,4.0
6802,20,2021,5,Family,105,3.0
6803,549,2022,9,Friends,150,3.0
6804,1753,2023,8,Solo,3,3.0
6805,1628,2024,1,Family,118,3.0
6806,198,2019,11,Couples,63,4.0
6807,321,2022,4,Couples,110,4.0
6808,1128,2022,5,Couples,13,4.0
6809,1322,2019,10,Family,80,2.0
6810,1965,2024,11,Business,5,3.0
6811,1511,2022,11,Couples,100,2.0
6812,424,2023,6,COUPLES,33,4.0
6813,75,2022,5,Couples,22,4.0
6814,1268,2021,10,Family,12,4.0
6815,1108,2020,4,Solo,41,3.0
6816,1844,2021,8,Family,144,4.0
6817,1152,2023,3,COUPLES,148,3.0
6818,1003,2022,3,Family,13,5.0
6819,607,2022,7,Family,147,4.0
6820,173,2019,11,Friends,89,3.0
6821,1753,2019,4,Friends,49,4.0
6822,1653,2023,9,Business,142,3.0
6823,326,2024,1,FAMILY,37,3.0
6824,1408,2021,9,Couples,28,5.0
6825,729,2021,5,Couples,35,5.0
6826,875,2024,1,Solo,22,3.0
6827,1698,2020,7,Friends,73,4.0
6828,1685,2022,3,Couples,22,4.0
6829,382,2019,8,Friends,34,4.0
6830,616,2020,1,Couples,56,4.0
6831,1643,2021,5,Business,98,4.0
6832,1834,2023,3,Friends,129,2.0
6833,159,2020,4,Friends,12,3.0
6834,1668,2021,1,Couples,95,4.0
6835,979,2020,4,Friends,16,
6836,1181,2019,2,Business,149,4.0
6837,151,2023,8,Family,42,3.0
6838,1361,2023,6,Solo,129,3.0
6839,1356,2022,4,Friends,117,4.0
6840,1326,2022,8,Family,49,4.0
6841,1582,2019,12,Couples,49,4.0
6842,1893,2022,7,Friends,48,3.0
6843,1700,2023,4,Solo,71,5.0
6844,1490,2021,5,Couples,67,3.0
6845,1963,2023,10,Business,99,5.0
6846,1350,2020,2,COUPLES,70,3.0
6847,1345,2022,4,Family,119,4.0
6848,1085,2021,6,Couples,70,3.0
6849,1539,2024,8,Family,47,5.0
6850,143,2020,7,Couples,50,3.0
6851,1012,2020,9,Solo,110,3.0
6852,851,2023,12,Couples,22,4.0
6853,1826,2019,3,Friends,43,5.0
6854,146,2022,6,Solo,47,4.0
6855,1288,2019,5,Family,97,3.0
6856,369,2022,2,Couples,20,3.0
6857,1768,2020,2,Friends,68,4.0
6858,1704,2020,8,Family,102,4.0
6859,471,2021,7,Family,139,4.0
6860,1744,2020,4,Business,66,3.0
6861,994,2019,11,Couples,148,4.0
6862,1943,2022,4,Family,92,4.0
6863,1460,2022,8,Family,117,5.0
6864,69,2022,12,SOLO,37,3.0
6865,406,2024,9,Family,138,4.0
6866,808,2023,9,Couples,39,4.0
6867,423,2023,4,Family,21,4.0
6868,265,2022,11,Business,12,4.0
6869,1957,2023,6,Business,99,3.0
6870,1739,2023,4,Couples,95,5.0
6871,870,2022,9,BUSINESS,30,3.0
6872,431,2022,7,Business,132,4.0
6873,364,2023,2,Business,42,5.0
6874,1832,2024,1,Couples,92,5.0
6875,663,2021,2,Friends,79,4.0
6876,26,2020,2,COUPLES,89,4.0
6877,795,2021,3,Solo,112,3.0
6878,909,2019,5,Friends,140,4.0
6879,1247,2020,3,Friends,109,3.0
6880,678,2024,11,Couples,137,4.0
6881,1847,2019,12,Couples,131,4.0
6882,1288,2024,12,Family,54,3.0
6883,1974,2022,2,Family,84,4.0
6884,735,2020,7,Business,30,3.0
6885,1304,2021,2,Couples,139,4.0
6886,731,2024,9,Family,146,5.0
6887,1400,2019,2,Family,134,3.0
6888,1492,2022,4,Couples,112,4.0
6889,644,2020,3,Couples,128,5.0
6890,1876,2022,6,Family,120,4.0
6891,1715,2023,5,Family,35,4.0
6892,1789,2024,7,Friends,40,2.0
6893,436,2020,3,Friends,80,3.0
6894,1436,2022,7,Family,64,5.0
6895,213,2021,2,Couples,111,4.0
6896,212,2022,1,Couples,111,4.0
6897,1947,2019,2,BUSINESS,147,3.0
6898,306,2024,4,Family,119,4.0
6899,1729,2020,10,Friends,2,3.0
6900,862,2019,4,Family,52,4.0
6901,608,2023,7,Family,50,4.0
6902,147,2021,9,Couples,96,3.0
6903,1351,2019,9,Family,52,2.0
6904,1443,2023,8,Couples,147,3.0
6905,935,2020,3,Couples,44,3.0
6906,1620,2024,8,Family,66,4.0
6907,647,2024,4,Business,123,3.0
6908,1104,2022,8,Couples,56,4.0
6909,574,2021,12,Business,7,3.0
6910,1165,2021,1,Couples,50,3.0
6911,273,2022,2,Couples,54,3.0
6912,953,2024,3,Family,92,4.0
6913,1099,2022,6,Couples,107,5.0
6914,1114,2019,6,Business,83,3.0
6915,894,2020,4,Couples,62,5.0
6916,1288,2022,11,Couples,76,4.0
6917,1025,2021,1,Friends,22,4.0
6918,567,2021,7,Friends,28,3.0
6919,431,2021,7,Family,92,3.0
6920,1296,2022,10,Family,130,5.0
6921,1878,2020,7,Friends,79,4.0
6922,1507,2019,2,Couples,10,3.0
6923,1278,2020,4,Family,148,4.0
6924,1844,2023,3,Family,49,4.0
6925,1800,2022,6,Family,113,3.0
6926,1013,2023,11,Friends,135,4.0
6927,219,2019,5,Friends,148,4.0
6928,1269,2019,5,Family,18,5.0
6929,1246,2019,6,Solo,28,3.0
6930,555,2022,2,Family,97,4.0
6931,1699,2022,11,Family,115,4.0
6932,1740,2019,8,Family,126,5.0
6933,662,2021,9,Friends,83,4.0
6934,954,2019,5,Solo,24,4.0
6935,391,2022,4,Family,107,4.0
6936,357,2022,6,Couples,101,4.0
6937,531,2019,3,Family,71,4.0
6938,732,2019,1,Couples,96,4.0
6939,546,2023,9,Family,32,4.0
6940,304,2024,11,Solo,122,3.0
6941,895,2024,3,Friends,7,4.0
6942,1248,2022,8,Family,126,4.0
6943,652,2022,11,Couples,126,4.0
6944,1068,2023,9,Family,104,4.0
6945,543,2024,10,Couples,123,4.0
6946,1408,2024,11,Solo,137,4.0
6947,1298,2021,4,Couples,25,5.0
6948,1921,2021,1,Friends,82,3.0
6949,107,2019,10,Family,97,4.0
6950,1707,2020,10,FAMILY,142,3.0
6951,681,2021,3,Solo,111,3.0
6952,133,2023,11,Family,90,4.0
6953,1380,2021,1,Family,84,4.0
6954,344,2022,5,Business,22,3.0
6955,352,2024,12,Business,48,2.0
6956,1960,2021,5,Family,65,3.0
6957,442,2021,10,Couples,133,4.0
6958,1095,2023,1,Family,130,4.0
6959,402,2020,6,Couples,97,4.0
6960,248,2021,10,Couples,16,4.0
6961,2,2024,11,Friends,109,4.0
6962,33,2021,6,Friends,69,4.0
6963,948,2020,1,Solo,98,3.0
6964,869,2024,7,COUPLES,65,4.0
6965,78,2022,9,Couples,109,4.0
6966,700,2023,6,Couples,33,3.0
6967,546,2020,12,Solo,22,4.0
6968,1143,2023,4,Family,33,3.0
6969,1990,2024,10,Solo,139,3.0
6970,1384,2019,10,Friends,12,5.0
6971,1837,2020,6,Couples,43,4.0
6972,385,2022,2,Family,52,3.0
6973,431,2023,5,Family,126,3.0
6974,1502,2019,10,Family,54,4.0
6975,621,2022,11,Solo,135,2.0
6976,1698,2019,6,Couples,149,4.0
6977,928,2024,4,Friends,98,4.0
6978,402,2023,10,Couples,52,5.0
6979,1689,2024,12,FRIENDS,90,3.0
6980,1101,2020,2,Couples,101,3.0
6981,1606,2023,4,Family,17,3.0
6982,905,2021,10,Family,125,3.0
6983,253,2019,2,Family,66,4.0
6984,1363,2021,12,Solo,127,3.0
6985,249,2021,3,Friends,92,4.0
6986,1327,2022,6,Couples,130,4.0
6987,834,2024,7,Couples,13,3.0
6988,1584,2020,5,Couples,7,3.0
6989,1741,2022,2,Couples,17,4.0
6990,815,2020,1,Couples,132,4.0
6991,1765,2024,5,Couples,150,4.0
6992,222,2021,4,Friends,150,4.0
6993,215,2023,11,Solo,50,3.0
6994,1988,2020,8,Couples,40,4.0
6995,1149,2020,2,Friends,53,3.0
6996,902,2024,10,Couples,123,4.0
6997,312,2020,8,Family,38,5.0
6998,578,2022,2,Couples,83,2.0
6999,1373,2020,5,Couples,97,4.0
7000,1644,2021,9,Family,55,3.0
7001,1833,2023,8,Friends,71,4.0
7002,816,2023,7,Family,100,3.0
7003,910,2021,6,Friends,119,3.0
7004,327,2022,9,Business,29,4.0
7005,167,2019,11,Family,77,4.0
7006,876,2020,3,Business,24,3.0
7007,1159,2023,5,Business,3,4.0
7008,209,2022,11,COUPLES,97,4.0
7009,818,2019,7,Business,73,3.0
7010,1284,2024,3,Friends,39,4.0
7011,1622,2021,2,Family,9,4.0
7012,1877,2020,9,Family,142,3.0
7013,681,2021,6,Business,125,3.0
7014,784,2021,10,COUPLES,141,3.0
7015,1750,2022,2,Family,18,5.0
7016,1387,2019,8,Business,3,5.0
7017,548,2019,7,Couples,33,4.0
7018,1371,2024,6,Business,16,3.0
7019,316,2023,6,Solo,69,4.0
7020,899,2021,4,Family,97,3.0
7021,613,2024,10,Business,30,3.0
7022,1986,2023,4,Family,60,5.0
7023,70,2023,6,Friends,81,4.0
7024,1714,2023,11,Couples,48,4.0
7025,563,2024,8,Couples,70,5.0
7026,73,2024,1,Solo,89,3.0
7027,1321,2020,1,Friends,143,3.0
7028,1357,2023,7,FAMILY,47,4.0
7029,285,2019,9,Couples,14,5.0
7030,77,2022,6,Couples,131,5.0
7031,223,2019,12,Friends,87,4.0
7032,818,2020,11,Family,71,4.0
7033,265,2023,6,Couples,109,3.0
7034,1407,2021,3,Business,148,4.0
7035,156,2019,1,Business,20,3.0
7036,1578,2024,1,Friends,130,4.0
7037,1750,2024,8,Family,96,3.0
7038,1434,2020,5,COUPLES,88,4.0
7039,1889,2022,2,Family,130,5.0
7040,1879,2020,1,FRIENDS,46,3.0
7041,94,2023,6,Family,119,4.0
7042,684,2023,8,Couples,86,4.0
7043,1521,2021,1,Solo,141,4.0
7044,680,2024,6,Business,71,4.0
7045,1475,2023,6,Family,109,3.0
7046,1549,2019,1,Couples,75,3.0
7047,1994,2021,11,Friends,60,4.0
7048,660,2023,3,Family,57,
7049,696,2022,2,Couples,139,4.0
7050,49,2019,2,Family,126,5.0
7051,572,2023,6,Family,34,4.0
7052,562,2021,9,Family,130,3.0
7053,907,2020,4,Business,88,4.0
7054,843,2023,10,Couples,16,4.0
7055,1714,2024,4,Solo,115,3.0
7056,1548,2022,3,Couples,25,4.0
7057,1458,2023,8,Family,131,4.0
7058,11,2020,10,Couples,69,4.0
7059,944,2023,9,Friends,138,4.0
7060,1460,2024,7,Family,73,5.0
7061,490,2020,11,Friends,13,4.0
7062,850,2024,11,Family,116,4.0
7063,1455,2019,4,Family,109,2.0
7064,1590,2021,8,Solo,46,3.0
7065,1710,2019,1,FRIENDS,31,3.0
7066,860,2021,1,Family,130,5.0
7067,800,2022,6,Family,117,4.0
7068,766,2024,9,Family,45,4.0
7069,1338,2019,8,Family,106,4.0
7070,840,2024,2,Family,37,4.0
7071,801,2024,9,Friends,28,3.0
7072,337,2019,8,Solo,100,2.0
7073,957,2024,10,Family,125,3.0
7074,475,2024,8,Family,138,4.0
7075,1050,2019,11,Couples,70,4.0
7076,1778,2019,5,Friends,22,5.0
7077,1552,2023,1,Friends,82,4.0
7078,957,2021,8,Solo,103,3.0
7079,1956,2020,12,FAMILY,146,4.0
7080,1961,2021,2,Friends,17,3.0
7081,889,2021,12,Business,99,4.0
7082,1528,2024,10,Family,77,5.0
7083,685,2020,1,Couples,89,4.0
7084,1758,2019,7,Family,14,3.0
7085,748,2023,4,Couples,3,4.0
7086,517,2024,8,Couples,91,4.0
7087,268,2024,10,Friends,30,4.0
7088,1686,2024,5,FAMILY,93,4.0
7089,594,2019,6,Couples,4,3.0
7090,1627,2023,1,Friends,121,3.0
7091,173,2020,1,Business,50,3.0
7092,1002,2021,10,Couples,68,4.0
7093,856,2021,5,Couples,52,5.0
7094,878,2024,11,Couples,63,3.0
7095,335,2022,7,Friends,80,3.0
7096,148,2020,5,Family,97,4.0
7097,693,2019,11,Family,104,4.0
7098,941,2022,1,Family,149,4.0
7099,1588,2023,10,Couples,27,5.0
7100,925,2023,1,Family,131,5.0
7101,492,2024,12,Friends,91,5.0
7102,525,2019,7,Family,47,4.0
7103,1224,2021,6,Family,138,4.0
7104,872,2022,8,Couples,107,5.0
7105,1803,2024,10,Business,28,3.0
7106,880,2020,4,Business,27,4.0
7107,1134,2023,2,Friends,99,4.0
7108,128,2020,12,Couples,110,3.0
7109,388,2022,7,Friends,7,4.0
7110,1701,2023,4,Family,95,4.0
7111,690,2023,11,Family,80,4.0
7112,843,2021,1,FAMILY,146,3.0
7113,1181,2021,11,Couples,112,5.0
7114,116,2024,1,Solo,137,4.0
7115,1014,2022,8,Couples,6,5.0
7116,693,2021,1,Friends,115,3.0
7117,298,2020,2,Couples,51,4.0
7118,837,2023,4,Family,84,4.0
7119,894,2023,3,FAMILY,132,3.0
7120,373,2022,1,Couples,131,4.0
7121,1087,2019,9,Couples,34,3.0
7122,1493,2019,10,Family,37,3.0
7123,535,2020,4,Friends,109,5.0
7124,1934,2019,9,Family,132,4.0
7125,1225,2021,4,Business,92,3.0
7126,1547,2021,3,Couples,9,3.0
7127,141,2021,11,Solo,25,4.0
7128,1535,2024,7,Business,113,3.0
7129,674,2020,1,Family,112,3.0
7130,1421,2023,9,Couples,135,3.0
7131,1609,2020,5,Family,80,4.0
7132,501,2022,1,Couples,65,5.0
7133,519,2024,3,Solo,17,3.0
7134,120,2024,4,Family,118,4.0
7135,1211,2022,1,Couples,143,4.0
7136,1549,2020,9,Family,7,3.0
7137,821,2021,3,Business,74,4.0
7138,322,2021,2,Solo,54,2.0
7139,633,2024,3,Couples,112,4.0
7140,806,2021,9,Friends,115,3.0
7141,1833,2023,7,Friends,33,4.0
7142,249,2024,10,Couples,143,5.0
7143,687,2019,6,Solo,21,3.0
7144,1277,2024,9,Solo,118,3.0
7145,474,2022,6,Friends,112,3.0
7146,1770,2022,8,Family,25,4.0
7147,1819,2020,11,Family,102,3.0
7148,761,2021,8,Business,41,3.0
7149,1492,2022,6,Solo,42,3.0
7150,1512,2020,11,Couples,13,3.0
7151,1364,2023,8,FRIENDS,112,3.0
7152,373,2023,12,Friends,122,3.0
7153,100,2019,8,Solo,76,3.0
7154,695,2020,9,Friends,117,4.0
7155,263,2022,7,Friends,53,2.0
7156,585,2023,11,Friends,85,4.0
7157,1277,2020,4,Family,119,4.0
7158,1178,2024,7,Business,65,2.0
7159,419,2022,11,Solo,93,4.0
7160,36,2022,3,Family,22,4.0
7161,452,2019,6,Friends,77,4.0
7162,910,2022,1,Couples,128,4.0
7163,1559,2023,7,Family,116,3.0
7164,731,2020,5,Family,46,5.0
7165,572,2022,7,Solo,82,4.0
7166,1103,2019,3,Couples,93,4.0
7167,144,2020,10,Family,141,4.0
7168,451,2019,12,Couples,125,4.0
7169,73,2023,7,Family,123,3.0
7170,1052,2024,8,Family,113,4.0
7171,887,2019,6,Business,54,3.0
7172,1166,2023,4,Family,57,4.0
7173,1235,2022,6,Friends,70,3.0
7174,791,2023,6,Friends,64,5.0
7175,1738,2022,10,Friends,144,4.0
7176,1837,2024,9,Business,132,3.0
7177,222,2019,4,Family,135,4.0
7178,1841,2019,8,Family,92,4.0
7179,394,2020,12,FRIENDS,29,3.0
7180,497,2023,6,Friends,22,4.0
7181,1060,2019,11,Family,42,4.0
7182,59,2019,6,FRIENDS,98,4.0
7183,729,2023,2,Friends,55,3.0
7184,390,2021,3,Family,99,4.0
7185,966,2023,4,Business,132,3.0
7186,1630,2021,7,Friends,51,4.0
7187,1849,2019,11,Family,140,5.0
7188,425,2022,5,Family,77,5.0
7189,1090,2019,4,Couples,121,5.0
7190,949,2021,8,Business,9,4.0
7191,831,2024,4,Friends,42,3.0
7192,1266,2020,6,Business,140,3.0
7193,1979,2020,3,Family,134,4.0
7194,811,2024,4,Family,86,3.0
7195,131,2020,1,Business,5,3.0
7196,1832,2021,7,Family,9,3.0
7197,1865,2023,6,Business,64,3.0
7198,645,2019,3,Couples,135,
7199,1004,2019,10,Solo,57,2.0
7200,1726,2024,3,Family,133,5.0
7201,1008,2024,8,Solo,81,3.0
7202,963,2024,2,Family,21,5.0
7203,1844,2019,1,Friends,85,3.0
7204,1658,2022,2,Business,55,3.0
7205,1015,2024,7,Couples,34,4.0
7206,324,2024,3,Couples,102,4.0
7207,877,2021,4,Business,31,4.0
7208,1353,2021,7,Solo,136,4.0
7209,545,2019,8,Family,121,3.0
7210,1075,2019,10,Family,118,4.0
7211,1318,2021,5,Family,12,4.0
7212,171,2020,2,Couples,145,3.0
7213,1140,2024,12,Solo,74,3.0
7214,1476,2019,10,Family,110,4.0
7215,429,2022,10,Business,29,3.0
7216,1097,2022,12,Family,116,4.0
7217,1419,2019,9,Business,48,3.0
7218,89,2021,12,Family,107,3.0
7219,1289,2024,7,Family,42,4.0
7220,520,2019,7,Solo,140,3.0
7221,795,2019,8,Solo,107,4.0
7222,1297,2019,7,Business,68,3.0
7223,9,2019,6,Business,69,4.0
7224,34,2024,4,Friends,1,3.0
7225,894,2019,10,Family,45,3.0
7226,1900,2020,4,Family,119,
7227,13,2023,11,Family,125,4.0
7228,1578,2024,9,FAMILY,150,4.0
7229,150,2019,12,Family,13,4.0
7230,978,2021,8,Solo,38,3.0
7231,862,2020,8,Family,115,4.0
7232,937,2020,5,Couples,55,3.0
7233,164,2024,9,Couples,38,5.0
7234,1508,2021,7,Solo,43,4.0
7235,552,2022,5,Family,138,4.0
7236,1543,2019,1,Family,129,3.0
7237,1311,2020,1,Business,1,3.0
7238,1103,2021,3,Solo,127,4.0
7239,618,2022,9,Family,84,3.0
7240,1305,2024,12,Solo,127,4.0
7241,1996,2020,12,Couples,94,5.0
7242,1847,2022,7,Couples,104,3.0
7243,1833,2021,11,Couples,87,4.0
7244,440,2023,1,Couples,111,3.0
7245,1171,2021,11,Solo,123,3.0
7246,796,2021,12,Family,77,4.0
7247,1934,2022,5,Friends,17,3.0
7248,1901,2021,1,Friends,14,4.0
7249,1737,2023,9,Couples,63,5.0
7250,326,2019,1,Family,72,4.0
7251,638,2021,8,Friends,130,5.0
7252,1423,2020,4,Family,5,5.0
7253,1500,2019,7,Couples,134,4.0
7254,701,2019,12,Friends,9,2.0
7255,274,2021,2,Family,75,4.0
7256,274,2020,1,Solo,64,2.0
7257,1370,2023,7,Family,84,3.0
7258,909,2022,9,Family,7,3.0
7259,983,2023,4,Family,115,4.0
7260,1631,2024,2,Friends,21,3.0
7261,34,2023,9,Solo,117,3.0
7262,1510,2021,9,Family,86,4.0
7263,549,2024,12,Couples,134,3.0
7264,1863,2021,11,Business,147,3.0
7265,1911,2023,9,Couples,127,
7266,1005,2020,1,Couples,68,3.0
7267,632,2024,4,Family,63,5.0
7268,467,2020,8,Business,100,3.0
7269,363,2022,6,Family,98,3.0
7270,1999,2021,1,Solo,119,3.0
7271,376,2020,7,Couples,73,3.0
7272,894,2020,10,FAMILY,70,3.0
7273,959,2022,9,Business,18,3.0
7274,1359,2019,12,Family,26,4.0
7275,1686,2020,2,Solo,124,4.0
7276,1116,2024,12,Couples,149,4.0
7277,1517,2019,7,Friends,91,4.0
7278,1134,2023,4,Business,52,3.0
7279,874,2020,11,Couples,9,4.0
7280,316,2020,2,Business,7,2.0
7281,418,2021,1,Couples,102,
7282,865,2021,9,Couples,97,4.0
7283,93,2023,9,Family,43,3.0
7284,633,2023,2,Couples,29,4.0
7285,926,2021,11,Friends,11,4.0
7286,946,2020,11,Couples,103,3.0
7287,1630,2019,10,Couples,91,4.0
7288,1936,2023,5,Family,50,3.0
7289,1460,2024,12,Family,110,5.0
7290,160,2019,2,Friends,127,4.0
7291,818,2022,10,Friends,78,3.0
7292,1460,2020,11,Family,40,
7293,1190,2020,7,Solo,1,3.0
7294,916,2023,5,COUPLES,120,4.0
7295,873,2020,6,Solo,87,3.0
7296,812,2020,1,Couples,53,4.0
7297,1159,2019,1,Couples,1,4.0
7298,358,2024,5,Couples,123,4.0
7299,1036,2024,1,Family,139,4.0
7300,412,2024,8,Family,73,5.0
7301,1362,2020,8,Business,41,4.0
7302,1730,2020,11,Couples,93,4.0
7303,1016,2024,4,Family,131,4.0
7304,776,2022,10,Family,89,4.0
7305,1882,2020,4,Solo,2,4.0
7306,1320,2019,7,Solo,30,3.0
7307,857,2023,10,Family,15,4.0
7308,58,2023,5,Family,62,4.0
7309,32,2019,2,Family,68,3.0
7310,443,2021,10,Friends,81,4.0
7311,473,2021,4,Friends,114,3.0
7312,1443,2021,3,Friends,17,4.0
7313,1002,2021,9,Family,142,3.0
7314,2000,2020,7,Friends,40,3.0
7315,1082,2021,1,Family,79,4.0
7316,1807,2024,11,Couples,32,
7317,1105,2024,7,Family,54,3.0
7318,717,2019,4,Couples,125,4.0
7319,1430,2023,2,Couples,7,3.0
7320,899,2022,9,Family,73,4.0
7321,550,2020,10,Family,88,4.0
7322,947,2020,9,Solo,86,3.0
7323,1330,2023,8,Solo,58,3.0
7324,752,2021,11,Family,57,3.0
7325,1409,2019,8,Couples,137,4.0
7326,1962,2024,3,Business,37,2.0
7327,823,2024,3,Solo,73,3.0
7328,591,2021,5,Couples,55,4.0
7329,805,2021,9,Couples,115,4.0
7330,1677,2021,1,Family,121,4.0
7331,358,2020,4,Business,128,4.0
7332,1948,2019,6,Family,13,3.0
7333,828,2020,7,Friends,15,3.0
7334,1684,2021,2,Friends,57,3.0
7335,1574,2019,2,Family,67,3.0
7336,1568,2019,11,Business,10,3.0
7337,1818,2024,2,Couples,135,4.0
7338,370,2024,1,Couples,135,3.0
7339,1188,2020,3,Couples,64,4.0
7340,199,2022,5,Business,116,3.0
7341,599,2019,3,Family,85,5.0
7342,82,2024,10,Couples,99,5.0
7343,1365,2023,2,Family,131,4.0
7344,1216,2020,2,Couples,14,3.0
7345,1481,2020,2,Family,35,5.0
7346,353,2020,8,Friends,65,4.0
7347,665,2019,11,Business,135,4.0
7348,1353,2021,2,Family,89,4.0
7349,1654,2023,7,Family,60,4.0
7350,1772,2023,5,Family,5,3.0
7351,148,2019,8,Solo,89,2.0
7352,806,2021,8,Friends,41,3.0
7353,22,2023,4,Friends,50,3.0
7354,1638,2024,8,Friends,150,4.0
7355,246,2022,1,Solo,80,4.0
7356,1645,2023,6,Friends,21,5.0
7357,313,2020,12,Family,8,5.0
7358,31,2024,11,Friends,59,3.0
7359,1758,2021,1,Couples,10,3.0
7360,878,2023,1,Solo,65,3.0
7361,850,2020,10,Couples,63,4.0
7362,1294,2020,3,Couples,132,5.0
7363,550,2022,8,COUPLES,51,2.0
7364,1382,2022,7,Friends,42,5.0
7365,859,2022,5,Family,93,3.0
7366,546,2023,4,Friends,96,3.0
7367,790,2023,9,Family,6,2.0
7368,13,2020,4,Family,13,4.0
7369,603,2021,10,Friends,26,4.0
7370,1183,2019,3,Family,117,3.0
7371,276,2023,11,Family,32,4.0
7372,238,2019,9,Friends,149,5.0
7373,1312,2019,7,Couples,67,4.0
7374,857,2022,2,Family,141,3.0
7375,274,2024,3,BUSINESS,38,3.0
7376,1496,2021,8,Family,64,5.0
7377,1551,2020,7,Friends,21,3.0
7378,70,2020,2,Business,127,4.0
7379,404,2024,2,Business,90,3.0
7380,741,2022,8,Friends,12,4.0
7381,1463,2021,5,Friends,112,3.0
7382,149,2024,6,Family,134,4.0
7383,1612,2019,8,Couples,103,4.0
7384,639,2022,11,Couples,122,5.0
7385,251,2021,4,Business,42,4.0
7386,1727,2020,9,Family,65,3.0
7387,174,2024,11,Family,129,4.0
7388,260,2024,11,Friends,92,4.0
7389,1900,2024,12,Family,92,4.0
7390,1040,2019,1,Couples,116,4.0
7391,927,2023,1,Couples,93,4.0
7392,1375,2021,11,Friends,19,4.0
7393,1261,2021,3,Family,32,4.0
7394,1228,2020,4,Friends,117,4.0
7395,47,2022,6,Family,37,4.0
7396,1104,2024,8,Business,100,4.0
7397,558,2020,1,Friends,72,2.0
7398,1616,2022,8,Couples,94,4.0
7399,1011,2022,2,Business,36,3.0
7400,248,2022,5,Family,47,4.0
7401,1773,2020,11,FRIENDS,104,3.0
7402,569,2019,2,Family,26,3.0
7403,543,2023,1,Family,47,4.0
7404,1873,2022,6,Family,150,4.0
7405,1551,2023,3,Friends,23,4.0
7406,1720,2022,3,Friends,87,3.0
7407,1325,2021,6,Friends,23,5.0
7408,1821,2020,3,Business,107,4.0
7409,231,2022,1,Family,20,4.0
7410,1200,2023,12,Friends,87,3.0
7411,587,2020,10,COUPLES,66,
7412,797,2019,5,Couples,104,4.0
7413,476,2019,10,Solo,1,3.0
7414,411,2022,12,Friends,78,5.0
7415,886,2020,5,Solo,82,4.0
7416,1837,2023,2,Family,37,3.0
7417,1271,2020,3,Business,45,4.0
7418,699,2021,12,Business,106,4.0
7419,867,2020,11,Friends,83,4.0
7420,1060,2021,9,Friends,87,2.0
7421,490,2023,9,Family,141,4.0
7422,1043,2023,4,Family,61,4.0
7423,1392,2023,7,Friends,131,4.0
7424,487,2022,5,Couples,147,3.0
7425,1169,2021,5,Business,87,3.0
7426,1417,2020,9,Solo,32,4.0
7427,1039,2024,7,Family,63,5.0
7428,584,2023,6,Friends,7,3.0
7429,1109,2024,3,Solo,105,2.0
7430,1587,2023,8,Friends,42,4.0
7431,444,2019,6,Family,139,3.0
7432,1150,2020,1,Family,98,3.0
7433,1361,2021,9,Family,74,3.0
7434,643,2020,5,Solo,28,4.0
7435,776,2024,5,Business,15,3.0
7436,1778,2021,12,Family,101,3.0
7437,727,2020,9,Friends,115,3.0
7438,1197,2022,1,Couples,40,2.0
7439,300,2021,9,FRIENDS,2,4.0
7440,1852,2019,4,Couples,48,4.0
7441,1194,2024,10,Business,115,4.0
7442,1521,2024,5,Business,88,2.0
7443,1206,2023,7,Family,13,4.0
7444,711,2020,9,Business,18,4.0
7445,681,2023,3,Family,16,3.0
7446,1403,2020,2,Couples,114,4.0
7447,1720,2024,9,Business,118,3.0
7448,256,2024,1,Couples,62,4.0
7449,1691,2020,10,Friends,104,3.0
7450,1661,2020,6,Couples,4,4.0
7451,219,2023,2,Friends,85,3.0
7452,217,2020,10,Friends,41,4.0
7453,1391,2023,11,Friends,124,4.0
7454,1686,2023,1,Family,74,3.0
7455,788,2020,12,Friends,128,4.0
7456,1282,2023,5,Family,85,4.0
7457,2000,2019,9,Family,69,3.0
7458,646,2021,4,Business,143,3.0
7459,451,2020,2,Solo,150,4.0
7460,1984,2019,12,Friends,69,3.0
7461,562,2023,8,Family,54,5.0
7462,946,2019,4,Family,97,3.0
7463,885,2023,5,Family,26,3.0
7464,1047,2019,10,Business,58,
7465,538,2024,4,Couples,127,4.0
7466,1359,2024,9,Couples,135,3.0
7467,1384,2020,1,Friends,63,4.0
7468,402,2021,12,Family,59,4.0
7469,962,2022,9,Couples,132,3.0
7470,115,2022,5,Couples,31,5.0
7471,442,2019,7,Friends,10,3.0
7472,1975,2024,3,Friends,11,3.0
7473,1013,2024,6,Friends,17,3.0
7474,1246,2021,5,Couples,132,3.0
7475,1778,2022,5,Family,7,4.0
7476,1428,2020,10,Family,50,4.0
7477,1585,2023,5,Couples,91,5.0
7478,1425,2022,1,Couples,92,5.0
7479,998,2020,6,Family,125,3.0
7480,1266,2020,1,Family,148,4.0
7481,577,2019,6,Family,61,3.0
7482,1781,2023,9,Couples,35,
7483,360,2019,2,Family,14,3.0
7484,1769,2022,1,Family,134,
7485,1757,2023,5,Family,57,4.0
7486,285,2019,6,Friends,135,4.0
7487,1421,2019,1,Couples,53,4.0
7488,1980,2023,4,Family,114,4.0
7489,1145,2023,10,Family,97,4.0
7490,681,2019,7,Family,108,3.0
7491,1759,2020,7,Friends,98,5.0
7492,1026,2022,2,Family,47,3.0
7493,244,2022,10,Friends,16,4.0
7494,499,2022,8,Business,2,3.0
7495,1365,2020,6,Solo,64,3.0
7496,911,2022,8,Friends,134,4.0
7497,434,2019,2,Business,97,4.0
7498,1599,2024,9,Family,102,5.0
7499,242,2022,4,Family,39,3.0
7500,439,2021,1,Solo,73,4.0
7501,932,2021,3,Couples,62,4.0
7502,80,2021,5,Family,21,4.0
7503,775,2021,6,Family,93,4.0
7504,1820,2020,3,Couples,55,3.0
7505,1883,2022,10,Friends,61,3.0
7506,1744,2020,4,Friends,90,3.0
7507,648,2020,2,Family,5,3.0
7508,130,2024,3,Solo,141,4.0
7509,1630,2022,5,Solo,34,3.0
7510,747,2024,1,Friends,102,4.0
7511,1498,2022,2,Couples,117,4.0
7512,239,2023,2,Friends,24,4.0
7513,1336,2019,5,Couples,38,4.0
7514,1173,2022,12,FAMILY,62,4.0
7515,1841,2021,7,Solo,123,3.0
7516,204,2019,1,Couples,96,4.0
7517,816,2019,1,Couples,71,5.0
7518,1980,2020,2,Friends,128,4.0
7519,780,2019,1,Business,71,4.0
7520,1317,2021,7,Couples,133,3.0
7521,322,2019,9,Couples,116,4.0
7522,1457,2023,6,Friends,26,4.0
7523,552,2022,5,Family,58,4.0
7524,1145,2024,8,Couples,4,4.0
7525,1760,2019,5,Solo,36,3.0
7526,1323,2019,10,Friends,4,4.0
7527,949,2024,9,Family,16,3.0
7528,381,2021,12,Couples,1,3.0
7529,683,2023,2,Friends,101,4.0
7530,1699,2020,6,Couples,62,4.0
7531,433,2019,11,Solo,71,4.0
7532,1313,2021,9,Couples,115,3.0
7533,970,2022,10,Friends,122,4.0
7534,642,2019,6,Solo,80,4.0
7535,1434,2019,5,Couples,69,3.0
7536,725,2020,10,Couples,98,4.0
7537,574,2019,6,Business,63,4.0
7538,1059,2024,5,Couples,67,3.0
7539,1516,2024,5,Family,45,4.0
7540,1729,2019,2,Business,29,4.0
7541,1260,2021,10,Business,30,3.0
7542,1324,2021,11,Family,99,4.0
7543,1576,2019,1,Couples,125,3.0
7544,539,2022,5,Friends,64,4.0
7545,502,2024,9,Couples,15,3.0
7546,968,2022,2,Business,92,3.0
7547,1263,2024,4,Couples,136,5.0
7548,1292,2022,12,Couples,80,3.0
7549,308,2022,10,Business,5,4.0
7550,1562,2024,11,Couples,13,
7551,728,2023,12,Couples,79,5.0
7552,1755,2023,9,Family,130,5.0
7553,1449,2023,4,Family,9,4.0
7554,1966,2019,12,Family,114,4.0
7555,1264,2023,6,Solo,117,2.0
7556,1055,2023,7,Family,8,4.0
7557,376,2021,7,Couples,32,4.0
7558,798,2022,7,Family,1,3.0
7559,1717,2023,7,Friends,85,3.0
7560,765,2019,10,Family,27,4.0
7561,107,2022,2,Couples,138,3.0
7562,491,2023,6,Friends,14,5.0
7563,1191,2020,7,Couples,98,4.0
7564,1259,2020,7,Couples,119,4.0
7565,1968,2019,9,Friends,27,4.0
7566,1868,2020,5,Solo,38,3.0
7567,1064,2021,12,Friends,120,4.0
7568,1110,2024,1,Solo,14,3.0
7569,1602,2019,9,Couples,67,3.0
7570,98,2022,3,Family,38,4.0
7571,1191,2019,8,Couples,2,5.0
7572,949,2023,1,Family,68,5.0
7573,1567,2021,3,FRIENDS,74,3.0
7574,1601,2021,5,Business,53,3.0
7575,1312,2024,2,Couples,122,3.0
7576,1315,2023,4,Solo,15,4.0
7577,1383,2019,8,Couples,65,4.0
7578,1161,2020,2,Couples,28,4.0
7579,456,2020,8,Solo,114,2.0
7580,570,2022,6,Couples,84,3.0
7581,1484,2023,11,Friends,106,4.0
7582,1237,2022,8,Couples,17,3.0
7583,476,2021,6,Couples,69,4.0
7584,1756,2023,10,COUPLES,8,4.0
7585,1962,2023,3,Business,49,2.0
7586,1253,2019,7,Family,142,4.0
7587,456,2022,3,Friends,109,3.0
7588,1877,2023,6,Family,12,4.0
7589,474,2022,6,Family,56,5.0
7590,865,2020,8,Couples,131,4.0
7591,1718,2019,4,Family,26,5.0
7592,1042,2020,8,Couples,114,4.0
7593,486,2021,3,Business,49,3.0
7594,161,2024,3,Solo,72,4.0
7595,722,2022,2,SOLO,132,2.0
7596,1345,2024,6,Couples,101,4.0
7597,1430,2019,5,Couples,43,4.0
7598,446,2023,10,Family,2,5.0
7599,318,2020,5,Family,36,3.0
7600,1403,2022,7,Friends,63,3.0
7601,319,2021,12,Family,21,3.0
7602,129,2024,8,Business,133,4.0
7603,973,2023,11,Family,9,3.0
7604,1142,2021,7,Business,82,2.0
7605,488,2022,3,Family,147,4.0
7606,423,2023,6,Family,51,3.0
7607,472,2023,10,Solo,81,3.0
7608,686,2022,2,Couples,12,4.0
7609,19,2023,6,FAMILY,110,3.0
7610,24,2023,7,Business,147,2.0
7611,741,2019,12,Friends,116,4.0
7612,40,2021,12,Couples,23,5.0
7613,637,2024,8,Couples,53,4.0
7614,1162,2020,3,Business,109,3.0
7615,63,2023,3,Friends,120,3.0
7616,1236,2022,8,Business,61,3.0
7617,1243,2020,3,Family,145,4.0
7618,1147,2021,9,Couples,31,4.0
7619,1254,2021,12,Friends,112,4.0
7620,1619,2019,3,Solo,75,4.0
7621,142,2020,12,Couples,107,4.0
7622,338,2023,1,Family,90,4.0
7623,635,2024,6,Couples,65,3.0
7624,1377,2024,5,Family,123,4.0
7625,1746,2021,7,Business,127,3.0
7626,1838,2023,6,Couples,123,3.0
7627,1165,2021,7,Friends,14,3.0
7628,821,2023,2,Couples,64,3.0
7629,824,2024,10,Business,113,3.0
7630,120,2021,12,Couples,131,5.0
7631,931,2022,6,Family,55,3.0
7632,1026,2024,11,Solo,112,3.0
7633,417,2019,2,Friends,85,4.0
7634,1536,2020,9,Friends,34,2.0
7635,1624,2022,4,Solo,134,5.0
7636,605,2020,9,FAMILY,67,4.0
7637,1829,2023,7,Family,91,3.0
7638,215,2020,1,Family,44,4.0
7639,1822,2021,5,Solo,4,3.0
7640,1537,2023,6,Business,68,3.0
7641,448,2022,10,Family,109,3.0
7642,1301,2023,2,Friends,50,4.0
7643,622,2022,12,Business,140,5.0
7644,1600,2022,1,Friends,113,4.0
7645,322,2022,3,Friends,97,4.0
7646,490,2023,2,Family,121,3.0
7647,615,2024,11,Friends,130,5.0
7648,400,2019,7,Business,109,3.0
7649,666,2022,9,Solo,124,3.0
7650,1206,2023,9,Business,107,3.0
7651,1267,2022,8,Business,130,3.0
7652,1108,2021,4,Family,16,3.0
7653,380,2023,2,Friends,52,3.0
7654,405,2021,6,Friends,134,5.0
7655,1839,2019,5,Family,72,3.0
7656,503,2020,6,FRIENDS,3,4.0
7657,207,2019,12,Family,128,3.0
7658,908,2023,2,Friends,99,3.0
7659,14,2024,8,Business,137,4.0
7660,686,2021,2,Solo,3,3.0
7661,1710,2023,8,Friends,23,5.0
7662,535,2024,9,Friends,77,5.0
7663,1408,2021,1,Couples,28,4.0
7664,980,2024,6,Solo,79,
7665,711,2019,4,Business,53,3.0
7666,1324,2023,6,BUSINESS,32,3.0
7667,1191,2019,6,Couples,116,3.0
7668,637,2023,6,Solo,6,3.0
7669,448,2019,8,SOLO,132,4.0
7670,1834,2023,3,Family,24,4.0
7671,337,2021,11,Friends,88,4.0
7672,1919,2020,11,Family,149,5.0
7673,943,2022,6,Business,17,3.0
7674,1994,2024,11,Family,140,4.0
7675,707,2019,4,Business,46,4.0
7676,1132,2020,3,Family,112,4.0
7677,1231,2022,4,Couples,129,2.0
7678,678,2019,10,Couples,35,3.0
7679,437,2024,2,Family,53,4.0
7680,1041,2022,4,Family,130,4.0
7681,1326,2024,2,Friends,16,3.0
7682,523,2021,6,Family,17,2.0
7683,1534,2023,4,Couples,46,4.0
7684,1278,2020,10,Friends,91,4.0
7685,334,2021,10,Business,122,3.0
7686,1878,2021,11,Friends,85,3.0
7687,88,2022,5,Couples,75,4.0
7688,1308,2020,7,Couples,131,4.0
7689,880,2022,11,Family,26,4.0
7690,1308,2024,9,Solo,136,2.0
7691,1549,2019,12,Couples,47,4.0
7692,1375,2023,12,Solo,42,3.0
7693,1302,2024,1,Family,144,4.0
7694,1682,2019,3,Couples,97,3.0
7695,1404,2023,9,Family,65,4.0
7696,1628,2021,2,Friends,50,4.0
7697,806,2022,2,Family,67,4.0
7698,406,2020,2,Business,119,3.0
7699,470,2020,1,Friends,23,5.0
7700,1225,2020,8,Friends,27,5.0
7701,1064,2019,4,Friends,46,5.0
7702,155,2021,12,Friends,73,4.0
7703,409,2024,2,Couples,123,3.0
7704,1936,2023,6,Family,32,4.0
7705,1453,2020,8,Family,118,4.0
7706,1510,2022,5,Couples,137,5.0
7707,394,2019,9,Family,66,3.0
7708,129,2019,11,Business,145,3.0
7709,583,2022,8,Friends,135,4.0
7710,1714,2020,8,Business,120,4.0
7711,1014,2023,7,Friends,58,4.0
7712,1570,2019,12,Couples,46,3.0
7713,974,2019,10,Solo,130,4.0
7714,981,2023,1,Family,67,4.0
7715,1202,2020,10,FAMILY,5,4.0
7716,1918,2019,2,Business,108,3.0
7717,875,2023,11,Family,53,2.0
7718,1192,2023,4,Couples,141,2.0
7719,1839,2024,9,Friends,129,3.0
7720,745,2022,9,Friends,16,4.0
7721,1680,2021,5,Family,136,4.0
7722,1071,2023,12,Couples,143,4.0
7723,1759,2023,7,Couples,114,5.0
7724,936,2022,6,Family,42,4.0
7725,1260,2020,6,Family,101,4.0
7726,647,2024,4,Family,131,5.0
7727,1271,2023,2,Family,123,3.0
7728,653,2024,12,Family,65,5.0
7729,1219,2022,10,Family,107,5.0
7730,1578,2021,10,Family,58,4.0
7731,870,2024,11,Friends,39,
7732,859,2022,8,Couples,101,5.0
7733,645,2023,12,Business,70,5.0
7734,1461,2024,12,Couples,34,3.0
7735,1185,2020,3,Couples,100,5.0
7736,1033,2020,6,Family,49,3.0
7737,52,2019,2,Friends,89,4.0
7738,221,2022,9,Friends,55,3.0
7739,15,2023,2,Solo,133,2.0
7740,1701,2024,10,Business,128,3.0
7741,1704,2019,10,Couples,72,4.0
7742,136,2019,5,Business,107,3.0
7743,93,2023,8,FAMILY,27,4.0
7744,1563,2020,12,Family,150,3.0
7745,1050,2021,10,Couples,33,4.0
7746,618,2019,6,Couples,131,5.0
7747,1230,2019,11,Friends,127,4.0
7748,473,2022,1,Business,27,2.0
7749,397,2023,3,Couples,2,4.0
7750,735,2024,4,Family,111,4.0
7751,1792,2021,5,Family,131,4.0
7752,1535,2022,9,Family,108,4.0
7753,381,2024,10,Family,9,4.0
7754,1124,2021,1,Friends,97,3.0
7755,1770,2020,4,Friends,59,4.0
7756,1904,2023,10,Couples,138,4.0
7757,1526,2019,7,Friends,121,4.0
7758,258,2020,4,Family,120,4.0
7759,482,2019,6,Friends,62,4.0
7760,438,2022,8,Family,49,4.0
7761,302,2020,8,Business,124,3.0
7762,351,2021,10,Family,18,4.0
7763,633,2022,12,Solo,16,4.0
7764,1112,2020,10,Solo,10,4.0
7765,796,2021,2,Couples,77,5.0
7766,842,2021,6,Family,12,2.0
7767,492,2019,6,FRIENDS,88,4.0
7768,303,2024,8,Family,26,3.0
7769,1998,2024,12,Family,134,4.0
7770,1198,2023,6,Solo,65,2.0
7771,460,2019,5,Family,15,5.0
7772,1620,2021,11,Couples,105,2.0
7773,1662,2021,9,Business,51,3.0
7774,1934,2019,6,Family,40,3.0
7775,319,2024,12,Family,99,4.0
7776,1280,2021,4,Solo,144,5.0
7777,1961,2022,3,Friends,147,3.0
7778,1614,2023,1,Business,66,4.0
7779,452,2020,1,Friends,128,5.0
7780,1787,2021,11,Business,32,3.0
7781,844,2024,1,Business,127,4.0
7782,978,2023,10,Family,142,
7783,1118,2022,1,Family,78,4.0
7784,1543,2022,3,Couples,79,3.0
7785,241,2019,5,Family,85,4.0
7786,1079,2020,3,Solo,11,4.0
7787,1634,2019,2,Family,129,4.0
7788,1098,2023,12,Couples,111,3.0
7789,550,2024,5,Solo,131,4.0
7790,113,2019,6,Couples,18,4.0
7791,1099,2020,10,Couples,121,4.0
7792,1407,2021,11,Couples,55,4.0
7793,1100,2023,4,Couples,123,3.0
7794,1959,2021,6,Business,150,3.0
7795,1206,2019,6,Couples,132,3.0
7796,1017,2022,4,Family,138,4.0
7797,111,2019,2,Couples,18,4.0
7798,1118,2022,12,Business,50,4.0
7799,338,2024,9,Family,44,3.0
7800,1450,2019,9,Family,78,3.0
7801,323,2024,4,Family,147,2.0
7802,1814,2022,8,Couples,103,4.0
7803,605,2019,2,Friends,82,4.0
7804,868,2020,2,Solo,121,4.0
7805,290,2020,12,Couples,27,4.0
7806,422,2024,3,Family,100,4.0
7807,1844,2023,10,Friends,76,2.0
7808,568,2021,4,Family,31,5.0
7809,1026,2022,8,Couples,97,4.0
7810,1963,2021,8,Couples,127,5.0
7811,1248,2021,9,Family,125,3.0
7812,84,2022,12,Family,127,4.0
7813,715,2020,6,Friends,122,3.0
7814,774,2023,11,Business,71,4.0
7815,553,2024,4,Business,8,4.0
7816,483,2024,12,Couples,145,4.0
7817,1007,2020,6,Family,69,4.0
7818,755,2021,11,Family,95,3.0
7819,589,2020,10,Business,4,3.0
7820,826,2022,8,Family,134,4.0
7821,688,2020,12,Friends,134,3.0
7822,458,2021,9,Solo,140,3.0
7823,906,2019,8,FRIENDS,27,4.0
7824,1885,2022,4,Family,127,4.0
7825,1012,2022,5,Friends,94,3.0
7826,1196,2022,1,Family,22,4.0
7827,1969,2021,9,Business,86,3.0
7828,1228,2023,8,Solo,72,3.0
7829,447,2022,9,Business,94,3.0
7830,797,2020,8,Couples,13,4.0
7831,976,2021,3,Business,85,5.0
7832,950,2022,12,Family,102,4.0
7833,300,2019,6,Family,108,4.0
7834,212,2021,9,Family,116,3.0
7835,700,2024,2,Business,94,3.0
7836,1829,2021,8,Business,106,3.0
7837,1435,2022,5,Couples,14,3.0
7838,1684,2023,12,Business,120,4.0
7839,349,2020,10,Business,56,3.0
7840,829,2023,12,Couples,83,4.0
7841,1163,2019,4,Solo,82,4.0
7842,869,2021,8,Friends,147,4.0
7843,834,2022,8,Couples,49,4.0
7844,720,2020,4,Couples,58,4.0
7845,104,2023,4,Solo,115,3.0
7846,1715,2019,9,Family,96,4.0
7847,1867,2022,2,Friends,48,4.0
7848,162,2022,5,Friends,52,4.0
7849,828,2023,9,Couples,125,3.0
7850,1036,2020,11,Business,126,4.0
7851,1568,2019,8,Couples,23,4.0
7852,1974,2022,9,Family,60,3.0
7853,833,2024,10,Solo,116,3.0
7854,1498,2023,3,Couples,18,4.0
7855,1875,2020,9,Friends,28,4.0
7856,1661,2021,9,Family,24,5.0
7857,581,2020,10,Family,80,5.0
7858,1635,2023,8,Friends,68,3.0
7859,825,2022,2,Family,49,4.0
7860,36,2021,1,Family,21,4.0
7861,1518,2019,8,Friends,96,3.0
7862,1671,2022,4,Family,122,4.0
7863,688,2021,5,Business,32,3.0
7864,902,2019,6,FAMILY,100,3.0
7865,729,2020,9,Family,120,
7866,235,2023,5,Friends,84,4.0
7867,1990,2023,7,Business,87,5.0
7868,46,2021,6,Business,26,4.0
7869,1112,2023,1,Couples,144,3.0
7870,30,2023,9,Friends,144,4.0
7871,1379,2022,7,Family,107,4.0
7872,1802,2020,3,Couples,136,4.0
7873,1287,2021,9,Family,92,4.0
7874,1213,2023,2,Family,100,4.0
7875,1656,2020,4,Family,125,4.0
7876,1949,2022,3,Family,6,4.0
7877,1724,2023,8,Friends,33,4.0
7878,463,2022,12,Business,31,5.0
7879,1127,2022,11,Business,95,3.0
7880,1638,2020,2,Family,37,4.0
7881,590,2021,1,Business,59,3.0
7882,1351,2019,10,Couples,75,4.0
7883,46,2019,7,Couples,112,4.0
7884,1755,2022,5,Family,78,4.0
7885,1229,2020,11,Friends,4,4.0
7886,1487,2021,3,Friends,104,2.0
7887,1651,2021,2,Couples,65,4.0
7888,438,2021,6,Couples,18,4.0
7889,902,2023,4,Solo,98,3.0
7890,1718,2021,3,Business,41,2.0
7891,330,2024,8,Friends,70,4.0
7892,1645,2021,4,Business,146,4.0
7893,577,2024,8,Family,36,3.0
7894,1152,2024,7,Family,133,4.0
7895,1020,2021,10,Family,70,5.0
7896,1373,2023,12,Family,140,5.0
7897,1674,2021,8,BUSINESS,128,3.0
7898,698,2024,4,Couples,125,4.0
7899,344,2023,7,Family,32,3.0
7900,846,2021,6,Friends,119,4.0
7901,1225,2020,6,Family,56,3.0
7902,1501,2024,5,Family,137,4.0
7903,1507,2022,1,Solo,149,4.0
7904,680,2023,3,Couples,92,3.0
7905,1873,2023,8,Couples,137,4.0
7906,167,2019,1,Business,80,5.0
7907,234,2020,2,Friends,6,3.0
7908,50,2024,7,Business,132,4.0
7909,1853,2020,12,Business,80,4.0
7910,361,2024,3,Business,7,3.0
7911,1203,2021,1,Couples,10,4.0
7912,1626,2024,5,Family,109,4.0
7913,1534,2022,1,Business,139,5.0
7914,1898,2019,11,Family,105,4.0
7915,108,2020,10,Family,67,4.0
7916,815,2024,2,Business,47,4.0
7917,1013,2020,2,Business,63,3.0
7918,1393,2020,7,Couples,49,4.0
7919,1246,2019,5,Family,41,4.0
7920,1120,2022,9,Family,20,4.0
7921,614,2023,12,Business,86,3.0
7922,213,2024,5,Business,33,3.0
7923,864,2024,10,Couples,22,5.0
7924,520,2024,4,FRIENDS,42,4.0
7925,1109,2024,3,Solo,120,4.0
7926,1595,2022,12,Family,86,2.0
7927,1106,2023,4,Solo,74,4.0
7928,1167,2022,2,Business,89,4.0
7929,84,2019,8,Family,85,4.0
7930,1290,2019,8,Family,75,4.0
7931,879,2019,6,Family,127,4.0
7932,248,2021,2,Friends,110,4.0
7933,428,2021,2,Family,28,5.0
7934,1562,2022,10,FRIENDS,123,3.0
7935,1834,2022,2,Business,27,3.0
7936,1016,2021,4,Business,12,2.0
7937,1954,2023,10,Couples,64,4.0
7938,361,2024,5,Business,59,4.0
7939,600,2020,5,Couples,118,4.0
7940,1861,2020,11,Business,105,4.0
7941,351,2024,10,Family,9,2.0
7942,1319,2024,9,Friends,75,3.0
7943,440,2020,3,Family,120,4.0
7944,663,2022,4,Couples,110,5.0
7945,956,2022,8,Business,76,3.0
7946,720,2022,11,Family,93,4.0
7947,1750,2024,7,Couples,85,4.0
7948,1946,2019,9,Couples,35,4.0
7949,1001,2022,4,Family,85,5.0
7950,1051,2020,5,Couples,102,5.0
7951,111,2023,8,Couples,9,4.0
7952,469,2022,7,Solo,105,4.0
7953,80,2023,2,Family,38,4.0
7954,1714,2024,5,Solo,2,4.0
7955,455,2023,11,Family,114,2.0
7956,682,2024,7,Business,59,3.0
7957,1686,2023,9,Family,62,3.0
7958,1427,2022,10,Friends,94,4.0
7959,1243,2021,4,Solo,85,4.0
7960,77,2021,3,Family,94,4.0
7961,1126,2021,7,Business,142,4.0
7962,1122,2022,6,Family,98,5.0
7963,638,2023,11,Business,7,3.0
7964,1490,2021,3,Business,34,2.0
7965,1859,2022,6,Couples,68,5.0
7966,519,2021,1,Business,71,3.0
7967,663,2022,5,Family,55,4.0
7968,645,2023,8,Solo,28,4.0
7969,1670,2021,10,Family,16,3.0
7970,156,2021,11,Family,22,3.0
7971,1792,2020,1,Friends,143,5.0
7972,1551,2021,11,Couples,60,4.0
7973,967,2021,9,Family,145,5.0
7974,1168,2019,3,Friends,51,4.0
7975,1789,2024,3,COUPLES,47,5.0
7976,1540,2024,10,Couples,74,4.0
7977,554,2020,9,Friends,143,4.0
7978,101,2024,3,Friends,85,4.0
7979,1317,2020,6,Couples,6,5.0
7980,292,2021,11,Family,41,5.0
7981,176,2019,1,Family,148,5.0
7982,1965,2022,7,Solo,24,4.0
7983,948,2021,11,Friends,126,4.0
7984,1302,2020,1,Couples,140,4.0
7985,435,2020,7,Family,33,5.0
7986,204,2024,7,Solo,84,3.0
7987,126,2023,4,Couples,90,4.0
7988,709,2019,7,Friends,120,4.0
7989,8,2019,9,Family,120,3.0
7990,841,2019,4,Family,10,4.0
7991,650,2020,6,Family,48,3.0
7992,1054,2023,7,FAMILY,142,3.0
7993,1180,2019,1,Couples,54,3.0
7994,617,2020,3,Friends,37,3.0
7995,911,2019,8,Family,95,4.0
7996,157,2022,6,Solo,30,3.0
7997,604,2023,12,Business,23,3.0
7998,1957,2022,11,Friends,120,4.0
7999,1983,2024,3,Couples,18,4.0
8000,972,2023,12,Friends,134,4.0
8001,1880,2023,11,Friends,38,4.0
8002,1003,2020,6,Friends,17,4.0
8003,252,2024,8,Family,112,5.0
8004,1736,2022,4,Business,27,3.0
8005,831,2019,1,Solo,55,2.0
8006,1225,2019,3,Couples,53,4.0
8007,1298,2024,9,Business,77,4.0
8008,617,2020,7,Business,72,4.0
8009,1467,2021,6,Friends,30,4.0
8010,1003,2023,6,Friends,36,
8011,733,2023,10,Friends,30,4.0
8012,596,2019,9,Family,9,4.0
8013,1493,2022,8,FAMILY,98,3.0
8014,499,2024,7,Solo,71,4.0
8015,249,2021,1,Family,17,4.0
8016,1764,2022,5,Couples,50,4.0
8017,664,2020,2,Solo,101,4.0
8018,1283,2023,10,Solo,43,4.0
8019,1433,2019,5,Family,61,4.0
8020,1677,2022,3,Family,112,3.0
8021,1252,2021,6,Solo,101,3.0
8022,1416,2022,6,FRIENDS,106,3.0
8023,1675,2021,12,Business,58,3.0
8024,1887,2024,3,Solo,73,4.0
8025,94,2024,10,Friends,127,5.0
8026,1487,2020,3,FRIENDS,131,4.0
8027,349,2019,10,Family,9,4.0
8028,1783,2021,7,Business,126,4.0
8029,97,2022,7,Couples,134,4.0
8030,494,2023,9,Couples,142,4.0
8031,385,2022,2,Family,41,3.0
8032,1207,2022,10,Friends,76,2.0
8033,9,2019,9,Family,7,3.0
8034,35,2023,3,Couples,17,4.0
8035,1009,2020,2,COUPLES,85,4.0
8036,1944,2021,9,Friends,31,3.0
8037,1057,2021,2,Friends,34,3.0
8038,892,2019,7,Couples,45,5.0
8039,1316,2021,4,Couples,69,3.0
8040,1104,2021,9,Couples,23,4.0
8041,770,2020,12,Family,121,4.0
8042,1178,2020,11,Friends,101,3.0
8043,7,2019,9,Friends,119,4.0
8044,489,2024,8,Friends,139,3.0
8045,1348,2020,1,Friends,91,4.0
8046,684,2024,12,Family,55,4.0
8047,109,2024,12,Couples,147,2.0
8048,249,2021,1,COUPLES,85,5.0
8049,1733,2023,10,Couples,70,5.0
8050,660,2020,2,Business,63,3.0
8051,46,2020,8,Business,6,
8052,1458,2024,3,Business,144,3.0
8053,1061,2022,2,Couples,123,3.0
8054,903,2023,3,Friends,105,4.0
8055,1790,2024,4,Family,34,3.0
8056,628,2019,5,COUPLES,140,5.0
8057,1145,2020,4,Couples,27,5.0
8058,1490,2024,6,Family,37,4.0
8059,1217,2019,8,Solo,11,4.0
8060,416,2021,6,Couples,44,3.0
8061,1364,2019,8,Friends,50,4.0
8062,1487,2020,5,Solo,120,3.0
8063,245,2020,4,Friends,49,5.0
8064,331,2020,2,Family,144,
8065,1350,2023,4,Couples,46,3.0
8066,238,2020,3,Business,79,3.0
8067,1761,2023,7,Friends,89,4.0
8068,220,2024,8,Solo,125,2.0
8069,1949,2022,11,Family,113,4.0
8070,1344,2022,4,Business,131,3.0
8071,887,2021,2,Business,141,4.0
8072,537,2023,10,Couples,18,4.0
8073,690,2023,9,Solo,15,4.0
8074,1498,2024,4,Business,68,3.0
8075,1507,2020,12,COUPLES,23,4.0
8076,418,2023,8,Family,75,3.0
8077,1086,2019,9,Business,89,3.0
8078,1986,2021,5,Business,42,3.0
8079,515,2019,6,Business,15,4.0
8080,1387,2022,5,Family,145,5.0
8081,345,2024,9,Couples,56,4.0
8082,1669,2023,10,Business,126,4.0
8083,341,2023,11,Family,94,3.0
8084,596,2022,4,Friends,100,4.0
8085,919,2022,10,Family,118,3.0
8086,742,2019,9,Family,40,4.0
8087,341,2023,1,Family,33,4.0
8088,1282,2023,10,Friends,150,3.0
8089,40,2019,2,Business,101,2.0
8090,1968,2022,2,Couples,44,4.0
8091,105,2021,2,Friends,97,5.0
8092,668,2022,7,Couples,60,4.0
8093,1860,2023,1,Couples,129,3.0
8094,311,2020,7,Business,77,4.0
8095,146,2024,9,Friends,48,3.0
8096,1488,2021,7,Friends,104,3.0
8097,147,2022,4,Business,113,4.0
8098,1800,2019,5,Couples,56,4.0
8099,903,2019,9,Couples,113,4.0
8100,1739,2020,5,Couples,36,5.0
8101,491,2024,8,Couples,36,4.0
8102,283,2020,9,Couples,124,3.0
8103,1926,2021,7,Friends,94,3.0
8104,1525,2024,5,Solo,6,3.0
8105,1822,2020,1,Business,102,
8106,640,2023,9,Couples,46,4.0
8107,810,2019,4,Family,42,4.0
8108,1155,2019,6,Couples,64,4.0
8109,898,2019,1,Couples,68,4.0
8110,486,2019,9,Couples,134,4.0
8111,751,2022,11,Family,66,4.0
8112,1218,2019,11,Couples,45,5.0
8113,76,2022,4,BUSINESS,117,2.0
8114,672,2022,2,Friends,82,4.0
8115,586,2020,2,Couples,1,4.0
8116,141,2019,5,Friends,95,4.0
8117,246,2019,1,Family,76,4.0
8118,992,2019,3,Business,87,3.0
8119,205,2022,8,Couples,28,4.0
8120,690,2024,1,Friends,72,4.0
8121,1122,2021,8,Business,98,3.0
8122,1748,2022,11,Couples,102,3.0
8123,198,2020,12,Couples,103,4.0
8124,870,2019,12,Solo,150,4.0
8125,206,2020,4,Solo,76,3.0
8126,858,2021,8,Family,65,4.0
8127,962,2024,1,Couples,82,4.0
8128,1599,2020,3,Couples,50,4.0
8129,885,2024,10,Business,48,3.0
8130,1872,2022,3,Business,104,3.0
8131,276,2021,4,Solo,47,4.0
8132,107,2022,5,FAMILY,113,5.0
8133,9,2023,4,Couples,112,5.0
8134,714,2023,9,Friends,144,4.0
8135,386,2024,11,Business,20,2.0
8136,184,2022,7,Family,55,3.0
8137,472,2019,7,Couples,116,3.0
8138,1950,2021,9,Family,65,4.0
8139,1601,2024,5,Couples,99,4.0
8140,38,2020,6,Business,111,3.0
8141,1831,2021,12,Solo,133,3.0
8142,411,2022,5,Solo,34,3.0
8143,812,2022,4,Family,40,3.0
8144,656,2024,1,Friends,71,3.0
8145,811,2022,1,COUPLES,76,4.0
8146,1522,2019,10,Couples,136,4.0
8147,1425,2020,3,Couples,6,4.0
8148,1189,2022,9,Business,37,3.0
8149,1254,2023,1,Family,137,3.0
8150,1456,2022,10,Friends,93,4.0
8151,369,2023,5,Friends,102,5.0
8152,792,2020,10,Family,38,4.0
8153,216,2019,10,Family,94,4.0
8154,1409,2024,7,Family,56,4.0
8155,876,2022,12,Solo,110,4.0
8156,1275,2023,12,Couples,14,4.0
8157,1130,2024,9,Family,43,4.0
8158,548,2020,6,Solo,97,2.0
8159,278,2024,12,Family,91,4.0
8160,1946,2021,12,Friends,127,4.0
8161,587,2022,5,Family,121,4.0
8162,220,2021,4,Solo,3,3.0
8163,612,2020,4,Friends,14,4.0
8164,1805,2024,12,Family,54,5.0
8165,523,2021,2,Business,144,4.0
8166,1974,2019,1,Family,72,4.0
8167,922,2019,7,Couples,134,5.0
8168,1724,2024,12,Couples,9,4.0
8169,1307,2023,4,Family,145,4.0
8170,88,2022,7,Family,10,3.0
8171,1019,2023,2,Friends,122,3.0
8172,834,2022,10,Business,132,3.0
8173,403,2024,12,Couples,45,5.0
8174,1100,2019,8,Family,46,5.0
8175,206,2019,2,Family,88,4.0
8176,1397,2023,2,Couples,109,4.0
8177,1644,2024,9,Couples,19,4.0
8178,186,2022,2,Couples,36,4.0
8179,959,2024,1,Friends,114,4.0
8180,1311,2021,11,Couples,122,3.0
8181,125,2023,7,Family,24,4.0
8182,779,2022,8,Solo,134,4.0
8183,517,2024,9,Business,131,4.0
8184,79,2022,5,Friends,131,5.0
8185,1609,2021,3,Friends,37,2.0
8186,890,2020,7,Family,101,4.0
8187,1504,2020,1,Solo,25,4.0
8188,1175,2019,4,Business,30,2.0
8189,1752,2019,8,Friends,11,5.0
8190,1995,2022,12,Couples,74,4.0
8191,1205,2019,8,Couples,107,5.0
8192,705,2021,10,Business,30,3.0
8193,846,2019,4,Family,28,4.0
8194,1651,2019,1,Couples,42,3.0
8195,854,2023,5,Couples,30,3.0
8196,1040,2019,9,Business,125,3.0
8197,389,2021,1,Couples,26,3.0
8198,1981,2020,11,Couples,42,5.0
8199,1302,2019,4,Family,46,4.0
8200,661,2020,9,Family,31,5.0
8201,1171,2019,11,Family,142,4.0
8202,803,2019,8,Family,32,4.0
8203,310,2022,3,Business,73,4.0
8204,1750,2019,4,COUPLES,85,4.0
8205,1772,2024,6,Friends,40,3.0
8206,1670,2021,12,Family,71,4.0
8207,737,2021,9,Family,26,5.0
8208,513,2024,8,Business,73,4.0
8209,100,2023,10,Couples,3,4.0
8210,1464,2021,2,Family,66,3.0
8211,656,2024,1,Family,55,3.0
8212,1785,2022,8,Solo,53,3.0
8213,1740,2023,8,FAMILY,17,4.0
8214,257,2024,4,Friends,150,3.0
8215,1834,2023,8,FAMILY,5,4.0
8216,281,2022,2,Solo,22,4.0
8217,981,2022,3,Friends,16,4.0
8218,948,2022,11,Couples,147,4.0
8219,1913,2024,1,Couples,48,4.0
8220,1315,2023,7,Solo,65,3.0
8221,1751,2020,11,Family,113,4.0
8222,1192,2019,9,Family,8,5.0
8223,1651,2023,6,Friends,11,4.0
8224,1705,2021,4,Couples,28,3.0
8225,1720,2021,1,Friends,102,3.0
8226,824,2024,2,Family,147,3.0
8227,764,2019,7,Friends,94,3.0
8228,1970,2019,7,Family,131,3.0
8229,1513,2023,5,COUPLES,133,4.0
8230,1835,2024,4,Solo,42,4.0
8231,1155,2023,1,Family,28,5.0
8232,1859,2024,2,Friends,25,4.0
8233,1440,2024,4,COUPLES,120,4.0
8234,1486,2023,12,Family,101,4.0
8235,356,2024,4,Friends,130,4.0
8236,1134,2021,2,Family,77,4.0
8237,1463,2023,7,Solo,147,4.0
8238,1522,2019,2,FRIENDS,135,3.0
8239,1916,2022,5,Couples,122,4.0
8240,654,2020,9,Friends,121,3.0
8241,606,2024,2,Solo,19,4.0
8242,1939,2021,12,Solo,112,4.0
8243,1973,2020,8,Solo,143,3.0
8244,360,2022,11,Family,44,3.0
8245,757,2019,9,Friends,123,3.0
8246,1897,2019,12,Family,53,4.0
8247,400,2021,7,COUPLES,32,3.0
8248,1567,2022,1,Friends,110,5.0
8249,225,2022,1,Couples,25,4.0
8250,357,2019,3,Family,73,5.0
8251,1570,2023,2,Couples,141,3.0
8252,1215,2019,10,Couples,24,4.0
8253,1110,2023,12,Friends,24,3.0
8254,1714,2019,8,Family,142,4.0
8255,615,2019,3,Family,117,3.0
8256,1007,2022,12,FAMILY,70,4.0
8257,1217,2023,4,Family,61,5.0
8258,1480,2023,11,Couples,145,4.0
8259,665,2022,9,Family,109,4.0
8260,1268,2020,6,Couples,137,4.0
8261,897,2024,10,Solo,14,4.0
8262,1084,2019,8,Business,80,3.0
8263,1726,2021,11,Solo,109,4.0
8264,788,2023,8,Business,6,2.0
8265,1337,2022,5,Business,77,4.0
8266,1884,2023,2,Solo,9,3.0
8267,1525,2023,12,Family,136,3.0
8268,1978,2024,10,Couples,103,4.0
8269,1167,2022,2,Family,29,4.0
8270,564,2023,8,Couples,79,4.0
8271,1983,2019,10,Business,17,3.0
8272,1290,2020,9,Business,121,3.0
8273,483,2019,4,Couples,30,3.0
8274,635,2020,2,Couples,92,4.0
8275,525,2019,12,Family,12,3.0
8276,1668,2023,5,Friends,24,5.0
8277,186,2021,11,Couples,148,4.0
8278,1480,2021,6,COUPLES,58,
8279,1109,2022,10,Business,19,3.0
8280,147,2021,3,Solo,105,3.0
8281,1227,2022,8,Business,31,3.0
8282,1507,2019,7,Couples,89,4.0
8283,1452,2023,3,Solo,122,3.0
8284,1058,2024,9,Family,103,3.0
8285,671,2019,6,Couples,38,3.0
8286,328,2019,8,Friends,36,4.0
8287,25,2019,1,Business,34,3.0
8288,720,2022,2,Couples,95,3.0
8289,1265,2023,9,Family,101,5.0
8290,76,2023,12,Solo,79,3.0
8291,1998,2023,2,Solo,60,3.0
8292,1172,2022,1,Family,10,3.0
8293,590,2023,4,Couples,126,3.0
8294,1925,2020,1,Family,100,3.0
8295,368,2023,3,Solo,96,3.0
8296,1916,2020,9,Family,16,4.0
8297,564,2024,10,Business,44,4.0
8298,760,2019,8,Solo,46,4.0
8299,851,2024,5,Solo,90,4.0
8300,1990,2021,2,Couples,119,3.0
8301,502,2022,7,Family,130,3.0
8302,1946,2019,12,Friends,79,4.0
8303,694,2020,3,Couples,55,3.0
8304,571,2024,7,Solo,62,3.0
8305,1277,2019,5,COUPLES,111,4.0
8306,1388,2020,5,Couples,48,4.0
8307,691,2022,7,Solo,63,4.0
8308,269,2023,3,Solo,118,2.0
8309,793,2021,3,Business,82,3.0
8310,1081,2019,1,Friends,71,3.0
8311,81,2019,9,Family,111,4.0
8312,158,2024,11,Friends,44,5.0
8313,1836,2020,6,Family,10,4.0
8314,72,2022,8,Solo,119,3.0
8315,814,2024,12,Friends,69,4.0
8316,1528,2021,10,Friends,49,4.0
8317,657,2019,3,Family,15,3.0
8318,990,2023,10,Couples,139,4.0
8319,173,2023,5,Couples,109,4.0
8320,1589,2022,12,Business,42,3.0
8321,1269,2024,12,Solo,92,3.0
8322,1704,2023,1,Family,70,4.0
8323,1728,2023,11,Family,50,4.0
8324,702,2021,3,Couples,47,3.0
8325,83,2019,6,Friends,12,4.0
8326,693,2023,9,FAMILY,147,3.0
8327,291,2024,2,Friends,139,4.0
8328,1067,2023,1,Business,131,2.0
8329,293,2022,5,COUPLES,48,3.0
8330,1844,2023,7,COUPLES,150,2.0
8331,1205,2020,8,BUSINESS,42,4.0
8332,507,2019,12,Family,124,2.0
8333,1843,2022,4,Friends,16,3.0
8334,1540,2024,9,Family,47,4.0
8335,876,2019,3,Friends,87,3.0
8336,294,2019,6,Solo,146,4.0
8337,688,2023,7,Friends,40,4.0
8338,1169,2021,6,Family,65,4.0
8339,1532,2024,3,Family,127,5.0
8340,524,2021,3,Family,71,5.0
8341,1486,2022,11,Couples,103,4.0
8342,566,2019,12,Couples,63,4.0
8343,494,2024,1,Business,1,4.0
8344,895,2020,3,Family,43,3.0
8345,322,2021,12,Couples,85,4.0
8346,810,2022,2,Family,3,3.0
8347,716,2024,7,Friends,35,3.0
8348,561,2023,4,Couples,143,3.0
8349,1552,2023,12,Couples,3,4.0
8350,664,2019,9,Family,38,4.0
8351,1391,2019,10,Family,93,4.0
8352,1441,2023,1,Couples,85,4.0
8353,1332,2024,2,Family,31,4.0
8354,539,2022,10,Business,9,4.0
8355,1659,2024,3,FAMILY,135,3.0
8356,474,2020,6,Family,83,3.0
8357,555,2021,2,Family,87,4.0
8358,1750,2020,1,Solo,9,4.0
8359,680,2023,9,Couples,32,4.0
8360,1395,2023,3,Family,11,4.0
8361,85,2020,3,Couples,147,3.0
8362,1229,2024,11,Solo,116,4.0
8363,1738,2019,9,Couples,82,5.0
8364,1418,2023,3,Family,103,4.0
8365,1165,2020,11,Family,25,5.0
8366,1699,2023,12,Solo,149,4.0
8367,597,2021,5,Family,78,3.0
8368,754,2020,6,Family,78,4.0
8369,139,2019,8,Family,144,5.0
8370,1397,2022,2,Friends,15,4.0
8371,1447,2019,11,Business,64,4.0
8372,1503,2021,2,Couples,14,3.0
8373,1498,2024,10,Couples,64,3.0
8374,255,2024,7,Family,41,4.0
8375,1333,2021,2,Family,70,4.0
8376,1527,2023,6,Solo,106,4.0
8377,408,2023,4,FAMILY,43,4.0
8378,953,2022,12,Couples,8,3.0
8379,1827,2020,7,Family,25,4.0
8380,830,2023,5,Family,108,4.0
8381,1507,2019,4,Family,87,4.0
8382,1061,2022,2,Family,147,4.0
8383,1316,2023,7,Family,135,3.0
8384,1254,2022,7,Solo,25,3.0
8385,1302,2021,12,Business,111,3.0
8386,1559,2021,8,Friends,14,4.0
8387,1809,2021,6,Friends,15,3.0
8388,592,2023,5,Couples,119,4.0
8389,1857,2024,4,Friends,61,3.0
8390,1256,2023,8,Business,150,4.0
8391,1192,2020,2,Family,1,3.0
8392,656,2019,1,Couples,76,4.0
8393,834,2021,11,Couples,47,4.0
8394,1304,2024,1,Family,148,5.0
8395,728,2022,3,Family,101,5.0
8396,575,2020,7,Couples,116,4.0
8397,1639,2019,3,Family,44,4.0
8398,831,2020,9,FAMILY,135,4.0
8399,1290,2023,7,Business,127,3.0
8400,63,2023,1,FRIENDS,118,3.0
8401,155,2021,6,Solo,72,3.0
8402,1697,2021,10,Couples,139,4.0
8403,285,2020,5,Solo,101,2.0
8404,1592,2024,9,Solo,10,3.0
8405,1801,2021,7,Family,133,4.0
8406,963,2023,6,Solo,4,3.0
8407,1769,2021,7,Friends,103,4.0
8408,855,2022,6,Friends,38,3.0
8409,1904,2022,1,Business,135,3.0
8410,475,2021,6,Friends,110,4.0
8411,856,2024,5,Couples,122,5.0
8412,778,2021,10,FRIENDS,105,
8413,1569,2023,9,Couples,86,4.0
8414,88,2024,7,Friends,130,4.0
8415,1657,2021,5,Friends,45,5.0
8416,47,2020,8,Family,80,3.0
8417,632,2024,12,Family,45,5.0
8418,1193,2023,11,Business,18,4.0
8419,291,2023,3,Couples,132,3.0
8420,981,2024,4,Solo,75,3.0
8421,1995,2019,6,Friends,9,3.0
8422,1647,2024,8,Friends,124,2.0
8423,61,2019,9,Friends,142,4.0
8424,1184,2019,10,FAMILY,100,4.0
8425,1195,2020,7,Family,50,4.0
8426,137,2019,10,Couples,129,3.0
8427,1301,2019,1,Business,111,4.0
8428,1043,2019,3,FRIENDS,43,4.0
8429,1364,2021,7,Friends,50,4.0
8430,596,2021,7,Couples,149,4.0
8431,512,2021,12,Family,143,4.0
8432,1472,2020,8,Family,102,3.0
8433,1444,2024,5,Family,6,5.0
8434,324,2020,8,FAMILY,35,4.0
8435,433,2021,2,COUPLES,53,4.0
8436,1173,2019,5,Family,81,3.0
8437,1659,2020,1,Friends,131,4.0
8438,404,2020,2,Business,128,3.0
8439,439,2024,5,Family,42,4.0
8440,1616,2020,1,Family,17,4.0
8441,1394,2022,3,Friends,42,5.0
8442,1805,2022,11,Solo,36,
8443,1567,2019,11,Family,135,3.0
8444,1907,2021,7,Couples,3,3.0
8445,378,2019,12,Solo,125,4.0
8446,544,2020,1,Couples,99,4.0
8447,476,2023,12,Family,16,3.0
8448,111,2022,6,Couples,103,4.0
8449,1559,2021,5,Couples,88,3.0
8450,1324,2020,10,Friends,1,5.0
8451,172,2022,6,COUPLES,34,3.0
8452,397,2024,8,Friends,53,
8453,382,2024,4,Friends,33,4.0
8454,806,2020,7,Family,87,5.0
8455,912,2023,2,Business,93,3.0
8456,578,2020,3,Family,26,3.0
8457,1861,2024,7,Solo,19,3.0
8458,426,2021,12,Couples,99,3.0
8459,1124,2023,3,Business,71,3.0
8460,876,2022,7,Friends,40,4.0
8461,776,2023,1,Family,39,3.0
8462,1652,2024,7,Family,6,3.0
8463,1957,2019,11,Couples,129,4.0
8464,12,2024,5,Couples,127,4.0
8465,928,2021,10,Couples,84,5.0
8466,239,2019,5,Family,53,4.0
8467,868,2021,12,Solo,33,4.0
8468,1235,2019,8,FRIENDS,47,3.0
8469,824,2022,4,Family,139,3.0
8470,619,2021,4,Family,14,3.0
8471,625,2021,11,Friends,124,3.0
8472,600,2021,6,Family,46,5.0
8473,652,2022,5,Friends,40,4.0
8474,748,2023,8,Family,122,4.0
8475,1376,2021,1,Couples,145,
8476,193,2019,3,Family,149,3.0
8477,82,2022,6,Couples,41,5.0
8478,1034,2024,4,Family,89,3.0
8479,1364,2021,7,Friends,44,4.0
8480,518,2019,5,Friends,30,4.0
8481,403,2024,6,Couples,58,5.0
8482,1250,2021,10,Friends,10,5.0
8483,769,2021,10,BUSINESS,25,4.0
8484,1473,2020,4,Family,90,5.0
8485,294,2023,5,Couples,104,4.0
8486,243,2019,8,Family,41,4.0
8487,1106,2022,12,Friends,84,5.0
8488,785,2021,7,Business,115,2.0
8489,1459,2021,1,Family,135,4.0
8490,1013,2020,8,Family,86,4.0
8491,710,2023,9,Friends,37,3.0
8492,320,2021,12,Solo,107,3.0
8493,327,2024,12,Family,26,4.0
8494,1512,2023,9,Business,21,3.0
8495,454,2023,7,Family,54,3.0
8496,1005,2021,3,Family,50,4.0
8497,1637,2024,11,FRIENDS,22,
8498,1796,2022,6,Friends,8,3.0
8499,536,2021,9,Friends,142,4.0
8500,220,2021,9,Couples,102,5.0
8501,1550,2024,1,Family,108,5.0
8502,1375,2020,5,Solo,10,3.0
8503,663,2024,9,Family,120,5.0
8504,1188,2020,6,Family,55,3.0
8505,378,2023,8,Family,113,4.0
8506,1402,2020,7,Business,74,2.0
8507,1455,2024,1,Friends,37,2.0
8508,599,2024,4,Business,40,3.0
8509,938,2023,5,Solo,22,4.0
8510,669,2024,5,Family,125,4.0
8511,63,2022,1,Couples,65,3.0
8512,255,2024,1,Friends,118,2.0
8513,1920,2022,4,Friends,125,4.0
8514,913,2019,11,Couples,26,
8515,296,2021,12,Business,50,2.0
8516,89,2019,11,Family,19,4.0
8517,707,2022,12,Family,2,3.0
8518,1966,2019,12,Couples,148,4.0
8519,770,2020,9,Family,100,4.0
8520,1999,2024,2,Family,68,3.0
8521,979,2023,5,Friends,31,3.0
8522,1528,2021,9,Friends,89,4.0
8523,1571,2022,5,Business,82,2.0
8524,57,2022,4,Friends,34,4.0
8525,13,2021,1,Family,3,4.0
8526,1845,2023,5,Family,71,4.0
8527,1865,2019,5,Couples,77,4.0
8528,266,2021,10,Friends,120,
8529,1292,2020,10,Friends,60,4.0
8530,1848,2023,2,Couples,15,4.0
8531,1902,2022,7,Business,133,2.0
8532,593,2023,11,Family,63,4.0
8533,1635,2021,6,Solo,109,3.0
8534,1293,2020,12,Family,7,4.0
8535,1856,2019,2,Couples,6,4.0
8536,294,2024,4,Friends,4,4.0
8537,1203,2020,12,Family,119,5.0
8538,49,2023,9,Family,37,3.0
8539,715,2021,4,Business,119,2.0
8540,23,2020,11,Business,142,3.0
8541,886,2020,5,Family,100,4.0
8542,1623,2023,10,Friends,148,4.0
8543,1317,2020,4,Friends,140,4.0
8544,634,2020,5,Solo,109,3.0
8545,854,2023,4,Family,121,4.0
8546,735,2022,5,Family,91,4.0
8547,1464,2023,8,Family,33,5.0
8548,533,2019,10,Couples,16,3.0
8549,184,2024,8,Business,58,3.0
8550,1014,2020,1,Friends,72,4.0
8551,1660,2019,8,Business,53,2.0
8552,955,2019,6,SOLO,16,3.0
8553,409,2020,1,Friends,76,3.0
8554,93,2021,4,Business,75,4.0
8555,1888,2019,12,Business,144,2.0
8556,1522,2022,5,Friends,144,4.0
8557,312,2022,9,Family,93,4.0
8558,148,2023,3,Family,128,5.0
8559,259,2019,11,Couples,47,4.0
8560,754,2019,10,Friends,146,4.0
8561,1624,2020,2,Family,142,4.0
8562,320,2021,9,Family,19,3.0
8563,1638,2022,12,Solo,106,4.0
8564,4,2020,11,Friends,69,3.0
8565,1478,2021,9,FAMILY,40,3.0
8566,565,2022,9,Friends,62,4.0
8567,1922,2022,7,Solo,136,4.0
8568,952,2022,2,Friends,139,4.0
8569,542,2022,1,Friends,52,4.0
8570,486,2023,4,Couples,70,3.0
8571,1654,2024,4,Friends,78,3.0
8572,806,2024,11,Friends,111,
8573,705,2021,11,Family,72,5.0
8574,1472,2020,4,Family,60,4.0
8575,1075,2020,5,FAMILY,139,4.0
8576,1328,2021,9,Family,56,3.0
8577,892,2022,9,Couples,40,3.0
8578,129,2022,11,Family,50,3.0
8579,12,2019,9,Couples,50,4.0
8580,79,2024,9,Family,84,4.0
8581,1149,2019,10,Solo,100,2.0
8582,1028,2021,11,Business,21,5.0
8583,1496,2021,5,Solo,133,3.0
8584,1790,2021,4,Family,39,4.0
8585,350,2020,11,Solo,18,3.0
8586,1915,2022,2,Couples,101,2.0
8587,1864,2019,4,Business,32,4.0
8588,1232,2023,2,FAMILY,113,4.0
8589,1061,2023,11,Family,143,3.0
8590,354,2023,12,Friends,104,
8591,357,2023,6,Family,117,5.0
8592,38,2024,2,Family,75,4.0
8593,1292,2019,3,Solo,52,2.0
8594,867,2024,7,Couples,92,4.0
8595,384,2022,5,COUPLES,54,3.0
8596,268,2019,10,Friends,132,4.0
8597,128,2024,10,Couples,71,4.0
8598,1282,2023,6,Family,75,3.0
8599,1371,2020,8,Family,102,3.0
8600,1264,2024,1,Couples,29,4.0
8601,222,2023,2,Couples,85,5.0
8602,83,2021,5,Business,114,
8603,213,2019,2,Couples,117,3.0
8604,1504,2023,1,Couples,34,3.0
8605,1480,2024,9,Business,9,3.0
8606,590,2020,1,Friends,30,5.0
8607,111,2019,3,Friends,123,4.0
8608,640,2020,9,Couples,40,4.0
8609,1620,2020,3,Family,9,3.0
8610,287,2021,3,Family,90,4.0
8611,1593,2024,9,Business,133,4.0
8612,927,2024,1,Business,34,2.0
8613,283,2023,4,Family,7,3.0
8614,1868,2020,7,Business,22,3.0
8615,1037,2020,1,Friends,20,3.0
8616,1344,2019,8,Friends,31,4.0
8617,194,2023,6,Friends,28,4.0
8618,744,2020,4,Friends,96,3.0
8619,1266,2024,7,Business,34,3.0
8620,1291,2022,1,Family,83,3.0
8621,126,2021,8,Couples,61,5.0
8622,1209,2024,6,Family,99,4.0
8623,1889,2019,1,Couples,99,4.0
8624,1573,2021,10,Business,89,3.0
8625,416,2020,6,Friends,134,3.0
8626,1826,2020,1,Couples,30,4.0
8627,1366,2024,5,Business,79,4.0
8628,114,2022,9,Friends,60,4.0
8629,257,2019,6,Business,80,4.0
8630,1843,2019,5,Couples,21,3.0
8631,420,2020,1,Business,48,3.0
8632,194,2024,1,FAMILY,142,4.0
8633,902,2019,4,Friends,121,3.0
8634,1052,2023,4,Friends,64,4.0
8635,1147,2019,8,Friends,17,4.0
8636,1318,2021,6,Family,98,
8637,1998,2022,2,Friends,46,3.0
8638,1519,2019,8,Friends,50,4.0
8639,52,2021,12,Friends,15,2.0
8640,178,2020,11,Couples,44,4.0
8641,1,2019,12,Family,33,4.0
8642,791,2019,6,Business,6,3.0
8643,701,2019,5,FAMILY,88,3.0
8644,1868,2023,1,Friends,146,4.0
8645,733,2019,9,Friends,19,4.0
8646,62,2022,6,Friends,8,4.0
8647,1768,2019,8,Couples,16,4.0
8648,521,2020,4,Couples,82,4.0
8649,1826,2020,3,Solo,124,2.0
8650,1549,2021,9,Couples,47,5.0
8651,1762,2023,5,Business,18,3.0
8652,1640,2021,7,Couples,15,4.0
8653,287,2019,12,Friends,92,2.0
8654,1253,2019,4,Family,54,3.0
8655,825,2020,2,Business,53,3.0
8656,1258,2020,9,Family,36,4.0
8657,1492,2022,7,Friends,135,4.0
8658,1002,2021,5,Family,57,3.0
8659,626,2023,8,Couples,107,4.0
8660,1833,2020,12,COUPLES,112,4.0
8661,1327,2023,3,Family,9,4.0
8662,1772,2019,10,Couples,38,3.0
8663,475,2024,7,BUSINESS,135,4.0
8664,1677,2024,10,Friends,133,3.0
8665,647,2020,12,Solo,63,3.0
8666,921,2020,2,Business,24,4.0
8667,1721,2019,2,Family,45,5.0
8668,710,2024,1,Family,143,4.0
8669,502,2019,3,Family,101,3.0
8670,1832,2019,5,Family,12,4.0
8671,1929,2019,4,Family,108,5.0
8672,623,2020,10,Family,23,4.0
8673,613,2024,10,Business,46,4.0
8674,456,2019,5,Friends,73,4.0
8675,48,2022,7,Family,53,3.0
8676,1106,2022,4,Business,105,4.0
8677,510,2023,7,Couples,24,4.0
8678,1699,2023,4,Couples,132,4.0
8679,343,2024,10,Couples,90,4.0
8680,1271,2022,3,Business,46,2.0
8681,1014,2024,12,Family,144,3.0
8682,1224,2020,12,Family,72,3.0
8683,226,2021,3,FAMILY,63,5.0
8684,934,2023,7,Couples,4,5.0
8685,1253,2024,10,Friends,150,3.0
8686,682,2019,11,Friends,127,5.0
8687,1750,2021,5,Family,27,5.0
8688,1060,2023,7,Family,143,4.0
8689,726,2019,2,Friends,120,4.0
8690,62,2021,4,Family,64,3.0
8691,337,2022,4,Family,140,5.0
8692,954,2019,4,Friends,84,4.0
8693,801,2024,5,Couples,104,4.0
8694,1744,2021,9,Business,28,3.0
8695,1572,2023,11,Friends,17,4.0
8696,318,2021,7,Family,80,4.0
8697,1183,2021,6,Family,49,4.0
8698,909,2024,9,Business,148,4.0
8699,203,2024,8,Solo,13,4.0
8700,1332,2022,6,Friends,115,3.0
8701,1075,2021,1,Couples,91,3.0
8702,175,2023,7,Couples,132,3.0
8703,937,2023,1,Family,150,3.0
8704,1464,2024,8,Business,131,3.0
8705,655,2020,12,Family,57,4.0
8706,714,2019,10,Solo,105,3.0
8707,221,2020,11,Friends,25,4.0
8708,409,2022,6,Solo,73,2.0
8709,1963,2020,6,Couples,41,5.0
8710,1242,2023,7,Business,38,4.0
8711,353,2024,3,Solo,86,3.0
8712,966,2020,12,Friends,20,3.0
8713,386,2024,1,Family,86,3.0
8714,886,2022,12,Couples,61,4.0
8715,292,2020,12,Friends,35,3.0
8716,1238,2020,12,Business,85,4.0
8717,1141,2019,1,Solo,113,5.0
8718,1267,2021,12,FAMILY,92,4.0
8719,888,2019,3,Couples,14,4.0
8720,572,2019,4,Couples,85,3.0
8721,500,2023,9,Business,94,
8722,431,2021,5,Friends,103,4.0
8723,859,2022,12,Business,64,3.0
8724,903,2020,6,Family,15,4.0
8725,1348,2022,2,Couples,20,3.0
8726,105,2021,3,Family,50,5.0
8727,564,2019,10,Family,96,5.0
8728,1706,2022,7,Couples,111,3.0
8729,1831,2019,4,Couples,101,5.0
8730,1862,2023,3,COUPLES,47,4.0
8731,613,2024,9,Solo,67,3.0
8732,275,2023,4,FAMILY,8,5.0
8733,397,2022,2,Couples,120,4.0
8734,264,2024,7,Family,54,4.0
8735,1910,2020,11,Couples,77,5.0
8736,1767,2023,4,Friends,68,4.0
8737,1622,2020,9,Couples,43,4.0
8738,1460,2019,6,Solo,26,3.0
8739,687,2020,12,Family,144,3.0
8740,952,2022,8,Family,18,4.0
8741,1683,2019,7,Couples,142,3.0
8742,1629,2020,3,Couples,17,4.0
8743,1038,2019,11,Business,15,3.0
8744,1676,2020,1,Friends,136,3.0
8745,694,2023,7,Solo,142,3.0
8746,828,2019,4,Couples,135,4.0
8747,1680,2020,7,Solo,117,3.0
8748,753,2019,12,Family,74,3.0
8749,1505,2021,2,Friends,16,3.0
8750,907,2023,1,SOLO,89,4.0
8751,596,2022,10,SOLO,78,4.0
8752,438,2020,9,Family,111,4.0
8753,1214,2020,5,Family,6,4.0
8754,960,2023,3,Family,12,3.0
8755,739,2021,8,Couples,89,5.0
8756,1487,2021,4,Couples,129,3.0
8757,3,2024,8,Friends,140,5.0
8758,185,2023,5,Business,86,4.0
8759,1924,2020,10,Family,56,4.0
8760,1328,2023,8,Couples,71,5.0
8761,1100,2023,7,Family,77,5.0
8762,30,2024,2,Couples,93,3.0
8763,1197,2020,8,Solo,35,3.0
8764,870,2023,9,Friends,59,4.0
8765,1200,2020,7,Business,82,2.0
8766,83,2021,8,Couples,128,4.0
8767,1102,2019,8,Business,121,3.0
8768,1156,2022,3,Business,114,3.0
8769,581,2023,6,Family,33,4.0
8770,110,2021,2,Couples,61,3.0
8771,1944,2021,10,Family,84,4.0
8772,1419,2020,2,Couples,146,5.0
8773,1244,2023,10,Couples,54,3.0
8774,1535,2024,8,Solo,138,3.0
8775,1342,2019,7,Friends,113,4.0
8776,269,2020,7,Business,96,3.0
8777,910,2022,2,Family,106,4.0
8778,1778,2021,8,Business,119,4.0
8779,576,2019,5,Friends,105,4.0
8780,1945,2019,10,Friends,101,4.0
8781,129,2020,11,Family,57,4.0
8782,662,2024,12,Family,65,4.0
8783,701,2022,12,Friends,90,3.0
8784,1235,2020,10,Business,127,4.0
8785,353,2019,4,Friends,98,3.0
8786,459,2023,4,Business,149,4.0
8787,1325,2021,12,Business,103,2.0
8788,570,2021,12,Family,62,3.0
8789,1759,2022,4,Couples,87,4.0
8790,1741,2020,8,Business,94,3.0
8791,606,2023,12,Business,131,3.0
8792,1120,2020,11,Solo,39,
8793,666,2023,12,Couples,38,3.0
8794,690,2022,5,Family,31,4.0
8795,1341,2019,7,Couples,9,4.0
8796,587,2022,8,Solo,102,3.0
8797,299,2019,12,Business,145,2.0
8798,519,2023,12,Family,93,3.0
8799,1859,2021,7,Family,10,3.0
8800,519,2023,11,Family,55,3.0
8801,728,2020,5,Friends,136,4.0
8802,1258,2021,8,Business,8,3.0
8803,203,2020,10,Business,92,4.0
8804,537,2020,11,Couples,67,3.0
8805,350,2021,2,Family,138,3.0
8806,1849,2019,1,Friends,77,4.0
8807,1866,2021,3,Couples,85,5.0
8808,1512,2019,2,Friends,109,3.0
8809,495,2022,3,Business,124,3.0
8810,1233,2019,12,Business,78,3.0
8811,1325,2019,8,Friends,109,4.0
8812,1739,2021,2,Friends,121,4.0
8813,313,2020,9,Business,79,
8814,1473,2024,12,Solo,108,4.0
8815,389,2020,11,Business,55,3.0
8816,1138,2021,11,FRIENDS,54,3.0
8817,1759,2020,11,Couples,1,4.0
8818,125,2024,10,Business,101,4.0
8819,297,2023,11,Friends,38,5.0
8820,1627,2020,10,Couples,123,4.0
8821,38,2020,9,Family,143,3.0
8822,1371,2020,3,Friends,132,3.0
8823,1003,2019,11,Couples,42,5.0
8824,694,2020,2,Friends,98,3.0
8825,1726,2024,4,Family,113,4.0
8826,1698,2021,9,Couples,76,3.0
8827,652,2021,9,Business,77,4.0
8828,9,2020,11,Couples,66,4.0
8829,257,2020,1,Family,47,4.0
8830,215,2022,10,Couples,86,3.0
8831,1965,2023,2,Friends,149,5.0
8832,1194,2022,8,Family,33,3.0
8833,1354,2022,3,Couples,8,4.0
8834,462,2020,7,Friends,9,5.0
8835,1702,2024,2,Family,88,4.0
8836,1446,2023,1,Solo,41,3.0
8837,1505,2024,12,Family,70,4.0
8838,937,2023,7,Solo,143,3.0
8839,1397,2023,6,Friends,12,5.0
8840,1089,2019,5,Family,27,4.0
8841,770,2019,11,Family,33,4.0
8842,1189,2019,10,Business,69,2.0
8843,649,2021,6,Family,105,3.0
8844,1906,2022,2,FAMILY,28,4.0
8845,1434,2019,9,Family,17,4.0
8846,1478,2023,3,Couples,13,4.0
8847,1434,2022,4,Friends,121,4.0
8848,897,2022,8,BUSINESS,5,2.0
8849,1902,2024,12,Friends,94,4.0
8850,416,2022,3,Solo,87,2.0
8851,1138,2019,1,Business,16,4.0
8852,139,2023,6,Family,83,2.0
8853,590,2024,9,Family,44,4.0
8854,1150,2019,8,Solo,78,4.0
8855,980,2022,12,Friends,21,3.0
8856,1883,2021,3,Family,101,4.0
8857,1228,2019,10,Solo,120,4.0
8858,823,2020,10,Couples,1,4.0
8859,854,2024,10,Couples,80,3.0
8860,1224,2021,11,Family,98,4.0
8861,1583,2022,4,Friends,1,5.0
8862,554,2023,4,Couples,109,5.0
8863,1170,2021,6,Friends,82,3.0
8864,1150,2024,5,Business,46,3.0
8865,19,2021,2,Couples,73,4.0
8866,1826,2024,4,Solo,103,4.0
8867,1140,2019,5,Family,97,4.0
8868,485,2024,10,Family,117,3.0
8869,1268,2019,1,Friends,6,4.0
8870,1356,2023,10,Family,119,3.0
8871,1831,2022,10,Business,6,3.0
8872,69,2022,2,Family,98,4.0
8873,828,2024,12,Solo,53,3.0
8874,361,2022,9,Couples,10,4.0
8875,1149,2023,9,Business,104,3.0
8876,1004,2023,10,Friends,83,4.0
8877,950,2024,10,Family,100,3.0
8878,1965,2020,5,Couples,57,3.0
8879,1064,2024,7,Family,42,3.0
8880,823,2022,8,Solo,94,3.0
8881,135,2019,3,Couples,33,5.0
8882,580,2024,1,Couples,122,4.0
8883,1795,2023,9,Family,103,4.0
8884,904,2024,3,Family,150,3.0
8885,1821,2023,4,Business,5,3.0
8886,1066,2021,2,Family,88,4.0
8887,1097,2021,6,Family,84,4.0
8888,860,2020,7,Family,129,2.0
8889,1114,2021,11,Family,64,5.0
8890,134,2019,6,Couples,141,3.0
8891,116,2023,5,COUPLES,36,4.0
8892,952,2023,10,Friends,129,3.0
8893,1196,2024,4,Family,79,3.0
8894,1102,2022,1,Couples,142,5.0
8895,859,2024,1,FAMILY,33,4.0
8896,589,2020,11,Couples,40,4.0
8897,1419,2021,9,Friends,85,3.0
8898,1210,2023,3,Friends,83,3.0
8899,95,2023,3,BUSINESS,23,4.0
8900,905,2023,11,Business,98,4.0
8901,1422,2021,8,Business,61,2.0
8902,1569,2019,6,Business,23,4.0
8903,574,2024,5,Family,77,4.0
8904,1850,2021,5,Couples,105,4.0
8905,1304,2022,10,Family,5,3.0
8906,876,2019,3,Family,139,3.0
8907,1255,2024,11,Business,92,2.0
8908,1744,2020,3,BUSINESS,40,3.0
8909,454,2024,3,Business,113,4.0
8910,301,2023,5,Family,127,4.0
8911,881,2020,10,Family,144,3.0
8912,168,2021,1,Couples,119,4.0
8913,1672,2024,2,Business,31,4.0
8914,1941,2022,5,Solo,25,4.0
8915,1212,2023,2,Family,32,4.0
8916,1960,2022,5,Family,132,3.0
8917,138,2020,6,Couples,46,4.0
8918,1266,2019,8,Business,50,3.0
8919,886,2019,4,Friends,134,4.0
8920,555,2021,7,Family,31,4.0
8921,624,2023,12,Couples,62,4.0
8922,1091,2020,6,Couples,45,4.0
8923,1284,2020,10,Family,46,4.0
8924,329,2021,4,Couples,90,4.0
8925,1230,2020,11,Solo,112,
8926,1854,2021,7,Family,40,5.0
8927,21,2022,2,Friends,6,4.0
8928,1757,2020,11,Couples,96,3.0
8929,1216,2019,9,Family,83,3.0
8930,685,2019,5,Couples,99,5.0
8931,1470,2021,8,Solo,68,3.0
8932,1236,2020,12,Family,117,4.0
8933,1538,2023,2,Family,94,3.0
8934,163,2019,1,Business,114,3.0
8935,118,2019,10,Family,110,4.0
8936,1285,2022,4,Family,75,4.0
8937,608,2022,11,Couples,49,4.0
8938,477,2023,10,Friends,88,3.0
8939,843,2019,11,Family,96,3.0
8940,1451,2023,10,FAMILY,86,4.0
8941,360,2024,12,Couples,79,4.0
8942,1947,2022,8,Family,52,4.0
8943,842,2021,2,Business,21,3.0
8944,302,2021,3,Family,65,4.0
8945,143,2023,11,Friends,133,3.0
8946,1715,2019,4,Couples,108,4.0
8947,227,2023,12,Friends,114,4.0
8948,838,2020,11,Friends,111,3.0
8949,1338,2024,9,Couples,139,3.0
8950,1027,2019,2,Business,34,3.0
8951,526,2022,3,Friends,109,4.0
8952,216,2021,9,Solo,11,3.0
8953,1423,2021,5,COUPLES,37,3.0
8954,981,2021,5,Solo,5,3.0
8955,97,2019,2,Couples,65,4.0
8956,363,2024,6,Couples,22,5.0
8957,1126,2022,1,Friends,59,2.0
8958,337,2022,2,Couples,21,3.0
8959,783,2022,12,FRIENDS,6,4.0
8960,250,2022,10,Business,72,3.0
8961,1594,2022,12,Couples,62,3.0
8962,1261,2021,11,Solo,63,4.0
8963,1568,2019,12,Couples,52,4.0
8964,105,2019,5,Friends,62,4.0
8965,752,2022,4,Solo,1,4.0
8966,536,2020,9,Friends,72,3.0
8967,1246,2021,8,Solo,128,2.0
8968,1643,2022,6,Solo,21,4.0
8969,456,2022,6,BUSINESS,22,3.0
8970,1540,2020,3,Family,118,5.0
8971,1161,2022,6,Family,76,4.0
8972,1649,2024,12,Family,39,5.0
8973,163,2021,6,Friends,118,3.0
8974,1982,2019,7,Couples,49,4.0
8975,870,2022,12,Friends,91,4.0
8976,561,2022,11,Family,84,4.0
8977,366,2021,10,Family,26,4.0
8978,1970,2022,1,Family,114,4.0
8979,1767,2023,11,Couples,93,3.0
8980,263,2022,1,Family,32,3.0
8981,890,2023,1,Family,114,3.0
8982,1468,2019,5,Friends,94,3.0
8983,1182,2020,5,Friends,129,3.0
8984,379,2022,2,Friends,124,3.0
8985,721,2020,8,Friends,48,3.0
8986,737,2024,12,Solo,141,4.0
8987,578,2023,8,Couples,6,4.0
8988,1922,2021,12,Family,51,4.0
8989,406,2023,11,Business,92,3.0
8990,1414,2024,10,Family,81,3.0
8991,1824,2019,3,Friends,34,4.0
8992,1590,2022,8,Friends,30,3.0
8993,1599,2021,2,Family,118,4.0
8994,318,2023,10,Family,132,3.0
8995,267,2020,11,Couples,102,4.0
8996,1566,2020,2,Solo,80,4.0
8997,1494,2023,7,Couples,116,4.0
8998,1484,2024,2,Couples,37,3.0
8999,838,2019,7,Business,146,4.0
9000,1047,2022,6,Solo,19,4.0
9001,31,2023,11,FAMILY,88,5.0
9002,583,2019,4,Family,52,4.0
9003,1057,2022,9,Couples,136,4.0
9004,252,2024,8,Business,37,3.0
9005,261,2024,9,Business,97,2.0
9006,91,2020,12,Business,24,4.0
9007,420,2024,3,Family,28,3.0
9008,1986,2021,1,Couples,63,5.0
9009,1393,2021,8,Family,120,3.0
9010,1897,2020,2,Family,42,3.0
9011,515,2023,6,Family,105,3.0
9012,1198,2019,7,Friends,86,4.0
9013,1784,2023,8,Business,147,2.0
9014,705,2019,1,Family,46,4.0
9015,1315,2024,7,Business,37,2.0
9016,1386,2020,10,Solo,136,3.0
9017,1665,2022,1,Solo,50,3.0
9018,1939,2020,5,Business,33,5.0
9019,1231,2019,5,Business,124,2.0
9020,1166,2019,5,Business,122,3.0
9021,1738,2024,6,Business,10,3.0
9022,1370,2019,2,Couples,129,3.0
9023,724,2019,7,Couples,95,4.0
9024,1261,2022,1,Couples,42,3.0
9025,1099,2024,2,Business,81,3.0
9026,458,2019,7,Couples,36,3.0
9027,1032,2020,11,Couples,26,4.0
9028,1248,2022,9,Family,20,3.0
9029,1808,2021,5,Friends,25,3.0
9030,1161,2019,5,COUPLES,88,4.0
9031,330,2024,6,Couples,122,4.0
9032,1976,2021,1,Solo,73,
9033,1157,2023,8,Couples,3,
9034,575,2021,2,Business,65,4.0
9035,1509,2022,9,Family,113,5.0
9036,770,2024,5,Couples,126,4.0
9037,741,2020,5,Family,110,5.0
9038,1679,2023,6,Friends,56,4.0
9039,1736,2020,2,Family,98,3.0
9040,1048,2020,3,Friends,11,4.0
9041,747,2019,3,Couples,62,4.0
9042,1727,2021,11,Couples,81,4.0
9043,347,2022,2,Couples,5,4.0
9044,1495,2022,2,Family,3,3.0
9045,1169,2021,3,Friends,121,4.0
9046,1709,2021,6,Family,34,3.0
9047,842,2020,8,Couples,19,4.0
9048,1665,2024,6,Solo,89,4.0
9049,31,2021,7,Couples,43,4.0
9050,1517,2020,7,Solo,147,3.0
9051,140,2024,3,Business,143,3.0
9052,1285,2022,1,Family,124,4.0
9053,391,2024,9,Family,46,4.0
9054,1927,2021,12,Family,132,4.0
9055,1539,2021,1,Friends,39,4.0
9056,210,2023,12,Family,36,3.0
9057,1785,2024,11,Family,147,4.0
9058,504,2023,10,Friends,102,4.0
9059,1092,2021,7,Couples,13,4.0
9060,171,2022,5,Family,133,3.0
9061,212,2021,8,FRIENDS,25,4.0
9062,483,2021,1,Couples,103,4.0
9063,1069,2021,4,Couples,66,5.0
9064,1086,2019,5,BUSINESS,3,3.0
9065,1712,2024,7,Couples,119,3.0
9066,331,2019,4,Family,103,4.0
9067,1499,2020,6,Family,133,3.0
9068,12,2020,9,Couples,92,3.0
9069,583,2020,12,Family,114,4.0
9070,351,2021,10,Couples,136,4.0
9071,248,2024,1,Solo,147,4.0
9072,1170,2020,8,Friends,85,4.0
9073,1802,2023,6,COUPLES,3,4.0
9074,1334,2023,7,Couples,52,4.0
9075,1709,2023,10,Friends,93,4.0
9076,1183,2022,4,Family,17,5.0
9077,108,2023,7,Couples,18,4.0
9078,692,2023,11,Family,60,4.0
9079,1648,2023,7,Couples,137,
9080,89,2022,7,Solo,49,4.0
9081,195,2019,11,Friends,141,3.0
9082,1668,2022,1,Couples,121,4.0
9083,127,2023,5,Family,46,2.0
9084,1919,2021,6,Friends,35,3.0
9085,1518,2020,1,Couples,125,3.0
9086,1331,2022,6,Friends,114,5.0
9087,1073,2019,12,Family,95,4.0
9088,179,2023,10,Couples,147,3.0
9089,830,2024,1,Solo,16,5.0
9090,1616,2021,11,Family,58,3.0
9091,1808,2019,10,Couples,91,4.0
9092,894,2020,11,Family,11,3.0
9093,1679,2019,2,Family,147,4.0
9094,1554,2021,11,Friends,86,3.0
9095,116,2020,1,Couples,47,4.0
9096,1241,2023,1,Family,36,3.0
9097,1233,2024,5,Friends,1,
9098,1086,2021,10,Friends,89,3.0
9099,1545,2024,11,Couples,147,2.0
9100,1779,2021,8,Solo,6,4.0
9101,1101,2019,1,Business,63,4.0
9102,641,2024,11,Friends,100,3.0
9103,1967,2021,4,Couples,65,3.0
9104,1928,2024,9,Solo,98,4.0
9105,1373,2023,4,Friends,107,4.0
9106,1282,2024,7,Friends,145,3.0
9107,209,2022,2,Couples,91,4.0
9108,804,2022,12,Friends,107,2.0
9109,397,2020,2,Couples,46,4.0
9110,1030,2020,12,Family,23,4.0
9111,1653,2020,11,Solo,15,4.0
9112,450,2020,2,Friends,17,4.0
9113,1994,2022,9,Family,125,4.0
9114,260,2024,5,Business,7,4.0
9115,197,2019,4,Family,73,4.0
9116,1949,2022,4,Business,93,2.0
9117,201,2023,3,Business,101,4.0
9118,1471,2021,12,Solo,10,4.0
9119,1527,2020,1,Family,130,5.0
9120,661,2021,5,Business,66,3.0
9121,129,2023,5,Family,3,3.0
9122,617,2024,6,Couples,20,3.0
9123,138,2023,4,Couples,129,3.0
9124,1345,2021,8,Friends,142,3.0
9125,1778,2022,12,Couples,113,4.0
9126,1995,2023,9,Couples,51,5.0
9127,1601,2023,3,Couples,143,4.0
9128,1550,2019,12,Friends,42,4.0
9129,1764,2019,5,Couples,36,4.0
9130,1540,2021,4,Couples,115,3.0
9131,1302,2020,9,Solo,49,3.0
9132,1993,2022,12,Family,78,4.0
9133,646,2022,4,Couples,100,4.0
9134,826,2024,3,Friends,25,5.0
9135,1813,2023,10,Family,139,5.0
9136,623,2019,6,Friends,25,3.0
9137,598,2024,9,Business,149,4.0
9138,305,2023,6,Couples,42,4.0
9139,552,2021,1,Business,63,3.0
9140,1188,2019,5,Family,38,4.0
9141,1773,2023,11,Couples,81,5.0
9142,273,2020,12,Family,1,4.0
9143,1362,2020,5,Couples,26,5.0
9144,1533,2021,9,Family,78,3.0
9145,1792,2019,2,Couples,105,4.0
9146,1501,2021,3,COUPLES,145,5.0
9147,312,2020,9,Family,126,4.0
9148,978,2019,1,Friends,139,4.0
9149,1905,2024,9,Solo,120,4.0
9150,1817,2020,12,Business,117,3.0
9151,1226,2022,1,Family,52,5.0
9152,1927,2023,7,Couples,136,3.0
9153,1337,2021,5,Family,145,4.0
9154,130,2020,8,Couples,78,3.0
9155,1829,2023,11,Friends,19,4.0
9156,337,2023,1,Solo,7,3.0
9157,762,2019,9,Couples,75,3.0
9158,477,2023,3,COUPLES,96,4.0
9159,1440,2019,7,Family,84,3.0
9160,60,2023,6,Family,135,4.0
9161,1281,2019,7,Friends,81,4.0
9162,1729,2019,10,Business,100,3.0
9163,1576,2019,8,Business,114,
9164,614,2023,5,Family,135,3.0
9165,1794,2021,8,Family,92,3.0
9166,725,2022,8,Family,84,3.0
9167,1361,2020,1,Couples,12,3.0
9168,1014,2019,8,Couples,97,4.0
9169,136,2023,5,Business,27,4.0
9170,6,2023,2,Friends,56,
9171,367,2024,7,Family,80,4.0
9172,1870,2019,7,Business,13,
9173,1908,2024,9,Couples,105,4.0
9174,821,2022,6,Friends,43,4.0
9175,1938,2020,9,Family,78,3.0
9176,99,2020,4,Friends,53,4.0
9177,1935,2022,8,Solo,54,4.0
9178,462,2022,12,Business,60,2.0
9179,74,2019,8,Solo,8,4.0
9180,1516,2021,9,Couples,30,3.0
9181,765,2020,5,Family,118,4.0
9182,585,2024,9,Family,19,4.0
9183,1520,2022,11,Family,75,3.0
9184,667,2021,11,Family,22,4.0
9185,1506,2021,11,Business,81,4.0
9186,391,2024,4,Family,97,4.0
9187,172,2023,11,COUPLES,71,4.0
9188,650,2021,5,Business,116,3.0
9189,1219,2024,11,Family,40,3.0
9190,450,2022,1,Family,84,4.0
9191,286,2019,11,Couples,42,4.0
9192,1499,2022,3,Business,77,3.0
9193,987,2024,3,Solo,10,4.0
9194,863,2024,7,Family,41,3.0
9195,480,2019,7,Family,107,5.0
9196,36,2024,2,Business,117,4.0
9197,107,2024,7,Family,41,4.0
9198,1363,2019,10,Friends,39,4.0
9199,161,2022,6,Business,45,4.0
9200,494,2023,7,Family,42,4.0
9201,1822,2019,11,Business,150,2.0
9202,688,2023,3,Business,98,3.0
9203,1490,2021,4,Family,58,3.0
9204,687,2020,11,Family,70,4.0
9205,1864,2020,2,Family,77,4.0
9206,1644,2022,4,Family,83,4.0
9207,940,2023,4,Family,58,4.0
9208,1369,2023,10,Family,147,3.0
9209,827,2020,2,Couples,44,3.0
9210,1889,2023,5,Couples,65,3.0
9211,717,2023,5,Couples,1,5.0
9212,1673,2019,1,Solo,74,3.0
9213,1233,2020,2,Couples,129,3.0
9214,1288,2019,5,Couples,150,3.0
9215,704,2024,2,Family,71,4.0
9216,1666,2021,12,Friends,21,5.0
9217,1493,2020,6,Friends,108,4.0
9218,1631,2024,1,Friends,97,3.0
9219,1603,2023,8,Couples,144,4.0
9220,316,2024,10,Couples,76,2.0
9221,1752,2023,8,Friends,1,4.0
9222,1684,2024,7,Friends,136,4.0
9223,486,2020,2,Solo,102,3.0
9224,1964,2020,9,Friends,121,4.0
9225,1055,2019,12,COUPLES,18,4.0
9226,644,2021,5,Couples,69,3.0
9227,447,2022,2,Family,69,4.0
9228,730,2022,3,Family,41,3.0
9229,76,2023,8,Couples,128,4.0
9230,1382,2023,8,Family,29,4.0
9231,1416,2023,11,Solo,11,3.0
9232,1336,2022,5,Couples,36,4.0
9233,1098,2020,11,Couples,149,4.0
9234,726,2021,4,Couples,18,4.0
9235,1448,2024,7,Couples,88,3.0
9236,1743,2023,8,Friends,28,3.0
9237,176,2024,4,Friends,60,3.0
9238,766,2022,5,COUPLES,83,4.0
9239,1992,2023,10,Friends,3,3.0
9240,1724,2021,7,FAMILY,37,4.0
9241,1989,2019,8,Family,89,3.0
9242,367,2023,8,Family,3,3.0
9243,930,2019,10,Friends,75,4.0
9244,261,2022,12,Couples,91,5.0
9245,1733,2024,5,Family,33,4.0
9246,1038,2019,5,Family,25,3.0
9247,488,2023,11,Friends,74,3.0
9248,181,2024,6,Friends,108,3.0
9249,1476,2022,12,Solo,2,3.0
9250,1624,2023,11,BUSINESS,51,3.0
9251,1759,2024,9,Family,150,2.0
9252,1943,2023,9,Couples,51,4.0
9253,1630,2019,12,Family,50,5.0
9254,1573,2023,4,Friends,111,3.0
9255,1624,2023,6,Family,73,3.0
9256,1998,2020,7,Business,59,4.0
9257,927,2022,3,Family,118,4.0
9258,1518,2024,7,Business,5,3.0
9259,1640,2024,8,Business,107,4.0
9260,233,2024,7,Friends,58,4.0
9261,1382,2023,8,Friends,134,4.0
9262,678,2019,2,Couples,109,3.0
9263,265,2021,6,Family,142,4.0
9264,341,2020,12,Family,20,
9265,229,2019,4,Business,29,4.0
9266,1796,2020,6,Family,136,5.0
9267,1544,2024,8,Business,59,3.0
9268,205,2022,8,Friends,123,3.0
9269,1251,2023,3,Friends,104,4.0
9270,1321,2022,2,Couples,75,3.0
9271,1039,2021,10,Couples,7,4.0
9272,1213,2021,7,Couples,12,
9273,1815,2024,11,Solo,108,3.0
9274,1038,2020,12,Friends,15,3.0
9275,1320,2020,2,Friends,1,2.0
9276,1143,2024,5,Family,33,3.0
9277,793,2021,10,Friends,138,5.0
9278,1782,2024,4,Family,94,2.0
9279,828,2024,3,Couples,108,
9280,1600,2019,2,Family,98,5.0
9281,1211,2023,7,Family,85,4.0
9282,1370,2019,5,Couples,39,4.0
9283,1521,2024,12,Couples,65,4.0
9284,1472,2019,12,Couples,82,3.0
9285,1129,2024,1,Family,149,5.0
9286,1231,2023,11,Couples,135,4.0
9287,1018,2022,2,Business,111,3.0
9288,679,2020,9,Family,122,4.0
9289,1454,2020,12,Family,122,3.0
9290,1758,2021,5,Couples,101,4.0
9291,1411,2024,2,Solo,124,2.0
9292,1545,2024,1,Family,11,3.0
9293,1661,2022,5,Couples,4,5.0
9294,735,2020,12,Couples,67,4.0
9295,126,2022,6,Couples,9,4.0
9296,676,2023,6,Couples,51,3.0
9297,1510,2022,1,Friends,30,3.0
9298,1632,2024,8,Friends,144,2.0
9299,1028,2019,3,Family,99,4.0
9300,1558,2022,9,Couples,7,3.0
9301,150,2019,10,Business,94,3.0
9302,1289,2022,10,Friends,110,3.0
9303,1359,2022,7,Friends,49,4.0
9304,1016,2020,8,Family,133,5.0
9305,1434,2023,5,FRIENDS,146,5.0
9306,983,2024,9,Couples,148,4.0
9307,1048,2021,9,Family,14,4.0
9308,1208,2021,3,Business,68,3.0
9309,1588,2020,4,Family,117,3.0
9310,498,2019,10,Family,67,3.0
9311,601,2021,6,Family,73,5.0
9312,838,2021,3,Friends,50,4.0
9313,404,2023,12,Business,63,5.0
9314,669,2024,11,Couples,105,3.0
9315,702,2019,10,Family,4,4.0
9316,629,2019,6,Family,120,3.0
9317,821,2022,7,Solo,110,4.0
9318,1010,2021,12,Friends,21,4.0
9319,1392,2023,7,Family,116,3.0
9320,606,2020,10,Family,79,4.0
9321,1692,2021,11,Family,48,4.0
9322,959,2021,10,Business,69,3.0
9323,1442,2022,8,Couples,78,4.0
9324,230,2019,5,Business,32,3.0
9325,348,2024,5,Couples,91,4.0
9326,908,2021,10,Friends,95,3.0
9327,733,2020,6,Family,56,4.0
9328,993,2022,3,Friends,70,4.0
9329,317,2019,3,Friends,93,4.0
9330,948,2022,8,Friends,76,3.0
9331,1374,2019,12,Friends,66,3.0
9332,1457,2020,5,Couples,144,4.0
9333,497,2023,8,Couples,132,4.0
9334,689,2021,4,Friends,57,3.0
9335,1051,2024,5,Couples,108,5.0
9336,1036,2021,5,Couples,122,4.0
9337,1584,2023,5,Solo,17,2.0
9338,781,2019,11,Friends,89,3.0
9339,1342,2024,11,Business,120,5.0
9340,1768,2022,4,Friends,9,3.0
9341,597,2023,5,Friends,51,3.0
9342,1646,2020,1,Solo,120,3.0
9343,666,2020,10,Family,141,4.0
9344,669,2021,9,Business,149,4.0
9345,1307,2020,11,Friends,91,4.0
9346,1244,2019,7,Family,7,3.0
9347,1099,2023,11,Family,5,2.0
9348,463,2023,2,Friends,122,3.0
9349,193,2023,5,Family,111,3.0
9350,1818,2022,6,Solo,30,3.0
9351,1748,2022,10,Solo,20,3.0
9352,1774,2024,3,Couples,22,5.0
9353,1026,2022,4,Family,132,3.0
9354,1770,2023,2,Couples,115,4.0
9355,947,2021,12,Couples,143,4.0
9356,152,2019,6,Couples,18,3.0
9357,397,2021,1,Family,105,4.0
9358,546,2023,3,Business,139,4.0
9359,754,2022,7,Friends,80,4.0
9360,1879,2023,6,Couples,117,4.0
9361,666,2023,7,Couples,91,5.0
9362,1226,2020,1,Couples,2,4.0
9363,542,2023,11,Couples,65,3.0
9364,1287,2023,10,Business,40,3.0
9365,1135,2020,3,Friends,13,3.0
9366,301,2022,5,Family,90,3.0
9367,925,2024,2,Solo,140,3.0
9368,211,2020,2,Business,9,3.0
9369,1779,2020,11,Couples,50,4.0
9370,1409,2020,2,Friends,101,4.0
9371,1883,2020,5,Family,47,4.0
9372,1752,2020,12,Business,18,4.0
9373,439,2023,4,Business,29,3.0
9374,1415,2024,9,Friends,4,3.0
9375,201,2024,2,Couples,149,5.0
9376,1922,2021,11,Family,74,3.0
9377,1571,2024,12,Friends,142,5.0
9378,1361,2019,11,Family,103,4.0
9379,1990,2019,8,Friends,53,
9380,1694,2020,12,Family,142,4.0
9381,1728,2020,9,Family,40,4.0
9382,201,2024,5,Family,28,4.0
9383,48,2023,11,Couples,121,3.0
9384,1923,2023,4,FAMILY,84,4.0
9385,503,2023,11,Solo,64,4.0
9386,853,2023,12,Couples,89,3.0
9387,87,2022,6,Family,146,5.0
9388,1247,2019,3,Family,43,4.0
9389,1642,2019,2,Family,136,4.0
9390,1684,2024,7,Family,137,5.0
9391,1163,2022,9,Family,114,4.0
9392,1323,2024,8,Business,24,3.0
9393,1028,2019,8,Couples,14,4.0
9394,893,2022,1,Couples,19,4.0
9395,1109,2020,1,Friends,106,4.0
9396,1872,2021,4,Couples,60,4.0
9397,505,2022,11,Couples,149,
9398,941,2021,7,Family,1,3.0
9399,1204,2019,5,Family,56,3.0
9400,1141,2024,8,Friends,40,3.0
9401,62,2023,6,Family,133,4.0
9402,575,2021,2,Friends,19,3.0
9403,1293,2022,7,Couples,62,3.0
9404,1389,2019,9,Friends,131,3.0
9405,1469,2021,11,Couples,146,4.0
9406,1983,2021,5,Business,138,3.0
9407,1347,2021,3,Family,99,5.0
9408,1160,2021,11,Business,25,4.0
9409,665,2024,5,Business,15,3.0
9410,741,2019,2,Business,62,3.0
9411,1653,2022,7,Family,72,4.0
9412,938,2024,1,Couples,78,3.0
9413,1432,2024,12,Friends,8,4.0
9414,249,2024,10,Couples,102,4.0
9415,257,2021,6,Couples,60,3.0
9416,431,2022,7,Family,17,4.0
9417,391,2022,5,Friends,138,4.0
9418,1214,2024,6,Family,54,4.0
9419,1275,2024,12,Couples,35,4.0
9420,1116,2020,9,Friends,74,3.0
9421,579,2019,8,Family,143,4.0
9422,1154,2020,12,Solo,124,3.0
9423,239,2020,2,Family,15,3.0
9424,946,2020,11,Couples,104,4.0
9425,310,2024,3,Friends,100,4.0
9426,154,2020,4,Business,133,4.0
9427,332,2021,8,Friends,145,4.0
9428,223,2021,2,Family,112,4.0
9429,956,2020,6,Couples,99,5.0
9430,1092,2020,5,Business,54,3.0
9431,1215,2024,1,Business,135,3.0
9432,880,2022,3,Business,142,4.0
9433,353,2019,6,Family,149,3.0
9434,42,2022,2,FRIENDS,144,
9435,1425,2022,12,Business,97,2.0
9436,1966,2021,6,Couples,144,4.0
9437,563,2023,9,Friends,118,2.0
9438,410,2023,3,Couples,37,3.0
9439,624,2023,7,Friends,5,4.0
9440,429,2022,2,Business,148,2.0
9441,447,2021,3,Friends,65,3.0
9442,990,2020,9,Friends,132,3.0
9443,1571,2019,5,BUSINESS,44,3.0
9444,1425,2024,12,Couples,55,3.0
9445,1920,2024,12,COUPLES,124,4.0
9446,715,2020,2,Business,79,4.0
9447,985,2023,8,Couples,102,4.0
9448,761,2019,10,Family,49,3.0
9449,85,2020,4,Friends,93,4.0
9450,777,2019,11,Couples,74,3.0
9451,522,2021,9,FRIENDS,140,3.0
9452,958,2020,4,Couples,74,3.0
9453,317,2022,2,Business,14,3.0
9454,1484,2021,6,Couples,111,4.0
9455,1686,2019,5,Couples,144,5.0
9456,1922,2019,7,Business,133,3.0
9457,170,2023,3,Business,16,3.0
9458,236,2022,4,Couples,150,4.0
9459,1933,2024,11,Solo,53,4.0
9460,1697,2019,11,Family,126,5.0
9461,1178,2020,9,Solo,95,4.0
9462,644,2019,5,Business,146,4.0
9463,1036,2024,6,Friends,52,5.0
9464,1072,2019,4,Business,92,4.0
9465,1695,2023,5,Couples,103,4.0
9466,1059,2020,7,Business,24,4.0
9467,56,2023,11,Family,117,4.0
9468,1400,2021,10,Couples,22,5.0
9469,1555,2024,3,Friends,125,3.0
9470,597,2019,12,Friends,19,5.0
9471,234,2020,1,Couples,27,4.0
9472,285,2023,1,Friends,75,4.0
9473,1682,2024,11,Couples,28,4.0
9474,896,2022,4,Business,12,3.0
9475,1059,2019,11,COUPLES,8,3.0
9476,1922,2022,1,COUPLES,43,4.0
9477,123,2021,3,Business,74,2.0
9478,412,2023,10,Business,7,2.0
9479,1667,2022,3,Couples,21,4.0
9480,1081,2024,7,Friends,92,3.0
9481,55,2019,9,Friends,48,4.0
9482,1406,2022,5,Solo,114,5.0
9483,277,2023,2,Business,127,3.0
9484,1565,2021,10,Business,5,4.0
9485,1596,2021,8,Family,143,3.0
9486,1649,2023,11,Family,103,4.0
9487,930,2021,9,Couples,124,4.0
9488,536,2021,9,Friends,72,5.0
9489,1763,2022,8,Solo,1,3.0
9490,1118,2023,9,Couples,133,4.0
9491,1271,2019,6,Solo,86,3.0
9492,274,2024,12,Business,6,3.0
9493,1248,2020,10,Family,25,4.0
9494,1161,2019,3,Couples,31,4.0
9495,585,2020,12,Family,57,3.0
9496,1534,2019,3,Business,67,4.0
9497,268,2024,9,Family,65,3.0
9498,1439,2020,12,COUPLES,131,4.0
9499,1923,2023,6,Family,142,5.0
9500,1135,2020,3,Family,102,4.0
9501,210,2022,12,Couples,96,4.0
9502,1107,2021,10,FAMILY,130,4.0
9503,1059,2022,6,Solo,41,4.0
9504,1105,2024,12,Friends,84,4.0
9505,546,2022,2,Solo,97,2.0
9506,1253,2023,7,COUPLES,43,4.0
9507,529,2020,3,Family,143,3.0
9508,1116,2019,3,Friends,36,4.0
9509,1190,2019,5,Solo,9,4.0
9510,1292,2020,7,Couples,49,5.0
9511,1596,2022,3,Solo,123,2.0
9512,1766,2019,7,FAMILY,57,3.0
9513,1555,2020,10,Friends,33,4.0
9514,1592,2022,2,Family,131,4.0
9515,1738,2024,1,Couples,23,4.0
9516,485,2024,9,Business,24,4.0
9517,586,2020,5,Couples,135,3.0
9518,1067,2019,3,Family,49,4.0
9519,932,2022,11,Family,1,4.0
9520,1405,2024,6,Family,66,3.0
9521,19,2021,2,Family,112,3.0
9522,278,2024,4,Family,114,4.0
9523,1494,2023,7,Business,14,3.0
9524,1644,2024,4,Couples,43,3.0
9525,605,2024,12,Family,93,3.0
9526,622,2019,8,Couples,100,4.0
9527,1123,2021,1,Solo,94,4.0
9528,955,2019,5,Solo,51,3.0
9529,339,2019,5,Family,130,4.0
9530,1001,2021,2,Couples,12,5.0
9531,1639,2022,1,Friends,124,3.0
9532,1460,2024,2,Couples,141,5.0
9533,1635,2019,9,Family,103,4.0
9534,1288,2019,3,Solo,65,3.0
9535,1755,2019,6,Friends,58,3.0
9536,500,2024,2,Solo,66,3.0
9537,92,2022,12,Business,25,4.0
9538,229,2021,12,Family,34,3.0
9539,1985,2019,9,Friends,96,4.0
9540,1282,2021,4,Couples,83,4.0
9541,496,2019,8,Friends,75,4.0
9542,1709,2019,5,Couples,72,4.0
9543,619,2021,11,Friends,12,4.0
9544,1195,2022,8,Family,131,4.0
9545,499,2021,2,Couples,144,4.0
9546,190,2024,2,Solo,37,3.0
9547,536,2024,10,Friends,48,2.0
9548,457,2019,9,Family,95,4.0
9549,1106,2020,9,Solo,1,3.0
9550,42,2022,4,Family,16,4.0
9551,480,2021,9,Family,136,5.0
9552,1136,2021,4,Couples,26,3.0
9553,788,2023,8,Friends,87,4.0
9554,1272,2020,4,Family,133,4.0
9555,1312,2023,2,Family,110,4.0
9556,1931,2020,10,Solo,41,3.0
9557,1673,2021,10,Couples,23,4.0
9558,457,2020,10,Friends,108,4.0
9559,1386,2022,8,Friends,61,5.0
9560,1255,2023,8,Business,146,3.0
9561,1189,2022,10,Friends,97,4.0
9562,1598,2021,7,Friends,2,4.0
9563,296,2020,11,Family,38,3.0
9564,751,2023,10,Business,112,
9565,1633,2019,7,Business,106,3.0
9566,1785,2020,8,Business,112,3.0
9567,75,2023,12,Couples,36,4.0
9568,943,2023,7,Family,38,4.0
9569,529,2020,2,Family,32,4.0
9570,336,2021,11,Family,105,4.0
9571,115,2020,1,Family,2,4.0
9572,1077,2024,3,Family,123,3.0
9573,1335,2022,4,Friends,43,4.0
9574,1063,2019,1,Friends,74,3.0
9575,737,2019,3,Friends,38,3.0
9576,1543,2019,3,COUPLES,64,3.0
9577,1305,2020,7,Solo,115,2.0
9578,1817,2020,11,Friends,30,4.0
9579,695,2021,4,Solo,86,4.0
9580,478,2023,5,Family,9,4.0
9581,912,2024,9,Couples,27,4.0
9582,1014,2022,9,Family,103,3.0
9583,916,2023,12,Couples,86,3.0
9584,1665,2022,7,Couples,92,4.0
9585,92,2020,10,Family,34,3.0
9586,1056,2022,11,Solo,31,3.0
9587,861,2020,6,Family,64,4.0
9588,422,2020,11,Family,20,3.0
9589,1283,2024,12,Family,134,4.0
9590,1603,2024,2,Couples,41,3.0
9591,1093,2022,10,Business,108,4.0
9592,170,2022,8,Friends,24,4.0
9593,151,2023,10,Couples,98,4.0
9594,844,2023,7,Couples,31,5.0
9595,1337,2019,3,Family,43,4.0
9596,628,2021,6,Couples,62,4.0
9597,618,2019,9,Couples,19,
9598,1721,2022,11,Family,19,3.0
9599,29,2020,1,Solo,113,3.0
9600,160,2020,3,Couples,52,4.0
9601,312,2024,3,Family,86,4.0
9602,1968,2020,8,Family,97,3.0
9603,996,2024,1,Friends,94,4.0
9604,317,2021,12,Family,95,4.0
9605,621,2020,9,Friends,147,3.0
9606,1939,2019,11,Friends,95,3.0
9607,1389,2023,1,Couples,53,4.0
9608,448,2024,4,Friends,43,4.0
9609,482,2024,6,Couples,121,4.0
9610,150,2020,10,Friends,64,4.0
9611,1546,2024,8,Family,84,5.0
9612,275,2020,6,Family,123,4.0
9613,573,2021,4,Family,36,3.0
9614,697,2019,4,Family,34,2.0
9615,1242,2020,5,Couples,8,4.0
9616,1213,2020,9,Family,11,4.0
9617,1599,2024,11,Family,93,4.0
9618,595,2020,6,Couples,76,4.0
9619,772,2020,11,COUPLES,45,5.0
9620,778,2020,4,Couples,32,4.0
9621,94,2020,11,Friends,105,3.0
9622,1476,2022,1,Couples,13,4.0
9623,1071,2020,9,Family,106,4.0
9624,952,2020,12,Solo,136,3.0
9625,1991,2022,4,Business,69,1.0
9626,358,2023,9,Couples,75,3.0
9627,1938,2019,1,Solo,81,4.0
9628,1361,2021,11,Friends,15,3.0
9629,443,2022,6,Couples,94,4.0
9630,1358,2024,6,BUSINESS,55,3.0
9631,1512,2024,12,Family,71,3.0
9632,725,2024,12,Friends,4,
9633,690,2022,3,Family,132,3.0
9634,1671,2019,12,Friends,51,3.0
9635,321,2024,3,Couples,12,3.0
9636,27,2022,10,Family,118,4.0
9637,1332,2024,10,Business,147,2.0
9638,1814,2024,7,Family,78,3.0
9639,1002,2023,8,Friends,6,4.0
9640,270,2021,5,Couples,149,4.0
9641,1079,2022,5,Family,32,5.0
9642,504,2023,7,Couples,37,3.0
9643,1655,2024,11,Couples,107,5.0
9644,1225,2020,6,Business,50,4.0
9645,674,2022,7,Family,13,4.0
9646,1250,2022,9,Solo,103,3.0
9647,1335,2020,12,Business,40,
9648,1358,2021,11,Couples,130,5.0
9649,733,2024,5,Couples,24,3.0
9650,1142,2019,11,Family,136,4.0
9651,86,2022,6,COUPLES,109,4.0
9652,808,2022,2,Solo,36,5.0
9653,757,2024,1,Family,87,4.0
9654,1070,2020,3,Family,141,4.0
9655,1901,2021,5,Business,10,4.0
9656,1908,2019,5,Family,123,3.0
9657,967,2021,3,Friends,70,4.0
9658,1293,2024,3,Family,143,4.0
9659,217,2023,1,Friends,32,3.0
9660,965,2021,11,Family,108,3.0
9661,1376,2022,4,Solo,146,5.0
9662,1366,2024,8,Couples,52,5.0
9663,1927,2021,6,Friends,17,2.0
9664,933,2020,5,Couples,59,3.0
9665,1816,2024,3,Family,90,3.0
9666,1958,2024,1,Family,95,4.0
9667,1144,2022,2,FAMILY,73,4.0
9668,183,2019,9,Business,140,4.0
9669,753,2019,6,Family,87,3.0
9670,1530,2019,12,Couples,97,3.0
9671,1162,2023,2,Family,144,4.0
9672,1873,2020,12,Business,141,3.0
9673,1632,2019,2,Family,52,4.0
9674,127,2023,9,COUPLES,43,5.0
9675,1723,2021,12,Business,113,4.0
9676,715,2022,2,Family,79,4.0
9677,1638,2020,6,COUPLES,68,4.0
9678,1016,2020,12,Family,105,2.0
9679,911,2020,10,Friends,100,2.0
9680,145,2022,3,Friends,138,5.0
9681,238,2024,3,Family,55,3.0
9682,1191,2024,5,Family,114,4.0
9683,1139,2019,6,Family,35,4.0
9684,1110,2023,4,Couples,141,4.0
9685,313,2023,2,COUPLES,13,4.0
9686,1020,2019,6,Couples,113,5.0
9687,122,2022,5,Solo,16,3.0
9688,289,2021,4,Business,133,3.0
9689,998,2020,10,Couples,144,4.0
9690,1234,2023,4,Couples,123,4.0
9691,1311,2024,11,Business,119,3.0
9692,1964,2022,1,Couples,72,4.0
9693,1709,2020,7,Family,37,3.0
9694,760,2021,12,Family,148,3.0
9695,1566,2022,4,Friends,80,4.0
9696,192,2024,8,Family,123,4.0
9697,1715,2023,9,Friends,108,3.0
9698,774,2023,5,Family,106,4.0
9699,1521,2023,8,Couples,53,4.0
9700,1942,2023,8,Friends,65,3.0
9701,1407,2020,6,Family,66,4.0
9702,1841,2019,5,Friends,91,4.0
9703,21,2024,6,Business,108,4.0
9704,342,2022,2,Family,30,5.0
9705,1253,2024,6,Couples,35,5.0
9706,1082,2023,4,Couples,8,3.0
9707,241,2021,5,Family,79,3.0
9708,1437,2022,3,Friends,101,5.0
9709,118,2022,7,Friends,32,3.0
9710,1982,2024,1,Friends,107,4.0
9711,313,2021,1,Friends,1,4.0
9712,891,2021,3,Friends,130,4.0
9713,1647,2021,7,Family,104,5.0
9714,1029,2019,4,FRIENDS,103,4.0
9715,1488,2021,6,Couples,107,5.0
9716,1408,2021,2,Solo,54,3.0
9717,1898,2020,6,Family,150,3.0
9718,928,2023,6,Couples,112,3.0
9719,1958,2023,4,Family,28,3.0
9720,1034,2020,1,Friends,139,4.0
9721,1787,2019,8,Family,111,3.0
9722,1466,2022,3,Couples,47,3.0
9723,266,2019,6,Family,143,4.0
9724,1288,2019,9,Friends,38,2.0
9725,1757,2021,2,Family,97,3.0
9726,257,2024,9,Couples,101,4.0
9727,1678,2019,5,Friends,145,4.0
9728,211,2022,7,Family,86,3.0
9729,1743,2022,1,Couples,150,4.0
9730,1578,2020,6,Couples,43,3.0
9731,304,2022,5,Family,121,5.0
9732,1453,2022,3,Family,37,4.0
9733,234,2019,7,Solo,150,3.0
9734,1137,2024,8,Solo,115,3.0
9735,1848,2020,5,Family,94,3.0
9736,412,2021,8,Family,10,4.0
9737,348,2019,5,Business,75,2.0
9738,846,2022,10,Family,22,4.0
9739,738,2022,4,Family,138,4.0
9740,97,2019,10,Family,57,3.0
9741,912,2020,5,Solo,125,3.0
9742,520,2023,7,Couples,136,4.0
9743,249,2023,1,Couples,17,4.0
9744,553,2020,1,Family,114,4.0
9745,42,2022,12,Couples,46,4.0
9746,1831,2023,1,Couples,17,3.0
9747,1989,2021,7,Family,40,3.0
9748,736,2020,6,Business,83,3.0
9749,1754,2019,8,Couples,129,3.0
9750,923,2024,1,Solo,104,4.0
9751,1825,2020,3,Family,35,4.0
9752,347,2023,5,Business,45,3.0
9753,570,2020,12,Friends,46,3.0
9754,1480,2023,5,Couples,111,4.0
9755,441,2020,7,Couples,78,4.0
9756,1648,2022,7,Solo,4,5.0
9757,852,2024,5,Friends,12,4.0
9758,808,2023,10,Couples,12,4.0
9759,907,2019,9,Family,145,3.0
9760,1596,2022,6,Family,76,4.0
9761,12,2020,4,Friends,74,3.0
9762,1502,2020,4,Family,115,3.0
9763,1559,2023,12,Family,29,4.0
9764,1643,2024,2,Business,5,2.0
9765,1994,2024,3,Couples,41,4.0
9766,1565,2024,4,Business,32,3.0
9767,1058,2021,10,Family,120,4.0
9768,933,2022,9,Family,123,2.0
9769,777,2022,12,Couples,96,4.0
9770,1655,2023,9,Couples,137,3.0
9771,786,2019,6,Family,70,4.0
9772,1146,2023,1,BUSINESS,37,3.0
9773,193,2023,11,Friends,50,4.0
9774,635,2024,9,Friends,22,5.0
9775,533,2022,1,Family,136,3.0
9776,871,2021,12,Solo,91,3.0
9777,1005,2021,8,Family,116,4.0
9778,1433,2022,8,Family,43,4.0
9779,864,2020,5,Family,108,4.0
9780,301,2023,4,Business,50,5.0
9781,1091,2021,5,Couples,67,4.0
9782,110,2020,1,Family,98,5.0
9783,1699,2023,6,Business,148,4.0
9784,1542,2021,1,Friends,84,4.0
9785,451,2019,8,Couples,107,4.0
9786,527,2022,3,Family,90,3.0
9787,56,2022,8,Family,64,5.0
9788,729,2020,5,Couples,140,5.0
9789,77,2019,4,Couples,145,4.0
9790,1873,2021,2,Family,47,4.0
9791,269,2023,5,Business,135,3.0
9792,1319,2023,1,Couples,68,4.0
9793,1141,2020,3,Business,111,3.0
9794,474,2021,6,Family,78,3.0
9795,1617,2024,8,Friends,116,3.0
9796,218,2021,6,Friends,131,4.0
9797,1774,2021,2,Couples,64,2.0
9798,1481,2023,9,Family,106,4.0
9799,1271,2021,6,Solo,77,5.0
9800,1760,2024,8,Family,120,3.0
9801,807,2021,12,Solo,29,3.0
9802,564,2021,1,FRIENDS,110,2.0
9803,310,2022,12,Couples,90,3.0
9804,1849,2023,12,Family,68,2.0
9805,803,2021,7,Solo,56,2.0
9806,1659,2020,1,Couples,106,5.0
9807,665,2021,3,Business,53,4.0
9808,1910,2020,3,Couples,5,4.0
9809,1741,2020,8,Business,143,4.0
9810,617,2023,9,BUSINESS,68,3.0
9811,974,2021,6,Family,25,4.0
9812,1588,2020,5,Friends,34,3.0
9813,453,2023,1,Couples,125,3.0
9814,48,2023,12,Friends,50,3.0
9815,578,2020,12,Solo,43,4.0
9816,1182,2020,1,Family,74,3.0
9817,273,2023,4,Solo,5,2.0
9818,667,2020,12,Family,85,4.0
9819,1838,2024,5,Business,7,3.0
9820,151,2022,8,Business,126,3.0
9821,101,2022,7,FAMILY,65,3.0
9822,848,2022,8,Solo,33,4.0
9823,26,2019,11,Business,69,3.0
9824,56,2023,5,Family,27,5.0
9825,366,2022,10,Friends,49,
9826,205,2020,6,Solo,20,2.0
9827,1622,2023,3,Solo,101,3.0
9828,246,2020,1,Business,147,3.0
9829,1047,2021,9,Business,73,4.0
9830,1411,2022,8,Couples,15,4.0
9831,1252,2020,11,Couples,12,3.0
9832,1308,2019,3,Friends,125,3.0
9833,716,2020,9,Family,53,5.0
9834,1778,2023,1,Solo,45,5.0
9835,138,2021,2,Family,16,3.0
9836,215,2023,8,Family,100,4.0
9837,1713,2019,7,Couples,10,4.0
9838,137,2020,8,Family,136,4.0
9839,384,2020,11,Friends,32,5.0
9840,347,2019,11,Family,11,5.0
9841,67,2022,3,FRIENDS,106,4.0
9842,235,2020,3,Friends,54,3.0
9843,1146,2021,7,Business,105,3.0
9844,1323,2024,12,Couples,6,4.0
9845,167,2020,9,Family,130,5.0
9846,1885,2020,2,Family,47,4.0
9847,192,2024,8,Business,114,4.0
9848,1375,2021,5,Business,141,4.0
9849,1601,2020,2,Solo,81,3.0
9850,1042,2023,9,Friends,51,4.0
9851,984,2019,4,Couples,47,4.0
9852,219,2021,10,Family,103,3.0
9853,484,2020,7,Business,1,4.0
9854,1702,2024,6,Business,23,
9855,698,2020,3,Couples,98,4.0
9856,69,2022,4,Couples,4,4.0
9857,1459,2022,5,Solo,44,4.0
9858,1368,2021,9,Business,98,4.0
9859,133,2019,5,Family,38,3.0
9860,103,2020,1,Friends,140,5.0
9861,233,2024,1,Business,147,3.0
9862,102,2022,4,Family,6,5.0
9863,1233,2024,7,Couples,27,5.0
9864,266,2022,4,Couples,137,3.0
9865,1214,2020,12,Couples,5,4.0
9866,353,2021,3,Friends,73,3.0
9867,1945,2023,5,Family,143,4.0
9868,1452,2020,5,Business,89,3.0
9869,750,2022,4,FAMILY,46,3.0
9870,858,2024,11,Friends,1,4.0
9871,131,2024,4,Family,60,4.0
9872,110,2021,1,Solo,82,4.0
9873,1076,2020,7,FRIENDS,13,4.0
9874,46,2022,8,Couples,80,4.0
9875,1277,2022,6,Business,61,3.0
9876,765,2023,6,Family,49,4.0
9877,280,2019,11,Family,146,4.0
9878,1072,2022,5,Family,135,4.0
9879,1106,2019,8,FAMILY,105,3.0
9880,1493,2024,11,Couples,89,4.0
9881,396,2024,5,Solo,72,4.0
9882,1095,2023,7,Family,11,3.0
9883,1690,2020,5,Friends,47,4.0
9884,540,2023,8,Family,2,4.0
9885,1671,2021,7,Family,55,3.0
9886,1447,2022,11,Solo,72,3.0
9887,860,2020,4,Couples,92,5.0
9888,1767,2021,2,Family,54,3.0
9889,1934,2024,6,Family,39,4.0
9890,474,2020,8,Friends,107,
9891,1960,2021,4,Family,23,5.0
9892,5,2020,12,Couples,19,4.0
9893,259,2020,7,Family,105,3.0
9894,87,2021,10,Family,88,3.0
9895,736,2022,7,Business,131,4.0
9896,1874,2019,5,Family,111,3.0
9897,1201,2020,11,Family,136,3.0
9898,1234,2023,2,Couples,100,3.0
9899,170,2020,4,Couples,127,4.0
9900,1033,2021,10,Friends,26,3.0
9901,766,2023,11,Business,80,3.0
9902,959,2023,4,COUPLES,142,4.0
9903,523,2024,7,Friends,119,3.0
9904,404,2019,6,Couples,61,4.0
9905,1905,2023,9,Business,139,4.0
9906,1117,2023,6,Solo,47,4.0
9907,824,2019,8,Family,4,4.0
9908,148,2024,9,Couples,120,4.0
9909,1526,2020,10,Couples,62,4.0
9910,946,2021,2,Business,6,4.0
9911,774,2023,8,Friends,31,4.0
9912,1334,2022,3,Couples,11,4.0
9913,264,2020,1,COUPLES,150,3.0
9914,1067,2020,9,Solo,128,4.0
9915,1727,2023,5,Family,140,4.0
9916,928,2020,9,Friends,28,4.0
9917,1,2021,12,Family,121,4.0
9918,460,2023,2,Solo,85,4.0
9919,112,2024,6,Couples,45,4.0
9920,1001,2023,2,COUPLES,101,4.0
9921,729,2021,10,Business,143,4.0
9922,265,2020,12,Business,70,4.0
9923,1374,2024,11,Friends,5,
9924,354,2022,12,Family,127,4.0
9925,684,2021,4,Business,29,4.0
9926,1976,2024,4,Business,28,4.0
9927,133,2023,11,Family,93,5.0
9928,496,2021,8,Couples,120,4.0
9929,636,2020,5,Friends,119,4.0
9930,1018,2019,3,Solo,131,3.0
9931,490,2022,1,Friends,133,
9932,1941,2019,1,Couples,20,3.0
9933,11,2020,9,Family,46,3.0
9934,1897,2023,4,Family,109,3.0
9935,1070,2019,10,FRIENDS,59,3.0
9936,77,2024,11,Couples,108,4.0
9937,234,2021,6,Friends,69,3.0
9938,207,2024,4,FAMILY,68,3.0
9939,575,2020,3,Family,5,4.0
9940,667,2021,4,Couples,92,4.0
9941,1283,2024,8,Business,130,4.0
9942,623,2022,10,Friends,123,4.0
9943,1451,2023,9,Business,51,4.0
9944,588,2023,12,Couples,102,4.0
9945,527,2023,8,Family,30,3.0
9946,551,2021,7,Couples,96,
9947,659,2021,5,Family,62,4.0
9948,1676,2019,5,Couples,140,5.0
9949,494,2020,5,Family,107,4.0
9950,547,2019,11,Business,11,4.0
9951,1914,2020,7,Family,131,4.0
9952,1308,2023,3,Family,109,4.0
9953,382,2020,3,Friends,33,4.0
9954,1737,2021,1,Couples,43,4.0
9955,367,2022,11,Couples,26,4.0
9956,325,2019,3,Couples,47,3.0
9957,891,2023,2,Couples,142,4.0
9958,1383,2023,4,Couples,136,3.0
9959,379,2020,6,Solo,83,4.0
9960,1507,2019,12,Couples,55,2.0
9961,314,2019,11,Couples,55,3.0
9962,1564,2020,3,Solo,144,4.0
9963,192,2019,7,Friends,30,4.0
9964,929,2019,10,Couples,114,4.0
9965,1281,2021,10,Friends,150,4.0
9966,532,2022,6,Family,129,4.0
9967,1225,2019,3,Friends,108,5.0
9968,1378,2022,10,Business,135,3.0
9969,1301,2021,6,Family,33,4.0
9970,794,2020,3,Friends,148,3.0
9971,1547,2019,9,Solo,14,3.0
9972,1464,2023,11,Family,3,3.0
9973,653,2019,11,Business,30,3.0
9974,1467,2020,12,Solo,92,4.0
9975,1837,2023,8,Family,38,4.0
9976,1634,2022,10,Family,96,4.0
9977,1467,2024,3,Couples,17,5.0
9978,1534,2019,4,Friends,105,4.0
9979,1610,2020,2,Family,35,4.0
9980,579,2022,1,Solo,79,3.0
9981,1442,2020,11,Family,18,3.0
9982,399,2021,6,Couples,146,4.0
9983,717,2020,7,Friends,57,3.0
9984,1870,2023,2,Business,91,3.0
9985,567,2023,3,Couples,73,4.0
9986,1688,2023,1,Solo,90,4.0
9987,846,2022,6,Solo,69,3.0
9988,420,2021,7,Friends,11,4.0
9989,195,2022,2,Couples,125,4.0
9990,1097,2019,9,Friends,97,3.0
9991,903,2022,2,Family,39,4.0
9992,1023,2020,11,Family,13,3.0
9993,87,2024,12,Family,134,4.0
9994,537,2020,8,Family,50,3.0
9995,8,2019,7,Couples,137,3.0
9996,605,2024,9,Family,115,4.0
9997,1863,2019,3,Business,144,3.0
9998,305,2022,12,Friends,99,5.0
9999,1379,2021,11,Friends,28,4.0
10000,12,2020,9,Couples,6,4.0
10001,1124,2021,12,Solo,37,4.0
10002,1842,2023,4,Friends,66,3.0
10003,683,2019,11,Friends,94,4.0
10004,395,2022,1,Friends,135,4.0
10005,1142,2024,9,Couples,22,3.0
10006,558,2020,4,Friends,96,5.0
10007,1784,2023,12,Business,13,3.0
10008,1698,2024,7,Solo,73,4.0
10009,1305,2024,3,Family,12,
10010,1279,2022,4,Family,57,4.0
10011,1205,2024,11,Couples,91,3.0
10012,1471,2023,10,Business,111,1.0
10013,921,2022,5,Couples,121,3.0
10014,1940,2019,4,Business,79,3.0
10015,692,2024,1,Family,39,3.0
10016,18,2020,2,Couples,137,4.0
10017,1398,2023,1,Solo,141,2.0
10018,1325,2022,4,Friends,146,3.0
10019,1962,2021,3,Family,119,4.0
10020,791,2023,1,Friends,117,4.0
10021,850,2022,10,Family,12,3.0
10022,1125,2023,11,Solo,86,4.0
10023,785,2024,11,Friends,62,2.0
10024,1570,2020,11,Friends,39,4.0
10025,857,2023,2,Couples,11,5.0
10026,1568,2019,2,Friends,32,4.0
10027,852,2023,11,Friends,138,4.0
10028,451,2019,1,Business,137,2.0
10029,1982,2020,10,Business,112,4.0
10030,1053,2020,2,Friends,16,5.0
10031,1414,2023,1,Solo,103,4.0
10032,1183,2021,10,Family,20,4.0
10033,719,2021,9,Couples,103,4.0
10034,1945,2021,2,Family,6,4.0
10035,744,2022,1,Business,43,4.0
10036,1987,2024,11,Friends,19,4.0
10037,862,2023,4,Business,141,3.0
10038,46,2019,12,Couples,86,4.0
10039,74,2022,7,Family,139,5.0
10040,1948,2019,12,Family,4,5.0
10041,1056,2019,11,Solo,111,4.0
10042,776,2020,8,Family,72,4.0
10043,1623,2023,2,Couples,71,4.0
10044,1235,2024,11,Business,131,2.0
10045,1322,2020,5,Family,8,4.0
10046,1371,2024,4,Business,142,3.0
10047,397,2020,7,Family,5,3.0
10048,177,2020,5,Family,55,4.0
10049,1457,2019,9,Family,21,4.0
10050,44,2019,4,Couples,79,2.0
10051,1439,2022,11,Solo,90,4.0
10052,260,2021,2,Friends,97,4.0
10053,526,2019,6,Family,120,4.0
10054,1416,2022,12,Family,113,3.0
10055,1246,2021,11,COUPLES,143,3.0
10056,1564,2021,10,Couples,68,4.0
10057,1222,2024,8,Friends,27,3.0
10058,96,2021,7,Family,24,3.0
10059,1680,2021,3,Business,42,4.0
10060,432,2023,4,SOLO,91,4.0
10061,273,2024,7,Family,9,3.0
10062,1758,2023,4,Couples,144,5.0
10063,390,2021,4,Business,149,4.0
10064,1073,2020,9,Couples,25,4.0
10065,972,2020,9,Family,118,3.0
10066,1540,2019,6,Solo,90,3.0
10067,89,2023,4,Business,73,4.0
10068,214,2023,3,Couples,111,4.0
10069,832,2021,4,Couples,87,5.0
10070,947,2024,4,FAMILY,49,3.0
10071,1577,2024,12,Friends,85,4.0
10072,1212,2022,4,Couples,21,
10073,298,2020,11,Solo,39,4.0
10074,1958,2022,7,Couples,146,5.0
10075,920,2023,6,Friends,28,4.0
10076,1930,2022,4,Family,90,3.0
10077,1980,2021,10,Family,45,4.0
10078,104,2022,11,Friends,70,4.0
10079,1012,2024,12,FAMILY,38,4.0
10080,845,2021,10,Friends,86,3.0
10081,997,2020,2,Family,84,4.0
10082,620,2022,11,Friends,93,3.0
10083,1118,2022,8,Business,47,4.0
10084,985,2024,7,Family,87,3.0
10085,373,2019,4,Friends,110,4.0
10086,578,2024,7,Family,108,4.0
10087,295,2023,10,Friends,86,2.0
10088,1688,2023,8,Solo,45,4.0
10089,1355,2020,2,Couples,80,3.0
10090,776,2020,10,FAMILY,81,3.0
10091,792,2021,10,Friends,143,4.0
10092,159,2020,9,Business,57,3.0
10093,580,2022,3,Couples,49,3.0
10094,1849,2023,4,Couples,113,4.0
10095,63,2021,6,Friends,96,3.0
10096,293,2023,11,Solo,65,3.0
10097,1693,2023,10,Solo,1,5.0
10098,1041,2024,2,Family,106,4.0
10099,65,2023,1,Family,111,3.0
10100,980,2020,1,Business,140,4.0
10101,1500,2019,12,Solo,76,3.0
10102,691,2024,11,Solo,78,3.0
10103,764,2023,3,FAMILY,32,4.0
10104,1263,2024,11,BUSINESS,69,3.0
10105,1198,2021,7,Solo,1,3.0
10106,1806,2019,4,Friends,76,4.0
10107,496,2022,9,Solo,107,4.0
10108,553,2022,1,Family,118,3.0
10109,311,2020,2,Couples,100,4.0
10110,1330,2021,4,Couples,121,3.0
10111,1067,2021,8,Family,100,4.0
10112,694,2020,11,Solo,117,4.0
10113,1392,2023,7,Business,66,4.0
10114,754,2021,6,Family,91,4.0
10115,391,2024,8,Solo,96,3.0
10116,1080,2019,1,Couples,86,4.0
10117,873,2024,8,Family,86,4.0
10118,811,2022,10,Friends,118,4.0
10119,890,2023,6,Family,36,3.0
10120,1829,2020,8,Family,48,4.0
10121,432,2019,4,Friends,78,3.0
10122,552,2020,12,Couples,97,3.0
10123,1131,2021,3,Friends,78,3.0
10124,94,2021,2,Solo,30,3.0
10125,292,2020,12,Business,124,3.0
10126,1133,2019,7,Business,82,4.0
10127,1020,2023,5,Business,66,3.0
10128,1306,2023,10,Friends,132,
10129,227,2019,4,Couples,66,5.0
10130,1708,2023,4,Family,25,5.0
10131,972,2024,1,Friends,148,3.0
10132,311,2024,7,Family,58,4.0
10133,624,2020,10,Family,135,3.0
10134,455,2021,12,Friends,78,3.0
10135,905,2019,7,Family,37,
10136,939,2019,1,Friends,57,5.0
10137,868,2024,3,Family,137,4.0
10138,923,2024,4,Family,142,4.0
10139,1816,2020,11,Couples,21,5.0
10140,1919,2021,7,Friends,149,4.0
10141,980,2019,12,Family,129,4.0
10142,1927,2023,11,Friends,98,3.0
10143,1637,2022,11,Family,28,
10144,1640,2020,4,Friends,88,4.0
10145,452,2024,7,COUPLES,64,4.0
10146,877,2019,1,Friends,19,4.0
10147,705,2020,5,Couples,148,3.0
10148,193,2023,4,BUSINESS,91,4.0
10149,151,2021,2,FAMILY,15,4.0
10150,1245,2023,1,Couples,52,4.0
10151,842,2020,5,Business,126,4.0
10152,1652,2022,1,Couples,67,4.0
10153,1338,2022,8,Solo,75,3.0
10154,171,2019,4,Friends,22,5.0
10155,1677,2020,3,Solo,17,2.0
10156,993,2020,2,Business,147,3.0
10157,1132,2022,6,Couples,143,3.0
10158,1932,2021,3,Couples,15,3.0
10159,1281,2021,7,Friends,83,4.0
10160,45,2020,12,Solo,103,3.0
10161,355,2024,9,Family,133,3.0
10162,853,2023,2,Family,84,3.0
10163,75,2023,2,Business,131,4.0
10164,335,2020,11,Family,19,4.0
10165,1584,2023,11,Solo,3,4.0
10166,286,2020,5,Family,70,4.0
10167,335,2021,6,Family,40,
10168,1010,2020,5,Family,114,4.0
10169,183,2020,7,Family,51,3.0
10170,512,2022,3,Couples,62,3.0
10171,1876,2020,12,Friends,81,3.0
10172,1263,2023,5,Family,145,4.0
10173,1928,2022,3,Couples,11,5.0
10174,709,2024,4,Family,83,4.0
10175,1233,2020,11,Business,59,2.0
10176,478,2024,4,Business,6,3.0
10177,758,2019,10,Business,123,3.0
10178,350,2022,10,FRIENDS,138,3.0
10179,1667,2021,12,Couples,26,3.0
10180,369,2023,2,Solo,114,3.0
10181,410,2019,5,Couples,106,5.0
10182,928,2020,11,Family,106,5.0
10183,859,2020,2,Friends,70,4.0
10184,628,2024,1,Couples,49,5.0
10185,715,2022,1,Solo,11,3.0
10186,591,2019,1,Family,6,4.0
10187,1826,2023,10,Business,27,3.0
10188,1161,2020,5,Solo,80,3.0
10189,1840,2020,2,Couples,22,5.0
10190,1974,2021,9,Couples,103,4.0
10191,1302,2023,4,Friends,93,4.0
10192,1652,2024,2,Couples,52,5.0
10193,222,2019,12,Friends,14,4.0
10194,1899,2024,8,Business,78,2.0
10195,965,2024,6,SOLO,124,4.0
10196,1427,2020,12,Family,60,4.0
10197,491,2022,3,Couples,121,2.0
10198,192,2021,8,Solo,43,3.0
10199,1770,2021,10,Friends,13,3.0
10200,899,2022,1,Friends,98,3.0
10201,277,2022,4,Family,134,4.0
10202,1317,2021,2,Family,133,4.0
10203,109,2021,7,Couples,144,5.0
10204,901,2021,9,Family,17,5.0
10205,1409,2021,2,Couples,7,5.0
10206,1441,2019,2,Family,86,3.0
10207,907,2021,6,Business,143,2.0
10208,740,2023,5,Friends,150,2.0
10209,1677,2024,2,Couples,42,4.0
10210,370,2023,9,Family,57,4.0
10211,150,2024,10,Family,100,4.0
10212,314,2023,6,Business,138,4.0
10213,1603,2022,5,Couples,27,3.0
10214,940,2023,2,Couples,147,3.0
10215,75,2024,4,Business,123,3.0
10216,338,2020,7,Friends,11,3.0
10217,57,2019,12,Family,127,5.0
10218,1629,2020,3,Family,97,3.0
10219,923,2022,10,Business,147,3.0
10220,137,2023,7,Family,32,3.0
10221,443,2021,7,Couples,149,5.0
10222,1233,2024,4,Business,8,3.0
10223,1188,2020,12,Family,12,4.0
10224,1639,2021,1,Family,68,3.0
10225,52,2024,3,Business,99,3.0
10226,139,2020,4,Business,26,3.0
10227,71,2023,7,Friends,41,4.0
10228,789,2019,6,Couples,59,4.0
10229,1455,2024,12,Couples,19,5.0
10230,1327,2020,3,Solo,27,4.0
10231,421,2022,7,COUPLES,23,5.0
10232,1315,2023,6,Family,144,4.0
10233,1313,2021,4,Friends,141,4.0
10234,383,2022,1,Couples,95,3.0
10235,1500,2023,10,Family,103,3.0
10236,845,2024,3,Family,21,4.0
10237,119,2019,2,COUPLES,8,4.0
10238,782,2021,7,Couples,57,4.0
10239,1540,2024,2,Solo,148,4.0
10240,1393,2022,8,Couples,72,3.0
10241,537,2019,9,Friends,122,2.0
10242,1514,2019,3,Family,56,3.0
10243,780,2023,1,Family,47,5.0
10244,921,2021,2,Family,122,4.0
10245,174,2023,1,Family,71,4.0
10246,1995,2024,6,Family,110,4.0
10247,1678,2019,5,Family,109,4.0
10248,390,2021,10,Friends,110,4.0
10249,1122,2019,5,Friends,102,3.0
10250,1561,2024,8,Couples,122,3.0
10251,1010,2021,6,Business,70,4.0
10252,422,2024,6,Friends,46,4.0
10253,1938,2020,9,Couples,77,5.0
10254,538,2019,7,Friends,49,2.0
10255,670,2024,7,Business,7,4.0
10256,744,2022,6,Business,55,3.0
10257,1782,2020,9,Couples,76,4.0
10258,1001,2023,4,Business,79,3.0
10259,1440,2021,1,Friends,52,4.0
10260,1803,2019,6,Couples,109,4.0
10261,1858,2020,4,Solo,43,3.0
10262,1713,2023,11,Couples,98,3.0
10263,1816,2019,12,Friends,41,3.0
10264,1897,2021,3,Family,148,
10265,1983,2020,6,Couples,98,4.0
10266,1287,2023,6,Friends,84,
10267,264,2024,3,Couples,65,4.0
10268,227,2023,1,Family,114,4.0
10269,1593,2023,12,Couples,64,5.0
10270,633,2019,8,Family,121,3.0
10271,1609,2024,5,Business,24,3.0
10272,1870,2019,3,COUPLES,124,4.0
10273,1289,2021,6,Solo,145,4.0
10274,1529,2023,4,Friends,37,3.0
10275,558,2020,3,Friends,34,3.0
10276,870,2020,12,Friends,144,4.0
10277,1931,2019,8,Family,61,3.0
10278,1634,2021,4,Friends,105,3.0
10279,409,2021,3,Family,29,5.0
10280,1873,2021,10,Solo,65,5.0
10281,1000,2019,8,FAMILY,106,4.0
10282,1688,2020,11,Family,135,4.0
10283,1043,2019,10,Family,66,4.0
10284,1208,2020,5,Business,12,4.0
10285,324,2022,8,Couples,63,5.0
10286,678,2019,5,Solo,97,4.0
10287,1446,2019,2,Family,132,3.0
10288,1685,2022,1,BUSINESS,126,2.0
10289,178,2022,1,SOLO,114,3.0
10290,154,2024,12,Solo,25,4.0
10291,1387,2022,11,Friends,78,2.0
10292,895,2024,5,Couples,87,4.0
10293,1698,2023,11,Couples,71,4.0
10294,137,2022,9,Friends,139,4.0
10295,699,2021,2,Business,144,3.0
10296,71,2019,3,Couples,32,4.0
10297,1419,2023,5,Couples,144,5.0
10298,1716,2024,10,Friends,127,4.0
10299,314,2021,8,Couples,106,5.0
10300,648,2021,5,Solo,58,4.0
10301,1692,2019,11,Friends,115,4.0
10302,83,2022,4,Solo,88,3.0
10303,1905,2020,11,Couples,135,4.0
10304,1774,2019,9,Family,107,5.0
10305,306,2019,9,FAMILY,145,5.0
10306,278,2021,2,Solo,63,4.0
10307,1384,2021,2,Couples,13,4.0
10308,21,2021,12,Couples,74,3.0
10309,1012,2023,10,Family,150,4.0
10310,132,2022,4,Family,99,4.0
10311,1063,2023,11,Couples,106,4.0
10312,701,2020,4,Family,94,4.0
10313,1413,2020,5,Couples,89,4.0
10314,1762,2022,4,Family,10,3.0
10315,978,2019,6,Business,62,3.0
10316,1284,2023,10,Family,13,4.0
10317,1201,2020,2,Couples,51,4.0
10318,1970,2024,12,Business,108,3.0
10319,462,2024,4,Family,121,4.0
10320,478,2022,12,Business,34,3.0
10321,758,2020,11,Family,99,5.0
10322,1474,2021,7,Family,34,3.0
10323,1731,2021,2,Family,31,4.0
10324,557,2021,7,Business,144,4.0
10325,220,2019,10,Business,92,4.0
10326,1218,2020,12,Family,30,4.0
10327,1196,2023,2,BUSINESS,22,
10328,750,2019,9,Business,8,4.0
10329,369,2021,4,Friends,75,3.0
10330,1700,2024,9,Couples,16,4.0
10331,1694,2019,7,Family,88,4.0
10332,1496,2024,11,Business,66,4.0
10333,1159,2021,1,Couples,96,3.0
10334,523,2021,7,Friends,32,3.0
10335,807,2023,9,Friends,22,3.0
10336,137,2023,5,Couples,16,3.0
10337,500,2021,4,Couples,15,4.0
10338,901,2019,4,Family,11,4.0
10339,874,2024,9,Family,39,3.0
10340,161,2019,3,Family,121,3.0
10341,1916,2024,12,Couples,92,5.0
10342,537,2021,3,Solo,38,3.0
10343,1019,2022,5,Friends,140,3.0
10344,931,2023,12,Family,115,5.0
10345,939,2024,1,Solo,117,3.0
10346,1691,2019,5,Couples,135,3.0
10347,1493,2023,11,Couples,112,3.0
10348,1736,2022,4,Couples,144,3.0
10349,759,2021,4,Couples,50,5.0
10350,531,2021,1,Business,129,3.0
10351,855,2023,2,Solo,17,3.0
10352,1123,2019,3,Friends,46,4.0
10353,674,2022,11,Family,134,5.0
10354,921,2023,7,Family,21,4.0
10355,302,2022,3,Couples,76,4.0
10356,1168,2021,10,Business,52,3.0
10357,1428,2022,8,Family,16,3.0
10358,1055,2022,4,Family,36,5.0
10359,1747,2023,4,Family,81,3.0
10360,1992,2023,3,Family,95,3.0
10361,1812,2024,9,Solo,102,4.0
10362,186,2019,9,Couples,20,4.0
10363,1762,2020,8,Couples,48,4.0
10364,668,2024,6,Business,16,3.0
10365,904,2022,7,Solo,2,3.0
10366,824,2021,11,Family,59,3.0
10367,569,2022,7,Family,94,4.0
10368,1755,2021,8,SOLO,56,3.0
10369,1276,2024,3,Family,7,4.0
10370,1934,2022,6,Couples,33,4.0
10371,1910,2021,1,COUPLES,65,4.0
10372,840,2022,6,Family,54,3.0
10373,1455,2020,10,Family,124,3.0
10374,1005,2023,9,Solo,90,4.0
10375,990,2020,11,Couples,150,3.0
10376,1480,2019,5,Family,27,5.0
10377,1378,2019,10,Business,56,1.0
10378,1824,2019,9,Friends,14,3.0
10379,1546,2019,9,Couples,4,4.0
10380,1245,2019,10,Business,139,4.0
10381,1839,2020,6,Couples,74,3.0
10382,205,2024,5,Friends,99,4.0
10383,1527,2019,8,Couples,42,4.0
10384,785,2023,5,COUPLES,8,3.0
10385,867,2024,9,Couples,134,3.0
10386,1564,2023,11,Solo,99,4.0
10387,548,2021,1,Family,107,5.0
10388,1768,2019,8,Solo,81,3.0
10389,1000,2021,6,Business,61,3.0
10390,699,2022,2,Family,64,4.0
10391,657,2023,3,Family,115,3.0
10392,842,2019,10,Couples,35,3.0
10393,1886,2020,5,Family,52,4.0
10394,206,2022,2,Couples,47,4.0
10395,1016,2023,9,Couples,79,4.0
10396,1671,2020,3,Couples,146,4.0
10397,945,2023,5,Family,139,5.0
10398,1133,2023,3,Family,82,3.0
10399,697,2021,9,Family,31,3.0
10400,273,2022,12,Friends,142,4.0
10401,1279,2021,12,Family,47,4.0
10402,1840,2023,1,Family,54,3.0
10403,1041,2020,12,COUPLES,133,4.0
10404,865,2020,8,Friends,40,3.0
10405,259,2021,10,Business,70,3.0
10406,1890,2020,1,Couples,138,3.0
10407,1739,2022,11,Family,48,4.0
10408,1804,2024,4,Friends,94,3.0
10409,719,2021,5,Business,6,4.0
10410,1251,2024,11,Family,150,2.0
10411,866,2021,9,Business,63,3.0
10412,470,2019,7,Couples,101,4.0
10413,412,2021,9,Family,76,4.0
10414,768,2021,5,BUSINESS,66,4.0
10415,1107,2019,12,Friends,61,4.0
10416,245,2021,1,Business,3,3.0
10417,1405,2019,7,Family,42,4.0
10418,916,2023,1,Couples,58,4.0
10419,1763,2022,6,Business,56,3.0
10420,558,2020,7,Family,42,5.0
10421,104,2019,11,Couples,97,3.0
10422,625,2022,12,Business,125,3.0
10423,1947,2023,9,Business,134,3.0
10424,644,2021,12,Couples,146,4.0
10425,1408,2024,2,Friends,98,4.0
10426,1687,2020,7,Friends,62,4.0
10427,569,2023,8,Business,97,3.0
10428,1286,2021,1,Couples,20,4.0
10429,409,2020,8,Couples,123,3.0
10430,725,2020,1,Family,81,4.0
10431,593,2021,8,Couples,25,5.0
10432,1345,2019,3,Couples,64,5.0
10433,1752,2022,12,Family,46,
10434,505,2021,4,Family,53,3.0
10435,583,2023,8,Family,8,4.0
10436,1642,2022,8,Family,3,4.0
10437,926,2024,11,Business,53,4.0
10438,1027,2019,5,Couples,46,3.0
10439,1412,2021,5,Family,150,4.0
10440,276,2022,9,Family,40,2.0
10441,1744,2020,1,Couples,50,5.0
10442,731,2023,7,Couples,138,4.0
10443,1318,2021,5,Couples,129,4.0
10444,865,2023,12,Friends,9,4.0
10445,1507,2024,7,Couples,13,3.0
10446,1224,2024,10,Friends,15,4.0
10447,347,2022,10,Friends,69,3.0
10448,376,2023,2,Family,86,3.0
10449,1755,2024,8,Friends,53,4.0
10450,1040,2024,9,Business,2,4.0
10451,552,2023,6,Business,31,2.0
10452,287,2024,3,Family,93,4.0
10453,257,2024,6,Family,56,3.0
10454,1840,2020,1,Solo,19,4.0
10455,1953,2022,12,Family,98,4.0
10456,787,2021,2,BUSINESS,93,4.0
10457,404,2024,2,Couples,74,4.0
10458,838,2023,2,Family,142,4.0
10459,274,2024,3,Family,127,5.0
10460,1100,2021,3,FAMILY,6,5.0
10461,1253,2024,8,Friends,136,3.0
10462,1971,2019,2,Couples,8,4.0
10463,638,2024,9,Family,73,3.0
10464,396,2020,5,Business,136,4.0
10465,267,2022,5,Family,148,3.0
10466,755,2023,7,Friends,4,3.0
10467,1203,2023,1,Family,11,3.0
10468,134,2020,7,Family,37,3.0
10469,1518,2022,7,Couples,42,4.0
10470,921,2022,9,Solo,42,4.0
10471,1587,2023,2,Family,63,4.0
10472,928,2020,1,FRIENDS,48,4.0
10473,312,2023,1,BUSINESS,88,2.0
10474,43,2022,12,Couples,129,2.0
10475,1114,2023,5,Family,82,4.0
10476,1079,2024,3,Family,50,4.0
10477,1628,2021,2,Family,86,4.0
10478,1755,2021,4,Couples,94,4.0
10479,323,2023,6,Family,135,4.0
10480,630,2023,12,Couples,143,4.0
10481,416,2024,10,Business,42,3.0
10482,214,2022,11,Family,138,3.0
10483,5,2022,1,Friends,123,3.0
10484,165,2019,7,Couples,20,3.0
10485,1050,2021,6,Solo,84,5.0
10486,304,2020,3,Solo,23,5.0
10487,390,2024,6,Family,74,3.0
10488,236,2019,8,Friends,7,4.0
10489,1449,2023,1,Family,45,3.0
10490,1272,2024,12,Couples,89,4.0
10491,1925,2021,9,Business,46,3.0
10492,223,2023,12,Couples,2,4.0
10493,418,2022,2,Couples,59,4.0
10494,912,2023,1,Solo,82,4.0
10495,1299,2023,12,Solo,115,4.0
10496,261,2020,12,Family,21,4.0
10497,424,2023,8,Family,72,3.0
10498,844,2024,3,Solo,30,3.0
10499,37,2020,4,Friends,24,4.0
10500,791,2020,10,Couples,19,4.0
10501,1518,2020,12,Solo,114,3.0
10502,1054,2024,9,Family,138,3.0
10503,869,2024,5,Business,100,3.0
10504,976,2021,10,Couples,57,4.0
10505,1894,2024,4,Friends,143,3.0
10506,1041,2023,2,Business,75,2.0
10507,1069,2021,5,Friends,80,4.0
10508,1862,2023,6,Friends,96,2.0
10509,315,2024,8,Business,99,3.0
10510,192,2024,9,Couples,74,5.0
10511,900,2021,9,Family,72,4.0
10512,638,2020,3,Business,48,
10513,406,2020,8,Family,103,3.0
10514,240,2023,1,Solo,101,5.0
10515,1757,2023,12,Family,66,3.0
10516,1229,2023,6,Family,107,5.0
10517,1382,2019,12,Friends,21,2.0
10518,237,2024,11,Solo,63,
10519,683,2019,3,Solo,149,4.0
10520,1242,2022,2,Business,111,3.0
10521,1056,2024,11,Business,109,2.0
10522,1390,2020,6,Family,130,4.0
10523,1339,2022,2,Couples,92,4.0
10524,827,2024,8,Family,100,3.0
10525,1566,2020,12,FRIENDS,73,4.0
10526,520,2019,8,Solo,124,3.0
10527,161,2021,4,Couples,107,4.0
10528,1827,2023,5,Friends,79,3.0
10529,46,2022,4,Family,20,3.0
10530,568,2021,7,Family,121,4.0
10531,229,2022,6,Business,49,3.0
10532,464,2019,5,Business,54,
10533,790,2021,3,Friends,19,4.0
10534,260,2024,1,Family,33,4.0
10535,934,2021,10,Friends,19,4.0
10536,1855,2024,10,BUSINESS,15,3.0
10537,273,2022,2,Couples,4,4.0
10538,1854,2024,3,Business,45,4.0
10539,823,2022,6,Family,114,4.0
10540,1185,2021,8,Family,130,5.0
10541,884,2024,11,Family,35,4.0
10542,634,2020,9,Business,64,4.0
10543,219,2021,8,Business,125,4.0
10544,1187,2023,9,Couples,107,5.0
10545,1834,2024,8,Business,136,2.0
10546,1042,2020,12,Solo,64,4.0
10547,1199,2024,12,Couples,26,4.0
10548,1288,2021,6,Couples,22,5.0
10549,778,2021,1,Friends,107,4.0
10550,242,2019,12,Solo,4,4.0
10551,1014,2019,4,Family,70,5.0
10552,1738,2022,4,Couples,53,5.0
10553,629,2022,2,Family,138,4.0
10554,1743,2019,10,Business,150,3.0
10555,1709,2024,3,Business,73,3.0
10556,490,2022,12,Friends,88,4.0
10557,1151,2019,3,Friends,57,4.0
10558,1496,2024,1,Couples,117,4.0
10559,990,2020,8,Friends,45,4.0
10560,1399,2023,3,Family,112,4.0
10561,1822,2023,4,Family,136,3.0
10562,1255,2023,2,Couples,26,3.0
10563,1676,2023,8,Solo,34,4.0
10564,1602,2024,3,Couples,57,4.0
10565,1626,2019,9,Couples,125,4.0
10566,1705,2021,4,Business,97,
10567,452,2021,5,Family,30,4.0
10568,37,2021,6,Solo,56,4.0
10569,307,2020,7,Business,97,3.0
10570,500,2020,10,Business,145,3.0
10571,1381,2024,2,Solo,68,4.0
10572,1020,2024,3,Family,12,3.0
10573,938,2023,10,Solo,16,3.0
10574,19,2022,11,Friends,5,
10575,1368,2021,6,Friends,19,3.0
10576,729,2023,1,Family,62,3.0
10577,1522,2024,11,COUPLES,43,3.0
10578,226,2021,8,FAMILY,46,4.0
10579,591,2022,7,COUPLES,115,3.0
10580,110,2024,5,Family,72,4.0
10581,570,2024,9,Family,110,3.0
10582,1847,2020,4,Business,82,4.0
10583,982,2020,5,Family,31,5.0
10584,880,2020,10,Couples,143,4.0
10585,548,2019,5,Friends,72,4.0
10586,530,2023,12,Business,126,2.0
10587,1335,2021,6,Family,15,4.0
10588,1971,2019,7,Couples,128,4.0
10589,1494,2020,8,Business,108,4.0
10590,1474,2022,9,Family,38,4.0
10591,945,2024,7,Family,119,5.0
10592,198,2022,5,Friends,112,3.0
10593,1448,2022,10,Couples,135,3.0
10594,1618,2020,9,Friends,32,4.0
10595,1021,2020,1,Business,133,4.0
10596,184,2023,8,Family,115,4.0
10597,1426,2023,11,Family,51,2.0
10598,1843,2024,7,Business,53,3.0
10599,450,2022,12,Business,39,4.0
10600,319,2020,5,Couples,72,5.0
10601,1478,2022,3,Couples,135,4.0
10602,664,2024,6,Couples,126,4.0
10603,1431,2020,2,Solo,22,2.0
10604,1407,2024,1,COUPLES,20,5.0
10605,534,2024,7,Friends,9,4.0
10606,85,2023,1,Solo,93,3.0
10607,1112,2022,1,Couples,48,4.0
10608,816,2021,6,Friends,115,4.0
10609,1711,2024,3,Solo,115,3.0
10610,716,2019,3,Couples,30,3.0
10611,500,2023,7,Family,105,3.0
10612,1721,2021,4,Friends,115,4.0
10613,1472,2022,8,Friends,149,4.0
10614,1237,2021,6,Friends,109,3.0
10615,1908,2019,3,Couples,54,3.0
10616,1566,2024,9,Business,150,3.0
10617,1733,2023,12,Family,42,3.0
10618,1599,2022,9,Couples,121,5.0
10619,804,2019,3,Family,57,4.0
10620,125,2023,7,Family,141,4.0
10621,1215,2024,2,Family,118,3.0
10622,1530,2023,1,Friends,90,3.0
10623,1984,2020,2,Family,33,3.0
10624,1364,2020,10,Family,29,5.0
10625,1137,2021,12,Solo,143,3.0
10626,1152,2019,8,Couples,121,4.0
10627,231,2022,11,Family,77,4.0
10628,15,2021,5,Couples,132,4.0
10629,91,2022,1,Family,118,3.0
10630,1810,2024,11,Friends,59,3.0
10631,1581,2022,9,Solo,125,3.0
10632,521,2021,8,Family,120,4.0
10633,848,2023,1,Friends,72,4.0
10634,968,2021,12,Couples,3,3.0
10635,494,2023,1,Family,112,3.0
10636,846,2024,1,Friends,51,3.0
10637,696,2024,1,Family,55,3.0
10638,1390,2022,12,Friends,108,4.0
10639,1515,2021,10,Friends,122,
10640,197,2021,2,Couples,14,3.0
10641,931,2022,6,Friends,124,4.0
10642,1983,2024,7,Family,44,4.0
10643,1737,2024,7,Family,85,3.0
10644,1588,2022,3,Solo,131,4.0
10645,1470,2020,1,FAMILY,33,4.0
10646,9,2021,1,COUPLES,34,3.0
10647,1949,2020,11,Friends,146,4.0
10648,1471,2020,8,Couples,56,4.0
10649,1778,2019,12,Friends,143,4.0
10650,1818,2023,11,Solo,54,2.0
10651,510,2023,3,Friends,93,3.0
10652,28,2020,2,Family,77,3.0
10653,1319,2023,8,Solo,148,3.0
10654,918,2019,3,Family,83,4.0
10655,42,2020,9,Business,76,2.0
10656,542,2020,12,Friends,70,4.0
10657,1983,2019,12,Friends,57,3.0
10658,727,2023,4,Friends,67,3.0
10659,523,2019,6,Family,70,4.0
10660,1310,2021,9,Business,115,3.0
10661,1330,2021,3,BUSINESS,7,4.0
10662,665,2022,7,Couples,76,3.0
10663,1699,2020,5,Friends,83,3.0
10664,1161,2021,7,Family,113,4.0
10665,321,2023,8,Couples,100,4.0
10666,650,2021,11,Couples,65,4.0
10667,1696,2024,6,Couples,17,4.0
10668,179,2021,4,Family,56,5.0
10669,25,2023,1,Friends,39,5.0
10670,1314,2019,9,Solo,31,3.0
10671,884,2024,10,Family,109,4.0
10672,506,2021,5,Couples,72,5.0
10673,945,2024,11,Couples,120,3.0
10674,368,2023,6,Family,21,3.0
10675,749,2023,6,FAMILY,148,4.0
10676,468,2019,1,Couples,72,4.0
10677,1173,2022,7,Couples,38,2.0
10678,1348,2023,8,Friends,55,3.0
10679,1830,2023,6,Family,127,4.0
10680,136,2021,7,Family,107,4.0
10681,654,2022,7,Family,26,5.0
10682,529,2020,9,Family,149,4.0
10683,1159,2021,2,Couples,20,3.0
10684,1067,2021,7,Friends,42,4.0
10685,1755,2019,6,Business,110,3.0
10686,1839,2024,5,Couples,80,3.0
10687,1546,2022,6,Family,67,2.0
10688,398,2020,9,Family,139,4.0
10689,82,2024,12,Family,120,5.0
10690,1799,2023,3,Solo,145,4.0
10691,1886,2023,1,Couples,43,4.0
10692,501,2024,5,Couples,128,4.0
10693,94,2021,4,Business,32,4.0
10694,1362,2021,1,Business,121,3.0
10695,1178,2022,6,Friends,83,4.0
10696,1778,2024,7,Family,90,4.0
10697,1151,2023,11,Couples,18,3.0
10698,1521,2023,9,Family,132,4.0
10699,1573,2023,6,Friends,42,3.0
10700,20,2019,8,Solo,90,3.0
10701,297,2021,4,Couples,25,4.0
10702,1561,2021,2,Family,139,5.0
10703,359,2021,7,Couples,49,3.0
10704,413,2024,6,Friends,115,4.0
10705,1505,2021,4,Solo,115,
10706,410,2024,11,Family,83,3.0
10707,300,2024,7,Family,19,4.0
10708,27,2021,7,Family,42,5.0
10709,939,2020,9,Family,92,4.0
10710,1274,2023,4,Family,81,3.0
10711,1464,2024,7,Friends,88,3.0
10712,1812,2021,11,Solo,38,3.0
10713,1303,2020,8,Friends,81,4.0
10714,1513,2022,11,Couples,13,5.0
10715,422,2024,1,Family,73,4.0
10716,681,2022,9,Family,14,4.0
10717,608,2021,8,Business,100,3.0
10718,131,2021,11,Family,86,4.0
10719,1938,2023,12,Business,128,3.0
10720,483,2021,2,Family,70,4.0
10721,898,2023,6,Business,25,4.0
10722,714,2024,12,Couples,36,3.0
10723,89,2023,10,Solo,123,3.0
10724,1807,2024,2,Business,144,3.0
10725,440,2023,7,Couples,10,3.0
10726,201,2024,5,Couples,102,4.0
10727,685,2019,9,Family,73,4.0
10728,288,2021,7,Solo,39,3.0
10729,1999,2020,4,Family,77,4.0
10730,378,2024,6,Friends,141,4.0
10731,606,2020,12,Couples,30,3.0
10732,543,2024,5,Couples,126,4.0
10733,53,2023,3,Friends,14,4.0
10734,26,2019,2,Business,109,3.0
10735,1026,2023,2,Family,12,4.0
10736,466,2021,1,Family,10,4.0
10737,168,2020,1,Solo,6,4.0
10738,583,2024,7,Family,121,4.0
10739,549,2023,7,Solo,87,3.0
10740,849,2023,10,Family,104,3.0
10741,1985,2020,8,Couples,24,5.0
10742,614,2022,3,Business,139,3.0
10743,1410,2021,8,Family,122,3.0
10744,1537,2022,6,Business,74,3.0
10745,102,2021,3,Couples,135,4.0
10746,1003,2022,8,Family,22,4.0
10747,898,2023,8,Family,44,4.0
10748,1016,2020,6,Family,8,5.0
10749,344,2019,2,Solo,25,3.0
10750,931,2019,1,Business,127,2.0
10751,246,2024,10,Solo,62,2.0
10752,1892,2024,2,Family,97,3.0
10753,1175,2023,4,Friends,133,4.0
10754,70,2019,9,Family,115,3.0
10755,1012,2022,6,Couples,60,4.0
10756,1853,2021,10,Friends,53,3.0
10757,1486,2020,5,Friends,17,4.0
10758,546,2021,11,Friends,125,3.0
10759,1785,2023,5,Friends,148,4.0
10760,372,2024,1,Business,76,3.0
10761,494,2024,9,Solo,75,3.0
10762,310,2020,8,Solo,128,4.0
10763,1846,2022,12,Friends,52,3.0
10764,1434,2022,2,Family,61,4.0
10765,1036,2020,7,Friends,135,4.0
10766,1336,2021,9,Family,57,3.0
10767,518,2021,5,Family,140,4.0
10768,142,2019,4,Solo,25,3.0
10769,1692,2021,4,Couples,75,4.0
10770,1929,2021,1,Friends,74,3.0
10771,72,2020,8,Family,47,4.0
10772,104,2022,10,Couples,145,4.0
10773,1120,2023,6,Family,73,4.0
10774,87,2019,1,Family,132,3.0
10775,1444,2021,10,Couples,33,4.0
10776,1891,2019,11,Friends,53,5.0
10777,560,2023,8,Couples,72,5.0
10778,589,2024,2,Friends,85,5.0
10779,1727,2021,5,COUPLES,35,4.0
10780,713,2024,7,Business,47,4.0
10781,481,2022,12,COUPLES,94,4.0
10782,169,2024,6,Couples,42,4.0
10783,1680,2024,1,Friends,114,5.0
10784,1852,2022,9,Family,72,4.0
10785,158,2021,9,Friends,146,3.0
10786,1606,2023,3,Friends,36,4.0
10787,320,2020,5,Couples,127,5.0
10788,278,2020,1,Solo,74,2.0
10789,762,2022,2,Friends,13,4.0
10790,874,2020,4,Business,106,4.0
10791,1709,2021,2,FAMILY,32,2.0
10792,1400,2024,4,Family,21,3.0
10793,290,2023,8,Family,80,4.0
10794,1169,2024,5,Couples,118,3.0
10795,1751,2024,2,Family,39,4.0
10796,1325,2020,8,Couples,94,5.0
10797,460,2023,11,Family,3,2.0
10798,258,2021,8,Family,28,5.0
10799,906,2024,4,FRIENDS,114,3.0
10800,945,2020,10,Couples,2,4.0
10801,706,2020,5,Business,54,4.0
10802,219,2024,1,Family,77,5.0
10803,237,2020,8,Family,10,4.0
10804,1058,2022,9,Family,147,3.0
10805,1889,2020,3,Family,77,4.0
10806,1196,2020,5,Couples,51,3.0
10807,877,2023,1,Family,147,4.0
10808,1863,2023,6,Family,84,4.0
10809,1381,2020,6,Family,102,4.0
10810,1436,2024,4,Family,14,3.0
10811,1151,2019,7,Family,24,4.0
10812,1526,2019,9,Family,7,2.0
10813,1004,2024,6,FRIENDS,78,5.0
10814,1245,2019,10,Family,126,4.0
10815,1234,2020,6,Solo,136,3.0
10816,1506,2019,5,Solo,87,4.0
10817,1797,2020,8,COUPLES,9,4.0
10818,589,2019,3,FRIENDS,94,4.0
10819,1399,2021,11,Family,96,4.0
10820,64,2020,8,Solo,90,4.0
10821,1065,2019,5,Solo,109,4.0
10822,1798,2023,3,Family,84,3.0
10823,1291,2019,10,Couples,106,4.0
10824,536,2021,1,Family,73,4.0
10825,1213,2020,1,Couples,23,4.0
10826,716,2022,8,Family,12,3.0
10827,867,2021,6,Family,137,5.0
10828,457,2021,3,Family,67,3.0
10829,1250,2023,5,Couples,49,5.0
10830,397,2019,10,Friends,44,4.0
10831,888,2021,6,Family,8,3.0
10832,1879,2022,7,Family,142,3.0
10833,1516,2023,2,Friends,13,4.0
10834,829,2022,9,Friends,33,5.0
10835,1938,2023,2,FAMILY,69,4.0
10836,28,2023,3,Couples,54,
10837,1920,2023,4,Couples,6,4.0
10838,705,2022,6,Family,50,4.0
10839,1642,2024,4,Couples,117,5.0
10840,1896,2019,10,Friends,38,4.0
10841,1204,2021,5,Couples,130,4.0
10842,1221,2023,1,Couples,55,3.0
10843,1499,2019,6,Family,3,4.0
10844,480,2023,2,Family,17,3.0
10845,357,2019,3,Couples,122,4.0
10846,688,2023,8,Friends,61,3.0
10847,959,2020,8,Solo,148,4.0
10848,1486,2023,8,Couples,119,3.0
10849,515,2023,5,Solo,5,2.0
10850,1130,2023,11,Family,47,4.0
10851,7,2022,1,Family,109,4.0
10852,62,2024,5,Friends,10,3.0
10853,1934,2019,3,Friends,150,3.0
10854,1701,2020,1,Family,25,4.0
10855,1728,2019,7,Family,120,4.0
10856,658,2023,1,COUPLES,127,5.0
10857,1028,2024,8,Couples,76,3.0
10858,1350,2024,11,Family,121,4.0
10859,509,2022,10,Family,133,5.0
10860,1489,2019,9,Solo,111,3.0
10861,1386,2020,3,Family,107,4.0
10862,815,2022,8,Family,59,
10863,870,2024,7,Family,44,5.0
10864,615,2024,6,Friends,131,4.0
10865,1607,2023,6,Solo,34,3.0
10866,1974,2024,2,Friends,63,4.0
10867,2000,2021,11,Business,77,4.0
10868,1543,2020,11,Friends,59,3.0
10869,699,2021,9,Solo,56,3.0
10870,1563,2019,7,BUSINESS,90,3.0
10871,489,2023,2,Family,50,5.0
10872,1794,2020,8,Family,149,5.0
10873,535,2021,12,Family,27,3.0
10874,806,2019,2,Friends,59,4.0
10875,187,2024,5,Friends,127,4.0
10876,163,2021,11,Couples,72,3.0
10877,789,2023,12,Business,106,3.0
10878,1101,2022,6,Couples,98,4.0
10879,35,2022,4,Friends,50,4.0
10880,1693,2021,4,Business,112,3.0
10881,229,2023,6,Family,36,3.0
10882,1997,2020,4,Family,113,4.0
10883,544,2024,7,Couples,20,3.0
10884,758,2021,1,Couples,105,4.0
10885,320,2019,1,Friends,17,4.0
10886,1649,2024,1,Family,131,4.0
10887,1465,2019,9,FAMILY,94,3.0
10888,158,2021,12,Couples,7,3.0
10889,212,2023,2,Couples,17,5.0
10890,1219,2021,11,FAMILY,29,4.0
10891,1732,2020,2,COUPLES,145,4.0
10892,220,2020,1,Couples,89,3.0
10893,443,2023,4,Couples,42,4.0
10894,1091,2022,4,Family,42,4.0
10895,218,2022,12,Couples,4,4.0
10896,610,2022,2,Couples,31,4.0
10897,21,2020,12,Friends,129,3.0
10898,999,2024,11,Family,90,3.0
10899,1431,2020,6,Friends,56,4.0
10900,824,2024,9,Friends,4,4.0
10901,514,2023,7,Couples,52,4.0
10902,849,2019,11,Family,58,4.0
10903,1019,2020,3,Solo,18,4.0
10904,332,2022,12,COUPLES,92,5.0
10905,224,2019,6,Couples,100,4.0
10906,364,2024,12,Couples,150,3.0
10907,1971,2021,12,Solo,54,3.0
10908,1446,2024,11,Couples,42,4.0
10909,251,2019,10,Solo,124,3.0
10910,603,2019,6,Family,53,4.0
10911,824,2022,9,Family,95,4.0
10912,363,2023,3,Family,111,4.0
10913,1704,2024,4,Couples,132,3.0
10914,1882,2023,9,Couples,48,4.0
10915,490,2023,10,Friends,94,4.0
10916,34,2019,4,Friends,20,4.0
10917,534,2022,12,Family,117,3.0
10918,1166,2023,9,Family,7,4.0
10919,1617,2021,12,Family,105,4.0
10920,680,2024,6,Family,32,4.0
10921,547,2024,8,Friends,70,4.0
10922,498,2024,8,Business,12,4.0
10923,6,2024,2,Solo,104,4.0
10924,29,2022,4,Family,73,5.0
10925,856,2023,12,Family,100,4.0
10926,1236,2019,9,Couples,53,4.0
10927,26,2020,7,Family,2,3.0
10928,401,2022,1,Couples,88,4.0
10929,1820,2019,1,FAMILY,105,4.0
10930,1981,2023,7,Couples,100,4.0
10931,1284,2020,1,Couples,40,2.0
10932,1044,2021,2,Couples,108,3.0
10933,1167,2020,7,Friends,82,4.0
10934,741,2022,12,Friends,32,3.0
10935,404,2019,11,Family,17,3.0
10936,752,2023,6,Couples,49,4.0
10937,1400,2024,12,Family,4,3.0
10938,1326,2023,8,Solo,108,2.0
10939,1355,2020,12,Friends,3,5.0
10940,1218,2020,3,Friends,8,4.0
10941,121,2020,7,Friends,24,3.0
10942,1253,2022,12,Friends,49,3.0
10943,1762,2024,12,Business,3,3.0
10944,1298,2024,11,Couples,95,4.0
10945,1159,2024,2,FRIENDS,20,3.0
10946,448,2023,8,Couples,121,4.0
10947,1585,2020,2,BUSINESS,84,3.0
10948,904,2021,5,Friends,13,3.0
10949,526,2020,1,Friends,61,2.0
10950,980,2019,10,Couples,22,3.0
10951,245,2023,10,Family,148,3.0
10952,1853,2022,2,Business,89,3.0
10953,1405,2024,11,Business,122,3.0
10954,654,2024,11,Couples,57,4.0
10955,1588,2022,11,FRIENDS,23,4.0
10956,109,2019,6,Couples,36,
10957,773,2021,12,Friends,63,4.0
10958,1303,2021,12,Business,116,3.0
10959,48,2023,7,Business,65,2.0
10960,1418,2022,5,Couples,140,5.0
10961,1637,2023,10,Friends,55,3.0
10962,1189,2019,1,Solo,35,4.0
10963,413,2019,5,Couples,75,2.0
10964,1499,2024,1,Family,17,4.0
10965,679,2021,10,Business,101,3.0
10966,1472,2023,1,Business,16,4.0
10967,1257,2024,10,Business,97,2.0
10968,187,2019,7,Business,58,3.0
10969,200,2023,6,Friends,54,3.0
10970,31,2020,8,Family,92,5.0
10971,144,2019,1,FRIENDS,106,4.0
10972,600,2020,10,Friends,140,5.0
10973,52,2023,4,Friends,44,4.0
10974,1877,2019,11,Couples,122,3.0
10975,1834,2023,11,Business,126,3.0
10976,346,2021,7,Business,150,3.0
10977,623,2020,8,Business,145,4.0
10978,1485,2020,12,Couples,119,3.0
10979,1322,2021,5,Business,45,3.0
10980,1164,2021,5,FAMILY,105,3.0
10981,1979,2020,12,COUPLES,118,4.0
10982,1260,2022,5,Family,44,4.0
10983,1339,2024,5,Family,123,3.0
10984,1005,2021,1,Couples,106,5.0
10985,1051,2020,4,Business,74,2.0
10986,583,2022,3,Family,130,4.0
10987,1042,2023,10,Friends,14,2.0
10988,1837,2022,7,Friends,103,4.0
10989,754,2022,5,Solo,118,3.0
10990,267,2023,12,Couples,7,3.0
10991,1200,2024,6,Friends,62,4.0
10992,1571,2019,5,Friends,78,3.0
10993,1918,2024,9,Solo,32,3.0
10994,1085,2024,4,Couples,132,3.0
10995,1577,2024,6,Friends,94,3.0
10996,501,2021,9,Family,42,5.0
10997,849,2024,4,Family,66,4.0
10998,839,2019,6,Family,17,5.0
10999,665,2021,1,Family,14,3.0
11000,1433,2024,10,Friends,112,4.0
11001,1768,2020,11,Solo,148,3.0
11002,654,2023,9,Family,42,3.0
11003,272,2020,7,Couples,37,
11004,1651,2022,11,Family,103,5.0
11005,1700,2022,11,Couples,77,5.0
11006,1870,2024,6,Family,21,4.0
11007,511,2021,8,Business,101,3.0
11008,1439,2023,12,Family,32,4.0
11009,1432,2021,3,FAMILY,18,4.0
11010,1581,2021,10,Couples,70,4.0
11011,1613,2019,5,Business,111,4.0
11012,1906,2019,2,Business,79,2.0
11013,954,2023,6,Friends,98,4.0
11014,152,2019,7,Family,36,4.0
11015,385,2019,9,Family,75,4.0
11016,1774,2020,2,Business,107,3.0
11017,1690,2021,7,FRIENDS,80,5.0
11018,23,2019,8,COUPLES,36,4.0
11019,736,2022,8,Couples,144,4.0
11020,491,2023,10,Family,11,3.0
11021,642,2022,10,Business,137,3.0
11022,1278,2022,6,Friends,109,3.0
11023,1021,2024,4,Friends,17,4.0
11024,962,2024,11,Family,39,4.0
11025,871,2022,11,Couples,56,3.0
11026,1284,2019,2,Couples,144,5.0
11027,1367,2023,6,Friends,78,3.0
11028,87,2023,10,Couples,39,4.0
11029,275,2020,8,Friends,138,4.0
11030,683,2019,11,Friends,18,3.0
11031,872,2019,3,Couples,123,3.0
11032,1993,2020,12,Couples,125,4.0
11033,1784,2023,3,Couples,58,4.0
11034,1298,2024,2,Couples,7,4.0
11035,73,2019,9,Solo,133,4.0
11036,202,2021,12,Family,146,3.0
11037,915,2024,5,Family,57,3.0
11038,1175,2019,2,Couples,28,4.0
11039,1322,2024,11,Couples,41,4.0
11040,284,2019,2,Family,21,3.0
11041,1776,2020,8,Solo,92,3.0
11042,987,2019,2,Family,78,3.0
11043,1188,2023,8,COUPLES,54,3.0
11044,79,2021,2,Solo,98,3.0
11045,1649,2021,5,Couples,94,4.0
11046,1087,2022,6,Family,2,3.0
11047,446,2020,11,Friends,62,3.0
11048,638,2023,9,Family,130,3.0
11049,706,2021,12,Solo,120,4.0
11050,55,2023,7,Friends,129,3.0
11051,1885,2022,4,Business,144,4.0
11052,1606,2023,6,Family,10,4.0
11053,1772,2024,7,Friends,41,3.0
11054,708,2022,7,COUPLES,69,4.0
11055,1116,2020,11,Solo,77,4.0
11056,917,2023,11,Friends,118,4.0
11057,951,2023,2,Couples,109,3.0
11058,1178,2021,10,Couples,106,5.0
11059,903,2021,4,Couples,24,
11060,1547,2024,8,Couples,102,4.0
11061,118,2020,12,Family,120,4.0
11062,386,2019,11,Family,113,5.0
11063,1785,2022,6,Business,88,2.0
11064,1765,2019,1,Family,14,4.0
11065,1637,2023,12,Couples,23,5.0
11066,738,2024,11,Solo,112,3.0
11067,913,2023,5,Friends,131,4.0
11068,51,2020,2,Business,124,4.0
11069,559,2024,7,Couples,65,4.0
11070,1453,2019,10,Solo,89,4.0
11071,686,2019,6,Couples,27,3.0
11072,961,2020,1,Friends,89,3.0
11073,247,2022,6,BUSINESS,30,4.0
11074,993,2023,7,Couples,120,4.0
11075,1444,2020,12,FAMILY,118,3.0
11076,1145,2024,10,Couples,8,5.0
11077,1114,2023,9,Friends,141,4.0
11078,1830,2020,5,Solo,120,3.0
11079,469,2019,12,Family,57,4.0
11080,599,2023,3,Family,68,3.0
11081,1247,2020,4,Friends,12,3.0
11082,961,2020,11,Friends,141,4.0
11083,1959,2023,12,Business,16,2.0
11084,120,2020,10,Family,139,3.0
11085,245,2021,9,Family,99,3.0
11086,684,2024,12,Couples,138,4.0
11087,917,2023,2,Friends,56,4.0
11088,1781,2022,9,Friends,135,3.0
11089,989,2024,5,Friends,64,3.0
11090,875,2023,8,Family,53,3.0
11091,334,2021,3,Friends,51,3.0
11092,869,2022,6,Couples,143,4.0
11093,1064,2022,3,Business,70,3.0
11094,1168,2021,8,Family,72,4.0
11095,1212,2024,12,Family,97,2.0
11096,860,2022,1,Friends,84,5.0
11097,315,2023,12,Friends,82,4.0
11098,306,2021,8,Couples,57,3.0
11099,310,2020,1,Business,25,3.0
11100,1238,2019,7,Couples,150,4.0
11101,1713,2023,2,Couples,74,3.0
11102,1767,2022,10,Family,146,4.0
11103,623,2022,4,Solo,70,4.0
11104,160,2019,1,COUPLES,90,4.0
11105,1261,2023,11,Friends,82,4.0
11106,77,2020,7,Friends,145,5.0
11107,1254,2022,8,Couples,17,4.0
11108,767,2021,10,Business,78,3.0
11109,1679,2020,7,BUSINESS,24,3.0
11110,1251,2019,10,FAMILY,131,4.0
11111,1480,2023,8,Friends,80,4.0
11112,812,2019,1,Family,139,3.0
11113,1682,2019,12,Friends,42,4.0
11114,1051,2020,12,Family,25,5.0
11115,1251,2024,4,Couples,95,5.0
11116,722,2023,8,Business,22,2.0
11117,899,2023,2,Friends,56,3.0
11118,1681,2020,4,Family,48,3.0
11119,788,2024,8,Friends,34,4.0
11120,43,2019,5,Couples,20,4.0
11121,759,2019,12,Couples,99,4.0
11122,784,2021,1,Family,114,3.0
11123,837,2021,9,Family,60,4.0
11124,142,2020,8,Friends,43,4.0
11125,259,2020,11,BUSINESS,24,4.0
11126,649,2020,10,Business,102,3.0
11127,848,2021,11,Family,122,4.0
11128,59,2022,10,Family,83,3.0
11129,779,2021,3,Business,65,4.0
11130,641,2020,6,Family,98,3.0
11131,70,2022,9,Family,138,3.0
11132,501,2022,12,Family,149,5.0
11133,551,2021,11,Couples,30,4.0
11134,288,2019,8,Solo,72,3.0
11135,1504,2024,2,BUSINESS,132,2.0
11136,145,2022,6,Couples,95,4.0
11137,1156,2020,8,Business,123,3.0
11138,1331,2023,10,Couples,150,4.0
11139,1613,2021,4,Family,16,3.0
11140,1092,2019,6,Business,92,3.0
11141,1086,2023,10,Business,80,3.0
11142,1522,2019,11,Couples,43,4.0
11143,1709,2020,3,Business,99,3.0
11144,422,2022,4,Couples,16,3.0
11145,1593,2023,5,Couples,75,4.0
11146,925,2024,8,Couples,63,3.0
11147,197,2023,9,Friends,59,3.0
11148,1225,2020,10,Family,93,4.0
11149,1955,2023,7,BUSINESS,142,3.0
11150,282,2023,12,Family,143,3.0
11151,30,2023,2,Business,106,5.0
11152,1834,2023,7,Business,50,3.0
11153,1194,2023,3,Couples,145,4.0
11154,439,2022,7,Couples,150,4.0
11155,1586,2024,11,Business,127,3.0
11156,788,2022,11,Couples,131,4.0
11157,664,2019,12,Family,123,4.0
11158,580,2020,6,Couples,115,3.0
11159,1198,2021,9,Business,109,4.0
11160,270,2021,6,Friends,96,3.0
11161,725,2023,1,Family,97,3.0
11162,611,2023,4,Friends,59,3.0
11163,122,2019,9,Family,134,5.0
11164,1527,2021,1,FAMILY,96,4.0
11165,17,2022,8,Friends,93,3.0
11166,1920,2024,6,Couples,112,4.0
11167,190,2022,5,Friends,12,3.0
11168,717,2020,9,Friends,138,4.0
11169,197,2020,3,Couples,88,4.0
11170,734,2020,4,Couples,142,3.0
11171,1222,2021,2,Couples,16,4.0
11172,175,2019,2,Family,36,3.0
11173,1052,2023,2,Friends,143,5.0
11174,1544,2019,2,Family,104,3.0
11175,911,2019,8,COUPLES,98,4.0
11176,225,2019,4,Family,61,3.0
11177,1384,2019,5,Family,84,5.0
11178,373,2022,10,Family,82,3.0
11179,34,2023,7,Family,30,5.0
11180,874,2024,1,Family,85,4.0
11181,542,2023,7,FRIENDS,78,
11182,57,2023,8,Family,47,4.0
11183,1555,2022,8,Family,52,4.0
11184,1200,2020,11,Family,116,3.0
11185,1820,2021,8,Solo,102,3.0
11186,961,2024,10,Friends,71,4.0
11187,877,2019,7,Family,91,4.0
11188,1686,2023,8,Friends,37,4.0
11189,163,2023,2,Solo,75,3.0
11190,724,2019,12,Couples,85,4.0
11191,1598,2020,1,Friends,38,3.0
11192,586,2020,12,Solo,26,4.0
11193,1771,2024,7,Couples,79,3.0
11194,569,2021,5,Couples,142,3.0
11195,828,2023,6,Family,70,4.0
11196,1795,2022,1,Family,136,5.0
11197,487,2019,5,SOLO,128,3.0
11198,1937,2023,1,Couples,112,3.0
11199,88,2022,6,Friends,135,4.0
11200,532,2024,2,Friends,62,4.0
11201,1183,2024,2,Family,114,3.0
11202,1189,2022,9,Family,22,3.0
11203,1820,2024,3,Family,48,4.0
11204,1920,2019,5,Couples,85,3.0
11205,1356,2022,8,Business,6,4.0
11206,1320,2022,7,Couples,115,3.0
11207,635,2020,7,Couples,139,3.0
11208,1612,2022,6,FAMILY,16,4.0
11209,1286,2023,8,Friends,149,4.0
11210,49,2021,8,Couples,14,4.0
11211,1665,2022,2,Family,20,3.0
11212,720,2023,12,Business,115,3.0
11213,952,2022,10,Couples,103,4.0
11214,973,2021,6,Couples,141,3.0
11215,1640,2020,5,Couples,64,4.0
11216,536,2022,9,FRIENDS,86,3.0
11217,784,2024,8,Family,23,4.0
11218,79,2021,10,Business,104,3.0
11219,698,2022,6,Couples,150,4.0
11220,177,2024,6,Friends,90,4.0
11221,1166,2020,6,FAMILY,140,4.0
11222,1787,2023,4,Solo,60,3.0
11223,930,2020,10,Family,148,4.0
11224,1825,2020,10,Family,81,4.0
11225,1955,2020,2,Family,22,4.0
11226,108,2019,2,FRIENDS,55,4.0
11227,1033,2021,1,Friends,74,3.0
11228,1057,2021,4,Business,11,5.0
11229,771,2020,2,Family,135,3.0
11230,1661,2023,7,Couples,36,5.0
11231,790,2022,12,FRIENDS,102,4.0
11232,111,2020,9,Friends,138,5.0
11233,1096,2020,12,Couples,66,3.0
11234,404,2023,2,Family,92,5.0
11235,710,2020,9,Family,78,5.0
11236,1004,2021,9,Solo,115,3.0
11237,1446,2019,6,Family,6,3.0
11238,557,2023,9,Business,54,4.0
11239,762,2021,2,Friends,92,3.0
11240,136,2023,8,Business,14,4.0
11241,769,2021,10,Family,129,4.0
11242,1161,2023,5,Family,95,4.0
11243,1234,2021,3,Friends,1,4.0
11244,587,2024,1,Family,2,5.0
11245,122,2023,4,Couples,24,4.0
11246,1155,2021,10,Friends,100,3.0
11247,1311,2021,11,Solo,78,2.0
11248,171,2022,8,Family,73,5.0
11249,1010,2023,4,Family,85,4.0
11250,191,2023,4,Family,75,4.0
11251,907,2019,11,Family,52,4.0
11252,1282,2020,8,Business,2,4.0
11253,1439,2021,10,Family,5,4.0
11254,1428,2022,5,Couples,104,3.0
11255,1517,2019,11,Friends,112,3.0
11256,483,2020,6,Friends,36,4.0
11257,1693,2021,9,Business,37,4.0
11258,700,2021,11,Friends,62,4.0
11259,750,2022,5,Business,97,3.0
11260,1576,2019,10,BUSINESS,90,4.0
11261,655,2023,8,Business,84,3.0
11262,150,2020,6,Family,6,4.0
11263,1429,2022,10,Friends,65,3.0
11264,1325,2024,6,Couples,113,5.0
11265,1164,2021,9,Solo,89,4.0
11266,287,2020,1,Family,122,3.0
11267,1264,2020,11,Couples,105,4.0
11268,397,2022,12,Family,135,4.0
11269,1112,2024,12,FAMILY,86,3.0
11270,1016,2022,11,Family,86,3.0
11271,1546,2020,9,FAMILY,84,4.0
11272,1954,2024,9,Couples,40,3.0
11273,381,2019,12,Family,66,4.0
11274,230,2021,9,Couples,26,3.0
11275,1112,2019,4,Solo,65,3.0
11276,1904,2019,2,Family,23,5.0
11277,317,2024,12,Couples,74,4.0
11278,975,2019,2,Friends,144,4.0
11279,815,2024,11,COUPLES,68,3.0
11280,637,2022,12,Couples,111,4.0
11281,1328,2020,1,Friends,66,4.0
11282,591,2024,10,Couples,136,4.0
11283,987,2019,8,Family,32,3.0
11284,1691,2023,5,Family,126,3.0
11285,760,2023,7,Friends,109,3.0
11286,43,2021,6,Family,134,4.0
11287,1770,2020,10,Friends,20,3.0
11288,550,2019,5,Solo,135,4.0
11289,1546,2019,2,Friends,137,3.0
11290,1526,2019,5,Couples,45,4.0
11291,1053,2021,7,Friends,94,4.0
11292,176,2022,6,Friends,88,3.0
11293,1901,2021,7,Family,8,4.0
11294,1362,2023,12,Family,79,4.0
11295,849,2021,5,Family,99,
11296,1708,2023,10,Business,31,3.0
11297,1577,2022,12,Friends,55,2.0
11298,1521,2024,10,Family,88,4.0
11299,336,2023,7,Couples,140,5.0
11300,1266,2019,12,Family,10,4.0
11301,572,2022,5,Family,141,
11302,157,2022,4,Friends,123,3.0
11303,677,2019,11,Solo,127,4.0
11304,209,2019,12,Family,8,4.0
11305,212,2019,2,Solo,86,3.0
11306,1455,2020,4,Couples,56,3.0
11307,1004,2024,4,Couples,138,3.0
11308,796,2020,10,Friends,112,5.0
11309,385,2020,4,Family,98,3.0
11310,1542,2021,8,Friends,5,3.0
11311,1269,2021,12,Family,132,4.0
11312,1172,2024,11,Business,74,3.0
11313,381,2019,11,Family,25,3.0
11314,248,2024,7,Couples,132,3.0
11315,248,2020,8,Family,136,4.0
11316,51,2020,9,Family,75,4.0
11317,1939,2021,4,Family,100,3.0
11318,736,2024,7,Couples,92,4.0
11319,1317,2020,6,Friends,46,4.0
11320,1965,2021,10,Solo,113,4.0
11321,1873,2022,7,Couples,150,4.0
11322,642,2023,6,Business,141,3.0
11323,980,2021,7,Business,104,4.0
11324,927,2019,3,Family,55,4.0
11325,67,2023,4,Couples,137,5.0
11326,1537,2024,10,Family,140,5.0
11327,1149,2022,2,Business,1,4.0
11328,743,2024,9,Couples,51,3.0
11329,1117,2020,11,Couples,83,4.0
11330,1471,2024,9,Solo,87,3.0
11331,30,2023,8,Couples,107,4.0
11332,1293,2024,9,Business,78,3.0
11333,1723,2024,2,Couples,3,4.0
11334,1453,2021,2,Solo,25,4.0
11335,1240,2019,12,Family,115,3.0
11336,182,2023,6,Friends,105,3.0
11337,1490,2023,5,Couples,98,4.0
11338,1502,2022,2,Business,67,4.0
11339,988,2022,9,Family,42,3.0
11340,1166,2019,1,Friends,47,4.0
11341,1237,2023,3,Friends,104,4.0
11342,243,2021,3,Couples,76,3.0
11343,515,2019,12,Solo,20,3.0
11344,1585,2024,12,Family,60,3.0
11345,1948,2019,1,Family,124,4.0
11346,541,2020,2,Friends,90,5.0
11347,802,2020,12,Family,130,4.0
11348,1831,2023,8,Friends,77,4.0
11349,325,2019,9,Family,73,3.0
11350,523,2021,7,Business,143,3.0
11351,112,2021,3,Business,77,4.0
11352,470,2021,9,Solo,21,3.0
11353,1273,2024,3,Friends,61,2.0
11354,697,2020,1,Solo,98,4.0
11355,1967,2021,11,Family,52,3.0
11356,1784,2021,5,Family,62,3.0
11357,1792,2021,1,Couples,131,5.0
11358,1453,2024,6,Family,66,4.0
11359,1405,2020,2,Family,46,3.0
11360,1020,2019,6,Couples,17,3.0
11361,1982,2021,9,FAMILY,61,3.0
11362,191,2019,5,Business,115,3.0
11363,1446,2023,1,Family,45,5.0
11364,281,2024,11,Friends,71,4.0
11365,679,2023,7,Friends,99,5.0
11366,512,2023,1,Family,140,3.0
11367,1203,2021,7,Couples,123,4.0
11368,1575,2023,12,Family,43,4.0
11369,160,2021,1,Business,25,3.0
11370,1204,2024,10,Business,101,3.0
11371,444,2020,5,Friends,39,5.0
11372,154,2019,9,Business,59,3.0
11373,836,2024,1,Family,16,5.0
11374,1163,2021,11,Family,117,4.0
11375,404,2020,12,Solo,25,3.0
11376,780,2023,7,Friends,58,3.0
11377,1908,2021,3,Friends,62,4.0
11378,694,2023,2,Family,7,4.0
11379,1992,2021,9,Couples,117,4.0
11380,1669,2023,10,Couples,93,3.0
11381,742,2019,9,Couples,82,5.0
11382,1154,2023,6,Family,27,4.0
11383,1419,2020,10,Business,8,4.0
11384,930,2021,9,Solo,9,3.0
11385,816,2024,5,Couples,94,4.0
11386,660,2021,10,Couples,113,5.0
11387,280,2019,3,Family,120,4.0
11388,50,2021,10,Couples,121,5.0
11389,674,2020,7,Couples,60,5.0
11390,1592,2021,9,Solo,1,3.0
11391,467,2020,9,Couples,37,4.0
11392,360,2022,2,Friends,119,4.0
11393,657,2020,10,Friends,115,4.0
11394,1198,2021,10,Couples,77,4.0
11395,431,2024,1,Couples,4,3.0
11396,441,2022,3,Family,117,4.0
11397,225,2023,10,Friends,123,4.0
11398,665,2023,5,Friends,35,4.0
11399,435,2024,2,Couples,121,4.0
11400,1663,2024,11,Business,96,3.0
11401,1812,2024,7,Family,134,4.0
11402,742,2021,5,Family,94,3.0
11403,171,2022,7,Couples,14,4.0
11404,175,2023,5,Family,98,4.0
11405,650,2022,2,Solo,17,3.0
11406,927,2019,7,Solo,39,2.0
11407,1057,2022,12,Family,131,3.0
11408,609,2020,12,Solo,146,
11409,710,2023,8,Couples,72,4.0
11410,568,2024,2,Business,44,5.0
11411,1036,2023,3,Family,59,3.0
11412,1394,2022,4,Family,37,3.0
11413,87,2022,1,Friends,86,3.0
11414,958,2022,2,Solo,64,4.0
11415,1298,2021,10,Family,9,4.0
11416,1346,2020,6,Couples,92,4.0
11417,1127,2023,11,Couples,97,4.0
11418,1051,2021,1,Family,101,4.0
11419,1362,2019,2,Family,142,4.0
11420,757,2023,9,Family,106,4.0
11421,1135,2022,4,Couples,102,4.0
11422,639,2022,3,Family,32,3.0
11423,876,2022,8,BUSINESS,70,4.0
11424,249,2019,11,Family,66,3.0
11425,701,2022,6,Couples,145,4.0
11426,285,2022,10,Friends,72,3.0
11427,453,2022,5,Friends,104,3.0
11428,839,2019,11,Friends,82,3.0
11429,1001,2023,6,Business,9,3.0
11430,1884,2022,2,Family,141,
11431,53,2023,7,Couples,101,5.0
11432,1798,2022,4,Business,35,4.0
11433,657,2020,3,Family,9,4.0
11434,1449,2023,3,Couples,141,4.0
11435,1356,2021,5,Solo,47,4.0
11436,1942,2021,1,Solo,3,3.0
11437,218,2019,1,Solo,93,3.0
11438,1935,2019,8,BUSINESS,3,4.0
11439,126,2019,1,Family,33,4.0
11440,1755,2021,10,Business,135,3.0
11441,1305,2020,12,Family,6,5.0
11442,964,2020,3,Family,113,3.0
11443,796,2023,1,Family,93,2.0
11444,188,2023,3,Business,46,4.0
11445,1604,2023,1,Business,43,4.0
11446,1456,2023,4,Couples,72,4.0
11447,1875,2020,11,Couples,80,4.0
11448,1461,2022,10,Couples,134,3.0
11449,1915,2024,12,FRIENDS,40,2.0
11450,1774,2020,10,Business,89,3.0
11451,852,2021,11,COUPLES,103,3.0
11452,1408,2022,8,Solo,2,3.0
11453,529,2023,2,Friends,135,3.0
11454,1591,2019,10,Couples,149,4.0
11455,1218,2021,8,Friends,13,3.0
11456,881,2020,12,Couples,40,4.0
11457,1257,2023,9,Family,118,4.0
11458,555,2020,7,Friends,122,4.0
11459,1245,2021,10,Family,24,2.0
11460,950,2021,8,Couples,138,3.0
11461,644,2019,2,Family,50,3.0
11462,1952,2023,8,Friends,45,5.0
11463,128,2020,5,Friends,54,3.0
11464,1516,2021,2,Couples,101,3.0
11465,421,2023,4,Couples,31,4.0
11466,446,2023,11,Family,82,4.0
11467,309,2024,8,COUPLES,12,5.0
11468,205,2019,1,Couples,23,3.0
11469,248,2022,5,Couples,116,3.0
11470,1666,2020,9,Couples,58,3.0
11471,1853,2023,7,Family,120,3.0
11472,1170,2021,10,Friends,111,3.0
11473,28,2019,8,BUSINESS,150,2.0
11474,1729,2024,1,Family,21,4.0
11475,1204,2023,11,Family,141,
11476,1042,2020,7,Family,134,4.0
11477,1895,2024,12,Friends,66,4.0
11478,820,2021,3,Friends,21,4.0
11479,721,2021,9,Couples,21,4.0
11480,1560,2020,1,Solo,77,4.0
11481,1055,2021,2,Friends,2,4.0
11482,1434,2024,11,Couples,15,4.0
11483,1392,2019,11,Friends,80,3.0
11484,1679,2022,12,Family,85,4.0
11485,635,2020,3,Friends,130,4.0
11486,145,2019,11,Friends,147,3.0
11487,956,2019,1,Solo,41,2.0
11488,1296,2020,5,Couples,50,4.0
11489,1635,2023,6,Friends,30,4.0
11490,535,2023,10,Business,34,4.0
11491,1491,2023,9,Solo,66,3.0
11492,1665,2019,5,Couples,149,5.0
11493,1617,2019,2,Couples,135,3.0
11494,1617,2024,5,Friends,137,4.0
11495,1975,2024,4,Family,68,4.0
11496,1323,2023,9,Family,99,5.0
11497,741,2024,1,COUPLES,109,4.0
11498,873,2023,5,Family,37,3.0
11499,1495,2022,8,Friends,70,5.0
11500,474,2021,8,Friends,83,3.0
11501,1206,2024,9,Family,56,2.0
11502,1146,2023,4,Friends,71,4.0
11503,1334,2024,7,Family,67,3.0
11504,843,2020,2,Solo,10,3.0
11505,1480,2020,6,FRIENDS,116,4.0
11506,143,2022,12,Family,136,3.0
11507,1500,2024,11,Family,114,4.0
11508,1624,2022,8,Couples,141,3.0
11509,1772,2021,6,Solo,65,3.0
11510,1846,2019,11,Couples,9,4.0
11511,699,2019,6,Couples,41,3.0
11512,93,2020,10,Family,129,3.0
11513,1307,2020,7,Friends,21,4.0
11514,181,2023,1,Family,83,4.0
11515,561,2023,9,Couples,1,4.0
11516,1405,2021,11,Couples,49,4.0
11517,1190,2024,10,Couples,17,5.0
11518,1214,2021,8,Family,18,3.0
11519,1503,2021,1,Solo,25,2.0
11520,330,2022,1,Friends,81,4.0
11521,1583,2022,11,Family,104,3.0
11522,1174,2020,6,Couples,44,4.0
11523,841,2020,6,Couples,123,4.0
11524,928,2023,8,Friends,59,3.0
11525,1018,2024,11,Family,111,4.0
11526,1101,2021,6,Business,80,4.0
11527,668,2019,7,Business,109,3.0
11528,447,2024,7,Family,147,4.0
11529,339,2022,6,Family,150,3.0
11530,682,2021,8,Solo,89,3.0
11531,522,2022,3,Business,145,4.0
11532,1033,2023,5,Friends,106,4.0
11533,1825,2019,6,Friends,41,4.0
11534,217,2021,7,COUPLES,141,
11535,618,2024,6,Couples,22,4.0
11536,99,2020,6,COUPLES,71,4.0
11537,1950,2024,11,Family,23,4.0
11538,1402,2020,10,Business,118,2.0
11539,483,2021,11,Friends,135,3.0
11540,829,2019,8,Friends,123,3.0
11541,1447,2023,6,Friends,16,5.0
11542,1916,2020,6,Friends,41,3.0
11543,1148,2024,11,Business,52,3.0
11544,542,2019,8,Friends,18,3.0
11545,1394,2019,11,Family,80,5.0
11546,1372,2021,11,Business,6,3.0
11547,1288,2019,12,Couples,93,3.0
11548,92,2020,7,FAMILY,87,3.0
11549,1414,2023,5,Family,90,4.0
11550,40,2022,11,COUPLES,137,4.0
11551,1812,2022,3,Family,118,2.0
11552,1764,2019,4,Solo,39,4.0
11553,1127,2023,12,Couples,86,3.0
11554,1293,2019,9,Couples,121,4.0
11555,136,2022,8,Family,128,3.0
11556,1749,2023,7,Family,97,4.0
11557,542,2023,6,Solo,13,3.0
11558,525,2021,11,Family,66,3.0
11559,1417,2019,5,Couples,129,4.0
11560,1878,2023,6,Couples,12,5.0
11561,989,2020,2,BUSINESS,89,4.0
11562,1016,2021,2,Friends,82,4.0
11563,1098,2020,3,Couples,34,
11564,583,2019,4,Friends,52,3.0
11565,1194,2021,4,Family,147,2.0
11566,1922,2022,9,Friends,90,4.0
11567,766,2023,7,Couples,141,4.0
11568,1547,2023,1,Couples,71,
11569,1548,2023,7,Family,127,4.0
11570,1702,2023,1,Couples,93,3.0
11571,1448,2021,7,Family,137,5.0
11572,1843,2021,1,Friends,50,5.0
11573,1429,2022,1,Solo,58,3.0
11574,1953,2021,10,Family,7,2.0
11575,1431,2020,1,Couples,35,4.0
11576,1674,2019,12,Couples,21,3.0
11577,1781,2021,6,Solo,28,4.0
11578,1967,2021,10,Couples,47,4.0
11579,1191,2024,3,Business,132,4.0
11580,1421,2023,6,Solo,57,4.0
11581,1935,2020,11,Business,124,3.0
11582,761,2019,1,Friends,123,3.0
11583,239,2023,6,BUSINESS,148,4.0
11584,1769,2021,2,Family,77,4.0
11585,1264,2019,5,Couples,128,4.0
11586,857,2023,12,Friends,63,5.0
11587,1434,2021,7,Business,95,3.0
11588,66,2020,5,Couples,122,3.0
11589,955,2022,8,Friends,22,4.0
11590,531,2023,4,Family,9,4.0
11591,577,2023,1,Family,25,4.0
11592,1939,2020,7,Family,109,4.0
11593,1101,2022,9,Family,72,4.0
11594,281,2021,3,Solo,43,3.0
11595,730,2024,2,Family,116,2.0
11596,486,2020,8,Family,3,3.0
11597,1819,2023,5,Couples,26,3.0
11598,583,2021,12,FAMILY,71,4.0
11599,714,2022,5,Solo,138,3.0
11600,669,2022,5,Couples,113,3.0
11601,352,2021,7,Couples,103,4.0
11602,1561,2020,12,Business,107,5.0
11603,1153,2021,9,Family,47,4.0
11604,874,2022,8,Friends,68,3.0
11605,792,2022,10,Family,133,3.0
11606,1334,2022,10,Friends,110,3.0
11607,192,2022,7,Friends,90,3.0
11608,1864,2019,4,Solo,13,4.0
11609,1130,2021,2,Family,110,3.0
11610,456,2020,7,Business,55,2.0
11611,1076,2021,9,Family,58,4.0
11612,1705,2021,5,Friends,102,2.0
11613,347,2020,6,Family,60,5.0
11614,1048,2024,6,Family,86,4.0
11615,1196,2019,8,Friends,2,3.0
11616,1621,2022,10,Business,28,3.0
11617,1135,2021,6,Family,81,4.0
11618,1473,2023,7,Friends,144,3.0
11619,1548,2023,5,Solo,115,3.0
11620,1783,2022,4,Friends,63,4.0
11621,724,2023,9,Business,146,3.0
11622,1408,2020,8,Family,42,4.0
11623,498,2024,7,Family,134,4.0
11624,1689,2019,4,Family,61,4.0
11625,1903,2023,11,Friends,14,3.0
11626,589,2019,10,Family,1,4.0
11627,1123,2020,9,Friends,148,4.0
11628,1645,2023,10,FRIENDS,97,2.0
11629,55,2023,6,Family,23,4.0
11630,1411,2022,8,Friends,149,4.0
11631,1642,2023,3,Couples,7,3.0
11632,1743,2020,10,Business,51,3.0
11633,394,2022,1,Couples,113,4.0
11634,1515,2020,7,Friends,8,4.0
11635,1573,2021,3,SOLO,136,4.0
11636,6,2021,8,Solo,102,3.0
11637,1411,2022,4,Business,143,3.0
11638,1253,2019,12,Solo,126,4.0
11639,1938,2019,2,Friends,124,4.0
11640,87,2019,10,Couples,35,4.0
11641,1932,2020,9,FAMILY,31,4.0
11642,1143,2022,12,SOLO,37,2.0
11643,549,2019,4,Family,24,5.0
11644,775,2024,9,Solo,100,3.0
11645,1533,2021,1,FAMILY,9,4.0
11646,1993,2020,9,Couples,65,4.0
11647,634,2024,6,Couples,88,2.0
11648,1968,2020,9,Business,81,3.0
11649,1259,2020,10,Friends,74,5.0
11650,385,2021,6,Couples,34,2.0
11651,1196,2019,5,Family,17,3.0
11652,1604,2023,9,Solo,149,3.0
11653,110,2023,11,Couples,70,4.0
11654,158,2021,5,Couples,90,3.0
11655,11,2024,11,Solo,86,3.0
11656,1141,2019,6,Solo,56,3.0
11657,116,2022,11,Friends,109,4.0
11658,1865,2023,8,Couples,57,4.0
11659,256,2021,9,Business,63,3.0
11660,144,2024,9,Friends,121,4.0
11661,516,2021,10,Friends,48,4.0
11662,1527,2024,11,FRIENDS,105,4.0
11663,1814,2022,5,Couples,100,4.0
11664,503,2020,9,Family,5,3.0
11665,1038,2023,9,Friends,103,3.0
11666,1548,2019,8,Friends,121,4.0
11667,1594,2020,3,Business,41,4.0
11668,306,2023,6,Couples,138,4.0
11669,1677,2024,3,Family,3,4.0
11670,1735,2021,2,Friends,27,4.0
11671,1470,2022,12,Friends,142,2.0
11672,1055,2023,9,Couples,129,3.0
11673,783,2023,7,Family,114,4.0
11674,1779,2024,6,Family,91,3.0
11675,1728,2019,1,Couples,31,4.0
11676,1037,2020,5,Friends,74,3.0
11677,1485,2024,3,Family,85,5.0
11678,800,2022,7,Friends,14,3.0
11679,1487,2022,6,Family,90,3.0
11680,179,2021,12,Friends,14,4.0
11681,1804,2021,11,Business,19,4.0
11682,1032,2020,8,Family,26,4.0
11683,1198,2021,11,Family,29,4.0
11684,379,2019,4,Couples,13,3.0
11685,1058,2020,2,Family,144,4.0
11686,7,2024,7,Friends,121,3.0
11687,1781,2019,1,Family,77,4.0
11688,1498,2023,12,Friends,56,3.0
11689,909,2019,2,Couples,29,5.0
11690,1672,2023,11,Couples,143,5.0
11691,1624,2020,9,Couples,120,4.0
11692,239,2023,3,Friends,113,4.0
11693,108,2021,7,Business,71,2.0
11694,508,2023,7,Business,5,3.0
11695,3,2023,9,Business,96,4.0
11696,1147,2022,6,Couples,74,3.0
11697,1057,2023,8,Family,45,4.0
11698,1076,2024,5,Family,48,5.0
11699,148,2022,2,Friends,9,4.0
11700,1837,2020,9,Family,131,4.0
11701,1954,2019,4,Business,25,4.0
11702,1182,2022,4,Family,122,4.0
11703,12,2021,4,Couples,146,5.0
11704,792,2022,7,Business,7,4.0
11705,1437,2023,9,FRIENDS,94,3.0
11706,1498,2020,10,Couples,11,3.0
11707,487,2023,8,Friends,125,4.0
11708,1646,2024,5,Family,77,5.0
11709,1936,2020,12,Friends,4,5.0
11710,1018,2024,6,Couples,116,4.0
11711,764,2024,2,Family,115,3.0
11712,1053,2021,10,Family,139,
11713,55,2023,12,Friends,73,3.0
11714,1047,2024,4,Couples,140,4.0
11715,54,2024,3,Family,100,4.0
11716,70,2021,5,Family,79,4.0
11717,1107,2022,5,Business,54,4.0
11718,1022,2022,3,Business,44,4.0
11719,1974,2021,1,Solo,94,3.0
11720,1016,2022,3,Family,111,4.0
11721,1960,2024,4,Family,6,5.0
11722,1615,2019,3,Friends,62,3.0
11723,675,2024,3,BUSINESS,7,2.0
11724,1853,2021,12,Couples,60,3.0
11725,966,2023,3,Family,120,4.0
11726,1190,2019,10,Friends,104,4.0
11727,201,2024,7,Family,19,4.0
11728,426,2021,6,Family,108,3.0
11729,1045,2024,10,Family,3,3.0
11730,543,2021,1,Family,2,
11731,1200,2023,9,Family,137,5.0
11732,160,2022,5,Family,5,3.0
11733,503,2020,10,Business,40,3.0
11734,1331,2020,12,Couples,20,4.0
11735,1225,2022,9,Friends,88,4.0
11736,1968,2021,2,Couples,79,4.0
11737,1800,2022,12,Friends,126,3.0
11738,1622,2023,10,Family,149,4.0
11739,2,2023,1,Couples,112,4.0
11740,1205,2019,3,Friends,71,3.0
11741,458,2021,12,Business,7,2.0
11742,534,2019,11,Couples,139,4.0
11743,420,2022,5,Family,85,5.0
11744,912,2022,12,Family,33,5.0
11745,248,2024,6,Couples,82,4.0
11746,1064,2021,11,Couples,59,4.0
11747,333,2021,7,Friends,53,3.0
11748,1001,2022,8,Friends,68,4.0
11749,1252,2019,1,Solo,114,4.0
11750,360,2019,12,Business,25,4.0
11751,206,2023,3,Friends,145,5.0
11752,1613,2020,3,Friends,10,3.0
11753,1478,2021,6,Couples,23,4.0
11754,523,2024,10,Couples,102,4.0
11755,1775,2020,10,Business,22,4.0
11756,443,2024,8,Friends,117,3.0
11757,1854,2022,11,Family,111,4.0
11758,227,2020,9,Business,65,3.0
11759,1321,2024,2,Couples,69,4.0
11760,39,2022,10,FRIENDS,150,3.0
11761,395,2020,4,Family,120,3.0
11762,810,2021,7,Friends,95,3.0
11763,171,2021,8,Business,22,3.0
11764,914,2024,5,Solo,89,3.0
11765,465,2021,5,Couples,6,5.0
11766,198,2019,4,Couples,38,3.0
11767,1924,2023,4,Solo,105,3.0
11768,1964,2023,12,Couples,62,5.0
11769,1925,2021,5,Family,150,2.0
11770,309,2024,6,Couples,141,3.0
11771,764,2021,9,Friends,15,
11772,655,2020,3,Couples,133,3.0
11773,652,2023,3,Family,130,4.0
11774,834,2019,3,Business,16,4.0
11775,1021,2024,1,Solo,58,3.0
11776,971,2023,6,Solo,143,3.0
11777,584,2020,1,Friends,3,3.0
11778,1960,2019,5,Friends,9,3.0
11779,1960,2022,7,Family,77,4.0
11780,663,2022,4,Business,143,5.0
11781,443,2023,4,Business,42,3.0
11782,1066,2020,8,Friends,116,3.0
11783,739,2020,7,Family,105,3.0
11784,1975,2021,10,COUPLES,22,4.0
11785,859,2023,11,Business,44,2.0
11786,80,2024,3,Solo,94,4.0
11787,251,2021,4,Business,73,4.0
11788,150,2019,7,Couples,36,5.0
11789,766,2019,3,Family,31,4.0
11790,634,2022,9,Family,84,5.0
11791,1714,2019,1,Business,125,2.0
11792,1782,2023,5,FAMILY,62,4.0
11793,281,2019,12,Couples,139,4.0
11794,1890,2021,9,Couples,101,5.0
11795,1169,2023,7,Family,61,4.0
11796,614,2021,1,Solo,107,4.0
11797,814,2023,10,Friends,68,4.0
11798,883,2021,6,Couples,114,3.0
11799,342,2023,11,COUPLES,148,4.0
11800,1735,2021,10,Family,119,3.0
11801,25,2023,12,BUSINESS,22,4.0
11802,140,2024,2,Business,11,4.0
11803,547,2021,11,Couples,122,5.0
11804,288,2020,9,Business,128,4.0
11805,124,2024,4,Family,86,3.0
11806,767,2023,11,Business,37,4.0
11807,754,2024,7,Couples,133,3.0
11808,252,2021,8,Business,68,3.0
11809,1621,2021,12,FAMILY,44,4.0
11810,1766,2019,7,Couples,55,3.0
11811,1440,2023,8,Business,45,3.0
11812,1045,2024,11,Couples,43,4.0
11813,1895,2023,10,Business,49,3.0
11814,702,2020,8,Friends,102,3.0
11815,855,2021,11,Couples,3,4.0
11816,31,2021,11,Family,55,4.0
11817,1416,2019,8,Friends,26,2.0
11818,185,2019,2,Family,98,4.0
11819,1331,2021,9,Family,150,3.0
11820,1565,2022,4,Family,119,3.0
11821,435,2024,8,Family,38,4.0
11822,1225,2024,5,Couples,77,4.0
11823,608,2023,5,Business,3,3.0
11824,797,2024,12,Couples,62,4.0
11825,1060,2023,3,Family,42,3.0
11826,499,2022,2,Business,76,2.0
11827,1594,2024,8,SOLO,62,3.0
11828,790,2024,8,Business,103,3.0
11829,924,2020,12,Couples,83,5.0
11830,1630,2020,1,Family,141,4.0
11831,456,2024,11,Friends,11,4.0
11832,905,2019,11,Family,142,3.0
11833,1987,2022,3,Family,119,3.0
11834,800,2021,10,Couples,107,3.0
11835,232,2023,11,SOLO,124,3.0
11836,569,2024,2,Family,8,4.0
11837,1912,2020,1,Business,32,4.0
11838,1519,2020,8,Friends,1,4.0
11839,1619,2020,8,Business,120,3.0
11840,508,2023,11,Family,54,3.0
11841,1678,2021,12,Family,55,3.0
11842,787,2022,2,Friends,92,4.0
11843,1590,2021,12,Solo,64,4.0
11844,1762,2023,11,Couples,96,4.0
11845,417,2019,8,Family,141,3.0
11846,1877,2021,5,Family,50,4.0
11847,1266,2020,8,Couples,134,4.0
11848,1462,2022,7,Family,80,3.0
11849,1514,2022,5,Friends,57,3.0
11850,337,2023,1,Family,138,3.0
11851,1492,2024,9,Family,74,3.0
11852,426,2023,4,Family,20,3.0
11853,544,2019,3,Friends,43,3.0
11854,234,2023,5,Couples,127,
11855,363,2019,1,Couples,78,3.0
11856,1958,2021,5,Family,85,
11857,657,2022,11,Business,103,2.0
11858,775,2020,9,Friends,30,4.0
11859,960,2023,1,Couples,14,4.0
11860,1426,2023,4,Business,67,4.0
11861,1148,2022,8,Friends,138,4.0
11862,1073,2022,12,Couples,20,4.0
11863,1674,2024,6,Family,108,4.0
11864,992,2022,12,Family,147,4.0
11865,1539,2020,1,Friends,15,5.0
11866,1822,2022,11,Couples,20,3.0
11867,1353,2021,2,Family,131,4.0
11868,71,2019,9,Solo,17,2.0
11869,527,2024,2,Family,112,3.0
11870,1236,2023,12,Business,120,3.0
11871,958,2022,3,Couples,47,4.0
11872,570,2023,5,Family,44,4.0
11873,671,2022,8,Couples,79,5.0
11874,157,2021,1,Family,76,2.0
11875,470,2024,7,Family,130,5.0
11876,1566,2022,4,Friends,89,5.0
11877,21,2021,6,Family,146,4.0
11878,1674,2023,4,Family,36,
11879,679,2019,11,Couples,43,4.0
11880,1616,2020,6,Family,37,3.0
11881,513,2019,10,Friends,98,4.0
11882,1658,2019,1,Friends,6,5.0
11883,1144,2023,9,Couples,130,5.0
11884,1703,2021,5,Business,116,3.0
11885,125,2024,8,Family,149,5.0
11886,1595,2022,11,Family,144,4.0
11887,542,2020,9,Family,11,4.0
11888,718,2020,5,Business,113,3.0
11889,90,2021,3,Couples,76,3.0
11890,1909,2019,11,Couples,111,4.0
11891,1283,2022,4,Business,132,3.0
11892,1962,2021,1,Couples,88,4.0
11893,1137,2019,4,Friends,1,3.0
11894,317,2022,1,Friends,130,3.0
11895,675,2024,9,Couples,66,3.0
11896,880,2024,11,Couples,69,
11897,295,2021,6,Business,88,3.0
11898,1864,2019,8,Solo,137,4.0
11899,1916,2024,12,Business,79,3.0
11900,1127,2022,12,Solo,32,3.0
11901,1169,2023,1,Family,110,4.0
11902,1407,2019,1,Friends,95,5.0
11903,1359,2020,5,Couples,10,4.0
11904,126,2020,4,Family,80,3.0
11905,1063,2023,2,Business,118,3.0
11906,1555,2023,2,Family,133,
11907,1614,2023,10,Family,43,4.0
11908,1193,2021,3,Friends,79,3.0
11909,1793,2020,6,Family,124,3.0
11910,1173,2020,1,Solo,88,3.0
11911,766,2020,8,Family,63,3.0
11912,886,2019,9,Family,28,4.0
11913,1381,2023,8,Business,7,3.0
11914,1773,2023,4,Business,104,4.0
11915,460,2023,1,Couples,145,4.0
11916,587,2024,5,Business,91,3.0
11917,1304,2023,10,Business,118,3.0
11918,1528,2020,2,Couples,102,4.0
11919,799,2020,10,Couples,53,4.0
11920,1287,2019,11,Family,79,4.0
11921,14,2023,8,Family,41,4.0
11922,584,2024,11,Solo,34,2.0
11923,1912,2023,4,Couples,89,4.0
11924,1153,2021,8,Business,97,3.0
11925,1737,2020,9,Friends,149,4.0
11926,436,2021,9,Friends,36,4.0
11927,582,2020,9,Couples,44,4.0
11928,1950,2019,3,BUSINESS,25,4.0
11929,1996,2021,11,Friends,143,3.0
11930,1754,2020,9,Solo,118,2.0
11931,635,2023,2,Solo,50,4.0
11932,1603,2024,8,Couples,146,4.0
11933,918,2020,11,Business,106,3.0
11934,1688,2019,1,Couples,72,5.0
11935,1703,2024,11,Family,58,5.0
11936,870,2020,4,Business,86,3.0
11937,610,2020,4,Couples,13,3.0
11938,1950,2024,6,Solo,26,3.0
11939,902,2024,9,Business,141,4.0
11940,864,2022,2,Couples,31,5.0
11941,1332,2019,4,Family,25,5.0
11942,1874,2023,10,Solo,129,3.0
11943,261,2023,3,Solo,142,3.0
11944,1969,2021,5,Couples,123,4.0
11945,845,2022,8,Family,16,4.0
11946,52,2022,4,Solo,126,3.0
11947,619,2022,1,Family,41,3.0
11948,925,2022,7,Couples,2,4.0
11949,1354,2024,2,Family,139,4.0
11950,1133,2019,5,Family,41,5.0
11951,272,2019,8,Family,99,3.0
11952,977,2019,9,Family,12,4.0
11953,466,2019,12,Business,29,3.0
11954,540,2021,11,Friends,133,3.0
11955,1423,2019,1,Couples,89,3.0
11956,1607,2020,6,Couples,150,4.0
11957,313,2022,1,Family,28,4.0
11958,1205,2024,10,Family,134,5.0
11959,845,2023,1,Family,132,3.0
11960,674,2020,10,Friends,139,5.0
11961,1426,2019,1,Friends,8,4.0
11962,498,2023,2,Family,16,
11963,1531,2023,12,Family,80,3.0
11964,802,2024,3,Family,18,5.0
11965,190,2021,6,Couples,10,4.0
11966,1585,2019,7,Family,122,3.0
11967,1704,2024,9,Family,105,3.0
11968,1127,2020,12,Friends,127,4.0
11969,1448,2021,5,Friends,141,3.0
11970,296,2021,8,Couples,22,4.0
11971,679,2024,12,Solo,125,3.0
11972,700,2021,2,Solo,7,3.0
11973,1528,2022,6,Couples,56,4.0
11974,705,2022,4,Solo,45,5.0
11975,1457,2024,12,Family,36,4.0
11976,614,2024,8,Couples,108,5.0
11977,1202,2022,8,Friends,19,4.0
11978,420,2019,3,Business,122,2.0
11979,1117,2021,12,Family,132,5.0
11980,162,2022,1,Friends,100,3.0
11981,1470,2023,6,Couples,13,4.0
11982,59,2023,9,Couples,90,4.0
11983,1999,2021,11,Couples,95,4.0
11984,1678,2023,4,FAMILY,56,4.0
11985,1158,2020,5,Family,56,3.0
11986,1820,2022,1,Friends,71,5.0
11987,1618,2021,8,Friends,150,4.0
11988,286,2023,3,Family,1,4.0
11989,1489,2024,8,Family,77,5.0
11990,755,2023,2,Couples,48,3.0
11991,1712,2023,6,Family,83,3.0
11992,1728,2023,6,Business,1,4.0
11993,1910,2020,7,Family,138,4.0
11994,902,2020,4,Family,69,3.0
11995,387,2024,3,Family,146,4.0
11996,251,2022,10,Business,24,4.0
11997,331,2021,11,Family,88,
11998,1984,2022,4,Friends,102,4.0
11999,1173,2019,6,Friends,120,4.0
12000,704,2019,2,Family,2,4.0
12001,899,2019,2,Friends,96,4.0
12002,346,2022,5,Friends,23,3.0
12003,1142,2019,9,Friends,65,4.0
12004,852,2019,9,Friends,9,2.0
12005,1597,2023,9,Friends,9,3.0
12006,43,2023,2,Friends,115,3.0
12007,1864,2020,1,Business,108,3.0
12008,122,2023,4,Family,135,4.0
12009,835,2019,4,Friends,106,4.0
12010,682,2021,7,Business,90,3.0
12011,1436,2021,8,Couples,18,3.0
12012,1317,2021,3,Family,115,3.0
12013,394,2024,10,Family,35,4.0
12014,982,2019,9,Friends,16,4.0
12015,1070,2022,4,Family,110,4.0
12016,928,2020,8,Couples,89,5.0
12017,44,2021,4,Friends,23,4.0
12018,357,2020,1,Couples,83,4.0
12019,1008,2023,9,Friends,104,3.0
12020,521,2019,2,Family,75,4.0
12021,1091,2019,3,Business,108,4.0
12022,328,2020,4,Family,76,3.0
12023,1471,2024,11,Family,54,2.0
12024,377,2019,8,Friends,34,4.0
12025,1299,2020,10,Family,39,4.0
12026,1674,2021,11,Solo,122,3.0
12027,717,2019,11,Couples,56,3.0
12028,279,2022,8,Couples,108,3.0
12029,12,2021,5,Family,54,4.0
12030,722,2022,5,Family,79,4.0
12031,231,2019,2,Business,92,4.0
12032,1764,2020,8,Business,72,4.0
12033,1947,2020,8,Family,112,4.0
12034,1962,2023,12,Couples,139,5.0
12035,1845,2023,3,Friends,130,4.0
12036,1174,2019,10,Couples,139,3.0
12037,651,2021,4,Family,5,3.0
12038,894,2023,1,Family,114,3.0
12039,518,2019,5,Solo,109,3.0
12040,1681,2019,12,Business,62,4.0
12041,873,2022,6,Couples,48,4.0
12042,771,2022,3,Business,8,3.0
12043,1380,2023,4,Solo,126,3.0
12044,748,2021,9,Business,127,4.0
12045,714,2024,4,Friends,12,4.0
12046,455,2019,3,Family,88,4.0
12047,135,2019,3,Friends,83,3.0
12048,76,2022,1,Couples,26,5.0
12049,806,2024,9,Family,83,3.0
12050,1991,2019,4,Solo,122,3.0
12051,522,2023,4,Business,49,4.0
12052,1283,2024,4,Family,109,4.0
12053,650,2022,9,Solo,146,3.0
12054,606,2023,11,Business,69,3.0
12055,326,2020,9,Friends,17,3.0
12056,1127,2023,7,Couples,45,4.0
12057,1318,2021,9,Couples,21,
12058,701,2020,3,Couples,53,5.0
12059,1054,2020,11,Friends,97,4.0
12060,953,2024,8,Business,31,4.0
12061,542,2023,12,Family,78,4.0
12062,1384,2023,4,Family,150,3.0
12063,1108,2023,2,Business,40,3.0
12064,132,2020,9,Couples,132,3.0
12065,986,2020,4,Couples,46,4.0
12066,779,2022,3,Business,93,3.0
12067,1592,2020,10,Family,24,3.0
12068,614,2022,7,Family,41,4.0
12069,1912,2024,10,Solo,131,4.0
12070,1231,2023,3,Friends,89,4.0
12071,262,2021,1,Solo,86,3.0
12072,807,2024,5,Friends,77,4.0
12073,1768,2022,12,Solo,37,2.0
12074,510,2021,8,Couples,140,4.0
12075,1410,2024,11,Couples,60,4.0
12076,1567,2021,11,Couples,2,5.0
12077,1386,2020,11,Family,137,5.0
12078,181,2019,6,Friends,7,5.0
12079,749,2022,3,Family,134,3.0
12080,697,2022,11,Solo,40,3.0
12081,688,2023,7,Couples,11,3.0
12082,1758,2019,4,Family,34,4.0
12083,12,2020,6,Family,99,4.0
12084,1079,2019,10,Couples,82,4.0
12085,1965,2020,5,Friends,23,5.0
12086,1752,2024,10,Family,46,4.0
12087,1214,2024,3,Couples,32,3.0
12088,1996,2021,4,Family,98,4.0
12089,805,2019,2,Family,130,5.0
12090,1223,2024,11,Friends,39,4.0
12091,1088,2019,11,Family,135,4.0
12092,95,2019,3,Friends,62,4.0
12093,82,2021,7,Couples,13,5.0
12094,1794,2024,10,Couples,49,4.0
12095,348,2023,8,Business,132,3.0
12096,710,2021,8,Family,122,2.0
12097,1247,2021,4,Couples,110,4.0
12098,1152,2019,1,Family,60,4.0
12099,1029,2020,12,Solo,117,4.0
12100,1959,2023,11,Solo,107,4.0
12101,1575,2021,12,Couples,119,4.0
12102,1884,2024,1,Friends,84,3.0
12103,1318,2021,9,Solo,77,4.0
12104,1959,2024,4,FAMILY,146,4.0
12105,1203,2023,4,Couples,143,4.0
12106,1084,2022,5,Couples,81,3.0
12107,1631,2024,3,Couples,31,2.0
12108,1738,2024,8,Friends,62,3.0
12109,137,2020,8,Couples,76,2.0
12110,1822,2020,12,COUPLES,102,3.0
12111,1382,2023,10,Friends,48,4.0
12112,1796,2019,9,Friends,7,4.0
12113,1432,2023,12,Couples,124,2.0
12114,1854,2021,6,Family,143,3.0
12115,551,2023,1,Family,13,4.0
12116,376,2019,11,Couples,48,3.0
12117,392,2022,5,Family,66,4.0
12118,505,2022,6,Friends,115,4.0
12119,428,2019,5,Business,117,3.0
12120,884,2022,11,Business,52,4.0
12121,397,2022,5,SOLO,47,5.0
12122,317,2021,9,Solo,61,2.0
12123,1048,2022,9,Family,37,4.0
12124,1587,2020,7,Business,66,5.0
12125,272,2022,7,Business,40,4.0
12126,1023,2020,1,Couples,10,3.0
12127,1319,2020,11,Couples,108,4.0
12128,1412,2019,5,Family,119,3.0
12129,211,2019,3,Business,44,3.0
12130,1468,2019,3,Business,61,2.0
12131,54,2020,5,Friends,61,3.0
12132,474,2023,8,Couples,4,3.0
12133,639,2020,7,Couples,82,4.0
12134,1707,2021,11,Family,69,4.0
12135,384,2020,10,Business,142,3.0
12136,1565,2021,5,Family,56,4.0
12137,1978,2020,10,BUSINESS,120,3.0
12138,1920,2020,9,Couples,59,4.0
12139,606,2019,11,Family,28,3.0
12140,192,2022,1,Family,53,3.0
12141,445,2020,7,Couples,133,4.0
12142,1538,2022,8,FRIENDS,39,3.0
12143,394,2024,3,Solo,127,4.0
12144,1292,2021,8,Family,100,3.0
12145,748,2022,9,Couples,112,3.0
12146,1534,2023,2,Business,113,3.0
12147,1212,2021,12,Solo,78,4.0
12148,1172,2019,12,BUSINESS,91,5.0
12149,1564,2023,4,Couples,11,5.0
12150,1910,2022,3,Couples,105,3.0
12151,730,2021,3,Couples,107,5.0
12152,1058,2021,1,Business,16,3.0
12153,1252,2019,1,Couples,78,3.0
12154,1647,2022,4,Friends,77,5.0
12155,965,2022,8,Couples,47,4.0
12156,750,2022,9,Friends,10,4.0
12157,1693,2020,7,Family,2,3.0
12158,1907,2019,8,Business,32,3.0
12159,1139,2022,2,Friends,35,3.0
12160,207,2022,12,Family,32,4.0
12161,580,2020,3,Family,91,4.0
12162,926,2019,5,Couples,64,5.0
12163,1408,2021,8,Family,17,3.0
12164,1340,2019,2,Friends,13,
12165,1641,2020,6,Solo,99,4.0
12166,60,2022,12,Family,141,4.0
12167,931,2020,3,Family,123,3.0
12168,1403,2021,8,Friends,114,4.0
12169,1975,2023,8,Business,48,4.0
12170,285,2020,1,Family,106,5.0
12171,1759,2020,1,Friends,13,3.0
12172,16,2020,2,Couples,26,4.0
12173,394,2021,1,Business,21,3.0
12174,1694,2022,7,Business,28,4.0
12175,1574,2019,4,Couples,54,4.0
12176,1946,2021,8,Friends,7,3.0
12177,1202,2023,4,Friends,123,3.0
12178,1232,2024,5,Friends,108,4.0
12179,1070,2022,2,Solo,96,4.0
12180,1024,2022,10,Couples,27,5.0
12181,1028,2023,2,Friends,131,3.0
12182,586,2023,11,Couples,1,5.0
12183,1707,2022,3,Friends,150,4.0
12184,714,2022,12,Family,110,5.0
12185,1222,2024,9,Solo,31,4.0
12186,1339,2023,10,Friends,30,3.0
12187,1076,2020,10,Business,105,3.0
12188,1223,2021,6,Family,122,2.0
12189,98,2023,3,Business,70,3.0
12190,632,2022,9,Family,10,3.0
12191,897,2021,8,Couples,75,3.0
12192,789,2022,10,FAMILY,72,3.0
12193,1817,2021,3,Friends,49,3.0
12194,1795,2023,10,Couples,136,
12195,1424,2023,11,Couples,52,4.0
12196,705,2024,9,Couples,37,4.0
12197,102,2024,4,Couples,102,3.0
12198,1511,2023,3,Couples,93,3.0
12199,1768,2023,2,Family,94,4.0
12200,980,2023,10,Friends,76,2.0
12201,1654,2020,6,Family,48,4.0
12202,1862,2024,4,Couples,39,4.0
12203,1094,2022,2,Family,18,4.0
12204,420,2024,6,Solo,28,3.0
12205,45,2020,3,Couples,87,4.0
12206,1514,2020,11,Family,61,4.0
12207,1125,2022,5,Family,111,3.0
12208,308,2022,6,Couples,121,4.0
12209,110,2021,8,Couples,84,3.0
12210,1939,2020,9,Family,16,3.0
12211,641,2020,2,Couples,1,4.0
12212,655,2023,1,Family,35,4.0
12213,1258,2019,4,Couples,43,4.0
12214,729,2019,9,Couples,12,3.0
12215,1826,2024,11,Family,117,5.0
12216,1362,2024,12,Couples,56,4.0
12217,716,2019,4,Couples,112,4.0
12218,534,2019,10,Family,32,3.0
12219,1721,2020,3,Family,2,4.0
12220,1184,2022,3,Friends,21,4.0
12221,1837,2020,7,Friends,71,3.0
12222,691,2024,2,Family,72,4.0
12223,43,2021,1,Business,66,3.0
12224,1799,2022,12,Couples,144,3.0
12225,479,2020,10,Business,98,3.0
12226,1691,2020,9,Couples,110,4.0
12227,1420,2023,3,Business,19,3.0
12228,464,2022,1,Friends,70,4.0
12229,1514,2020,2,Family,94,3.0
12230,164,2021,6,Business,88,2.0
12231,785,2020,10,Family,143,4.0
12232,714,2021,8,Friends,72,4.0
12233,1314,2020,11,Business,56,3.0
12234,1070,2024,11,BUSINESS,142,3.0
12235,1225,2020,9,Family,51,4.0
12236,953,2021,2,Business,86,3.0
12237,1480,2022,3,Business,5,4.0
12238,321,2019,5,Family,25,4.0
12239,1438,2020,7,Family,9,3.0
12240,101,2024,10,Friends,63,4.0
12241,172,2023,12,Business,140,4.0
12242,1448,2020,12,Friends,11,2.0
12243,317,2021,6,Business,147,1.0
12244,1541,2024,12,Couples,131,5.0
12245,266,2020,12,Business,1,3.0
12246,294,2020,2,Couples,3,4.0
12247,1865,2020,9,Friends,136,2.0
12248,355,2022,6,Business,88,3.0
12249,1828,2022,11,Couples,27,3.0
12250,697,2022,11,Family,144,4.0
12251,1595,2021,3,Business,85,3.0
12252,1879,2020,8,Family,96,3.0
12253,234,2022,12,Friends,102,4.0
12254,661,2023,9,Business,31,4.0
12255,1149,2023,11,Business,54,3.0
12256,1732,2023,9,Family,20,4.0
12257,375,2019,10,Friends,80,2.0
12258,374,2021,11,Solo,149,4.0
12259,737,2021,12,Friends,95,4.0
12260,410,2024,3,Family,104,4.0
12261,535,2021,10,Family,30,5.0
12262,260,2020,5,Friends,82,4.0
12263,1658,2020,7,Friends,150,3.0
12264,1594,2020,8,Couples,14,4.0
12265,289,2021,8,Friends,31,3.0
12266,1074,2020,3,Friends,108,3.0
12267,1293,2022,10,Solo,2,3.0
12268,1256,2020,9,Friends,31,5.0
12269,1968,2022,9,FRIENDS,142,3.0
12270,1283,2022,8,Solo,3,4.0
12271,1375,2023,8,Couples,65,4.0
12272,66,2024,4,Family,50,5.0
12273,159,2019,8,Friends,60,4.0
12274,1238,2019,4,Family,39,4.0
12275,1816,2021,11,Solo,42,4.0
12276,799,2022,1,Business,115,3.0
12277,1287,2023,1,Couples,4,4.0
12278,421,2020,9,Couples,20,3.0
12279,913,2021,9,Business,40,3.0
12280,1503,2022,7,Family,124,3.0
12281,1320,2022,7,Family,59,2.0
12282,229,2022,1,Couples,6,3.0
12283,1759,2022,11,Friends,79,5.0
12284,1855,2019,11,Family,95,4.0
12285,955,2021,3,Business,69,3.0
12286,682,2022,1,Family,14,3.0
12287,1063,2019,7,Friends,132,4.0
12288,1603,2024,4,Business,129,3.0
12289,905,2022,2,Friends,137,5.0
12290,61,2023,2,Family,145,5.0
12291,146,2022,8,Friends,48,4.0
12292,1624,2024,5,Couples,64,4.0
12293,1575,2019,10,Friends,144,3.0
12294,1545,2024,4,Couples,68,4.0
12295,253,2020,8,Friends,130,4.0
12296,342,2024,4,Couples,98,4.0
12297,790,2019,7,Couples,140,5.0
12298,462,2020,9,Family,2,4.0
12299,774,2022,5,Couples,106,4.0
12300,1117,2022,11,Couples,121,5.0
12301,561,2019,8,Business,30,3.0
12302,247,2021,3,Friends,111,3.0
12303,806,2024,11,Family,30,4.0
12304,1446,2020,6,Couples,136,4.0
12305,1237,2024,9,COUPLES,137,4.0
12306,643,2023,5,Family,1,3.0
12307,623,2024,1,FAMILY,77,5.0
12308,1168,2024,7,Business,58,4.0
12309,346,2020,7,Business,134,3.0
12310,1668,2024,9,Family,49,4.0
12311,1739,2021,9,Couples,109,4.0
12312,51,2020,9,Solo,18,2.0
12313,1942,2024,7,Couples,32,4.0
12314,47,2021,1,Couples,148,3.0
12315,918,2023,8,Business,58,3.0
12316,1335,2022,12,Family,115,5.0
12317,655,2020,11,Couples,146,3.0
12318,408,2024,1,Couples,145,5.0
12319,95,2024,11,Business,3,4.0
12320,1455,2022,2,Business,35,3.0
12321,74,2022,1,COUPLES,108,4.0
12322,969,2019,1,Couples,140,4.0
12323,786,2023,7,Family,147,3.0
12324,1936,2024,3,Business,109,3.0
12325,1861,2024,8,Couples,16,3.0
12326,1636,2022,6,Solo,112,4.0
12327,1462,2024,11,FAMILY,41,4.0
12328,1086,2023,3,SOLO,122,2.0
12329,699,2022,4,Business,83,4.0
12330,334,2023,7,Family,28,4.0
12331,1937,2019,2,Couples,127,5.0
12332,770,2023,6,Solo,149,
12333,858,2022,8,Solo,76,4.0
12334,283,2021,8,Family,122,5.0
12335,554,2022,6,Couples,9,4.0
12336,1270,2024,2,Family,41,
12337,853,2022,4,Friends,20,4.0
12338,1172,2021,1,Family,43,3.0
12339,424,2021,12,Friends,57,3.0
12340,165,2022,7,Family,65,3.0
12341,1772,2022,4,Business,49,3.0
12342,865,2020,4,Friends,82,4.0
12343,723,2022,1,Couples,33,4.0
12344,573,2020,6,Friends,53,
12345,1316,2024,1,Couples,127,5.0
12346,1127,2022,9,Family,85,4.0
12347,779,2024,3,Couples,5,4.0
12348,1862,2021,2,Business,50,4.0
12349,1804,2021,2,Friends,125,3.0
12350,398,2020,1,Friends,28,4.0
12351,1285,2022,5,Solo,139,3.0
12352,1937,2022,1,Family,45,3.0
12353,977,2022,1,Couples,95,4.0
12354,61,2024,3,Couples,72,5.0
12355,265,2022,7,Couples,94,3.0
12356,1336,2023,3,Couples,120,3.0
12357,1804,2019,5,Family,23,4.0
12358,257,2021,6,Couples,53,4.0
12359,1094,2023,8,Solo,86,3.0
12360,994,2021,1,Business,40,3.0
12361,571,2023,12,Friends,57,3.0
12362,1264,2022,2,Family,133,4.0
12363,1756,2021,12,Family,35,4.0
12364,479,2022,4,Family,29,3.0
12365,109,2024,6,Solo,88,3.0
12366,719,2023,1,Family,15,3.0
12367,629,2024,5,COUPLES,1,3.0
12368,1455,2019,11,Couples,131,4.0
12369,1074,2023,9,Friends,42,4.0
12370,36,2024,8,Family,19,4.0
12371,680,2024,5,Friends,99,3.0
12372,1471,2022,12,Couples,73,4.0
12373,954,2021,10,Friends,69,3.0
12374,1126,2022,4,Family,66,4.0
12375,529,2024,8,Family,22,4.0
12376,639,2024,5,Solo,129,3.0
12377,261,2024,3,Family,1,4.0
12378,164,2024,8,Couples,73,4.0
12379,74,2022,5,Family,41,3.0
12380,1249,2020,2,Business,97,3.0
12381,316,2019,11,Couples,83,2.0
12382,1148,2024,8,Family,58,4.0
12383,1906,2019,7,Business,81,3.0
12384,1395,2019,12,Family,35,5.0
12385,1151,2021,9,Family,20,2.0
12386,234,2023,12,Couples,136,4.0
12387,978,2023,9,Couples,93,2.0
12388,1783,2020,3,FAMILY,99,4.0
12389,769,2022,6,Solo,150,3.0
12390,1653,2024,7,Couples,136,
12391,1417,2023,4,Couples,88,4.0
12392,534,2024,4,Solo,119,4.0
12393,283,2023,8,Friends,80,4.0
12394,34,2019,5,Solo,36,4.0
12395,553,2020,2,Business,94,3.0
12396,666,2020,7,SOLO,137,3.0
12397,1312,2019,8,Friends,132,4.0
12398,1146,2024,10,Couples,76,4.0
12399,959,2023,2,Family,142,3.0
12400,1446,2024,6,Couples,30,3.0
12401,1541,2020,11,Family,7,3.0
12402,1427,2024,4,Family,61,3.0
12403,1795,2024,9,Business,31,4.0
12404,720,2019,5,Solo,144,4.0
12405,1647,2024,3,Solo,18,4.0
12406,842,2019,9,Friends,81,4.0
12407,369,2021,10,Business,116,4.0
12408,292,2020,11,Family,17,4.0
12409,183,2022,9,Friends,7,4.0
12410,1912,2019,4,Business,84,3.0
12411,339,2024,9,Family,136,4.0
12412,1671,2021,1,Couples,3,3.0
12413,1568,2024,5,Family,4,3.0
12414,879,2021,3,Family,139,3.0
12415,1828,2022,7,Friends,91,4.0
12416,1817,2023,9,Family,106,4.0
12417,1851,2024,8,Friends,42,3.0
12418,994,2021,3,Couples,47,4.0
12419,597,2022,5,Family,71,4.0
12420,88,2020,2,Friends,33,3.0
12421,1681,2019,7,Friends,67,4.0
12422,1746,2024,9,Friends,144,4.0
12423,1073,2022,3,Family,113,
12424,142,2021,7,Family,131,5.0
12425,1646,2023,11,Solo,75,3.0
12426,597,2023,2,Couples,119,3.0
12427,1097,2024,12,Friends,64,4.0
12428,1319,2021,4,Family,93,3.0
12429,292,2019,4,Friends,110,4.0
12430,126,2021,9,Family,124,4.0
12431,159,2021,5,FAMILY,139,4.0
12432,1919,2020,5,BUSINESS,16,4.0
12433,1915,2022,3,Solo,120,3.0
12434,854,2021,2,Couples,107,4.0
12435,852,2024,11,Family,111,
12436,814,2019,2,Couples,3,2.0
12437,702,2023,2,Family,74,2.0
12438,1088,2022,10,COUPLES,145,5.0
12439,713,2020,10,Family,136,4.0
12440,1233,2021,3,Friends,35,3.0
12441,758,2024,10,Family,73,5.0
12442,1260,2021,9,Business,130,2.0
12443,1890,2022,4,Friends,140,3.0
12444,412,2022,1,Family,50,
12445,126,2024,10,Couples,121,5.0
12446,1054,2022,9,Couples,126,5.0
12447,239,2024,6,Friends,23,4.0
12448,463,2024,4,Solo,5,3.0
12449,1580,2019,5,Friends,8,5.0
12450,836,2024,4,Friends,22,5.0
12451,1099,2024,11,Family,112,4.0
12452,1553,2019,3,Family,59,3.0
12453,258,2021,6,Friends,103,4.0
12454,958,2020,8,Couples,14,3.0
12455,69,2024,1,Friends,91,5.0
12456,999,2021,7,Family,112,4.0
12457,449,2020,8,Couples,147,3.0
12458,1823,2019,7,Couples,48,4.0
12459,522,2023,8,Couples,82,4.0
12460,401,2019,6,Business,73,4.0
12461,29,2020,8,Family,53,4.0
12462,267,2022,12,Couples,96,3.0
12463,433,2019,5,Business,85,4.0
12464,457,2020,5,Couples,125,5.0
12465,1477,2024,9,Family,5,5.0
12466,1776,2021,2,Friends,34,3.0
12467,1711,2020,4,Family,87,2.0
12468,1913,2024,2,Family,87,3.0
12469,1797,2019,6,Family,136,4.0
12470,911,2020,2,Family,102,4.0
12471,780,2024,3,Solo,1,4.0
12472,1299,2023,6,Family,74,4.0
12473,639,2021,8,Family,127,5.0
12474,1208,2024,6,Friends,131,4.0
12475,2000,2022,10,Family,121,3.0
12476,397,2023,10,Family,72,3.0
12477,1539,2024,2,Friends,16,4.0
12478,1871,2022,9,Couples,32,4.0
12479,1075,2021,1,Family,128,4.0
12480,713,2022,3,Friends,52,2.0
12481,510,2019,10,Family,115,4.0
12482,336,2021,7,Couples,6,3.0
12483,643,2023,4,Family,74,4.0
12484,1494,2021,2,Friends,143,3.0
12485,1031,2023,4,Family,37,4.0
12486,443,2021,10,Solo,5,3.0
12487,1085,2020,7,Business,44,3.0
12488,1619,2019,2,Family,10,4.0
12489,28,2022,6,Couples,92,4.0
12490,42,2020,3,Family,29,5.0
12491,1919,2021,2,Solo,37,3.0
12492,1497,2022,2,Family,89,4.0
12493,1152,2019,10,Family,49,3.0
12494,1813,2021,2,Friends,98,4.0
12495,1179,2020,3,Family,140,5.0
12496,1042,2020,11,Family,140,5.0
12497,423,2024,10,Couples,110,3.0
12498,1622,2024,7,Family,146,4.0
12499,1530,2020,10,Friends,111,3.0
12500,592,2024,1,Family,11,4.0
12501,1475,2020,3,Couples,144,3.0
12502,1455,2021,5,Business,86,3.0
12503,191,2024,10,Couples,1,4.0
12504,321,2019,2,Friends,94,2.0
12505,1190,2021,8,Solo,37,2.0
12506,1248,2023,1,Family,81,4.0
12507,1317,2024,12,Friends,99,5.0
12508,747,2024,3,Business,5,3.0
12509,1672,2024,9,Friends,66,3.0
12510,892,2024,8,Couples,9,4.0
12511,413,2021,5,Couples,17,4.0
12512,231,2020,10,Couples,32,4.0
12513,1756,2021,8,Family,118,3.0
12514,1415,2019,6,Family,62,3.0
12515,923,2019,8,Business,8,4.0
12516,419,2024,4,Couples,113,4.0
12517,194,2020,9,Friends,82,4.0
12518,306,2022,9,Friends,22,
12519,212,2020,6,Couples,85,4.0
12520,1059,2022,8,Couples,38,3.0
12521,396,2021,10,Family,96,3.0
12522,256,2019,8,Family,143,4.0
12523,566,2021,4,Family,48,4.0
12524,1399,2023,4,Family,112,3.0
12525,993,2023,12,Family,4,4.0
12526,308,2020,10,Family,62,3.0
12527,1498,2020,4,Friends,134,4.0
12528,980,2023,9,Friends,12,4.0
12529,374,2021,1,Family,140,5.0
12530,1383,2019,9,Couples,15,5.0
12531,1986,2019,3,Solo,73,4.0
12532,1081,2021,4,Business,28,3.0
12533,324,2020,12,Solo,4,3.0
12534,620,2019,2,Family,53,3.0
12535,1199,2023,10,Friends,88,3.0
12536,1999,2021,5,Family,109,3.0
12537,1858,2023,6,Couples,48,3.0
12538,1867,2019,6,Couples,74,
12539,1666,2021,11,Business,28,4.0
12540,1150,2021,7,Couples,110,4.0
12541,1296,2022,3,Couples,26,3.0
12542,1468,2024,1,Family,130,5.0
12543,1431,2021,3,Friends,27,5.0
12544,1278,2021,2,Business,100,3.0
12545,269,2024,2,Friends,50,3.0
12546,1760,2021,12,Couples,150,3.0
12547,20,2021,6,Family,43,4.0
12548,852,2019,12,Family,143,4.0
12549,869,2023,7,Friends,126,4.0
12550,1993,2019,3,Business,71,3.0
12551,180,2020,2,Business,75,4.0
12552,952,2021,10,COUPLES,54,3.0
12553,716,2021,2,Solo,65,3.0
12554,196,2019,1,Couples,70,4.0
12555,448,2022,5,Family,22,5.0
12556,845,2024,4,Couples,49,3.0
12557,1833,2019,3,Family,132,3.0
12558,777,2021,7,Family,147,3.0
12559,1761,2022,7,Couples,9,4.0
12560,1468,2020,6,Couples,110,5.0
12561,1638,2022,7,COUPLES,36,5.0
12562,1708,2021,9,Couples,99,4.0
12563,1428,2019,2,Family,94,4.0
12564,1467,2024,5,Friends,132,4.0
12565,309,2024,1,Couples,106,5.0
12566,1435,2021,12,Couples,124,2.0
12567,97,2019,8,Couples,121,4.0
12568,1475,2019,10,FRIENDS,98,3.0
12569,1308,2024,10,Couples,62,4.0
12570,1514,2024,1,Friends,51,3.0
12571,1285,2021,6,Couples,53,4.0
12572,738,2024,11,Couples,54,3.0
12573,739,2020,7,Couples,44,5.0
12574,1193,2021,8,Family,47,3.0
12575,946,2019,12,Family,86,3.0
12576,682,2022,9,Couples,41,5.0
12577,979,2023,10,Solo,53,
12578,1074,2024,10,Family,107,4.0
12579,480,2023,5,Friends,50,3.0
12580,1277,2022,12,Friends,16,3.0
12581,629,2023,11,FAMILY,3,3.0
12582,536,2022,1,Friends,115,3.0
12583,837,2021,7,Family,143,3.0
12584,207,2022,3,Family,103,3.0
12585,1207,2020,7,Friends,10,3.0
12586,1467,2019,10,Family,85,5.0
12587,1912,2023,9,Family,41,3.0
12588,568,2021,10,Business,49,3.0
12589,1077,2024,6,Solo,139,4.0
12590,1008,2019,1,Business,124,3.0
12591,1463,2021,11,Business,111,4.0
12592,1250,2020,1,Business,76,3.0
12593,1615,2024,3,Family,87,4.0
12594,1702,2021,9,Couples,138,5.0
12595,228,2022,6,FRIENDS,100,
12596,711,2019,6,Family,87,5.0
12597,1307,2022,1,Friends,15,4.0
12598,1088,2021,3,Business,150,4.0
12599,965,2022,9,Family,122,3.0
12600,347,2022,7,Family,55,
12601,1145,2019,4,Couples,38,4.0
12602,1482,2019,5,Couples,146,4.0
12603,77,2019,6,Friends,144,4.0
12604,1184,2020,12,Family,64,4.0
12605,1813,2023,11,Solo,35,3.0
12606,1148,2020,6,Family,120,4.0
12607,1906,2024,3,Couples,94,4.0
12608,706,2019,7,Friends,136,3.0
12609,7,2022,1,Solo,82,3.0
12610,1365,2023,8,FAMILY,83,4.0
12611,426,2019,7,Business,22,3.0
12612,20,2022,11,Couples,91,4.0
12613,361,2019,6,Friends,55,3.0
12614,1869,2023,7,Business,31,4.0
12615,1563,2021,1,Couples,118,3.0
12616,551,2024,10,Couples,52,3.0
12617,1197,2022,4,Friends,32,4.0
12618,679,2020,10,Family,145,3.0
12619,355,2019,3,Family,145,3.0
12620,1977,2019,5,Family,75,
12621,1628,2019,4,Friends,45,4.0
12622,727,2020,11,Couples,25,5.0
12623,707,2023,10,Couples,95,4.0
12624,1632,2021,9,Couples,92,5.0
12625,922,2019,4,Couples,93,3.0
12626,754,2019,9,Business,116,3.0
12627,775,2021,6,Family,71,4.0
12628,894,2020,9,Couples,103,4.0
12629,1043,2023,4,Friends,99,4.0
12630,81,2021,7,Business,120,4.0
12631,961,2019,12,Solo,112,3.0
12632,880,2020,1,Business,6,4.0
12633,550,2021,10,Couples,93,3.0
12634,711,2019,9,Friends,147,4.0
12635,850,2019,6,Friends,84,4.0
12636,733,2024,11,Business,80,3.0
12637,1817,2021,9,Friends,91,4.0
12638,1058,2023,7,Friends,84,4.0
12639,1006,2024,4,Family,61,4.0
12640,526,2019,9,Family,150,2.0
12641,1833,2023,1,Couples,11,5.0
12642,47,2023,4,Couples,123,5.0
12643,1101,2019,6,Business,24,4.0
12644,338,2020,3,Business,31,3.0
12645,1538,2019,7,Family,92,5.0
12646,757,2019,11,Business,96,3.0
12647,588,2020,5,BUSINESS,140,4.0
12648,116,2020,5,Business,45,4.0
12649,1581,2024,5,Family,4,4.0
12650,793,2020,9,Family,39,5.0
12651,529,2023,9,Friends,82,3.0
12652,1689,2019,3,Solo,54,3.0
12653,40,2022,11,Solo,38,3.0
12654,938,2023,8,Couples,138,5.0
12655,322,2019,11,Couples,85,4.0
12656,254,2021,11,Family,101,4.0
12657,44,2024,7,Business,113,4.0
12658,375,2022,9,Couples,62,5.0
12659,1895,2023,8,Friends,111,4.0
12660,892,2021,8,Family,145,4.0
12661,2000,2020,7,Family,109,3.0
12662,535,2021,3,Friends,45,3.0
12663,1525,2021,5,Friends,117,3.0
12664,180,2024,9,Friends,36,3.0
12665,217,2021,9,Friends,11,4.0
12666,33,2022,6,Couples,67,5.0
12667,1798,2022,2,Family,77,5.0
12668,1344,2021,2,Business,71,2.0
12669,1488,2021,11,Solo,40,3.0
12670,1855,2024,2,COUPLES,41,4.0
12671,665,2020,4,Couples,139,3.0
12672,1446,2021,1,Solo,44,4.0
12673,1005,2023,3,Family,118,4.0
12674,1086,2019,11,Couples,39,4.0
12675,1324,2023,4,Business,17,3.0
12676,940,2023,11,Family,10,4.0
12677,49,2021,10,Family,37,4.0
12678,151,2022,9,Family,127,4.0
12679,1004,2021,4,Couples,69,3.0
12680,1140,2022,12,Friends,105,3.0
12681,1465,2019,8,Couples,145,5.0
12682,1145,2022,10,Solo,8,4.0
12683,377,2021,5,Family,17,3.0
12684,734,2019,8,Solo,139,3.0
12685,888,2023,8,BUSINESS,86,2.0
12686,1968,2019,8,SOLO,93,2.0
12687,1066,2022,8,Friends,52,5.0
12688,1270,2024,9,Family,125,3.0
12689,1472,2024,12,Solo,97,4.0
12690,725,2022,11,Friends,39,4.0
12691,1929,2023,4,Solo,98,3.0
12692,1350,2022,11,Friends,1,4.0
12693,1697,2023,5,Solo,37,3.0
12694,1499,2024,3,Couples,31,4.0
12695,1244,2021,3,Couples,118,4.0
12696,62,2021,9,Family,111,4.0
12697,1168,2020,6,FRIENDS,14,3.0
12698,260,2024,10,Couples,136,4.0
12699,1207,2024,11,Family,123,3.0
12700,1403,2023,7,Couples,66,4.0
12701,1091,2022,3,Solo,32,3.0
12702,617,2020,2,Friends,64,4.0
12703,119,2024,12,Business,89,3.0
12704,1343,2019,4,Business,95,4.0
12705,1397,2022,1,Solo,53,4.0
12706,956,2020,5,Couples,16,2.0
12707,1433,2021,10,Family,92,4.0
12708,1559,2019,2,Solo,106,4.0
12709,1025,2019,9,Solo,41,3.0
12710,96,2021,5,Business,96,4.0
12711,1741,2021,11,Family,86,3.0
12712,934,2024,6,Solo,76,3.0
12713,1345,2022,7,Couples,2,5.0
12714,1822,2019,6,Family,47,4.0
12715,726,2024,9,Friends,57,3.0
12716,1244,2022,1,Business,126,3.0
12717,40,2023,1,Couples,124,4.0
12718,1771,2024,7,Couples,132,4.0
12719,119,2022,5,BUSINESS,70,3.0
12720,1083,2020,3,Business,50,4.0
12721,704,2021,10,Couples,75,4.0
12722,72,2023,9,Family,119,2.0
12723,925,2019,2,Solo,94,3.0
12724,1872,2024,3,Solo,91,5.0
12725,334,2021,10,Friends,66,4.0
12726,585,2022,6,Friends,105,4.0
12727,379,2024,4,Business,131,3.0
12728,250,2024,7,Family,101,3.0
12729,461,2023,5,Friends,61,4.0
12730,1144,2020,2,Solo,126,4.0
12731,1562,2022,8,Family,142,4.0
12732,1381,2022,9,Friends,120,4.0
12733,1543,2024,1,Solo,132,3.0
12734,1432,2019,3,Family,40,3.0
12735,766,2019,8,Friends,64,4.0
12736,1801,2019,10,Solo,38,3.0
12737,345,2024,11,Friends,55,4.0
12738,1400,2022,8,Business,111,3.0
12739,222,2023,2,Solo,102,3.0
12740,1532,2019,5,Friends,1,5.0
12741,175,2019,4,Couples,114,3.0
12742,433,2022,12,Solo,29,4.0
12743,783,2023,1,Business,28,3.0
12744,1389,2021,5,Solo,82,4.0
12745,92,2019,7,Friends,37,3.0
12746,515,2021,4,Couples,145,5.0
12747,668,2022,9,Friends,22,4.0
12748,1463,2020,2,Business,23,3.0
12749,1924,2020,12,Solo,115,2.0
12750,1229,2023,5,Family,43,3.0
12751,1016,2020,5,Family,108,3.0
12752,673,2019,12,Solo,103,4.0
12753,1646,2022,2,Business,29,3.0
12754,215,2019,6,Family,87,4.0
12755,259,2021,1,Friends,81,3.0
12756,403,2022,7,Business,15,3.0
12757,537,2019,4,Business,115,3.0
12758,924,2022,9,Family,129,4.0
12759,1894,2023,7,Couples,143,3.0
12760,1301,2024,8,Family,14,5.0
12761,768,2020,11,Family,27,5.0
12762,424,2020,12,Couples,124,4.0
12763,1297,2022,3,Couples,46,5.0
12764,507,2022,7,Couples,94,4.0
12765,1953,2022,10,Couples,53,3.0
12766,956,2020,2,Friends,33,4.0
12767,1102,2019,6,Business,94,3.0
12768,1807,2019,7,Solo,31,3.0
12769,611,2024,11,Business,21,4.0
12770,944,2021,2,Couples,80,5.0
12771,1064,2021,11,Friends,30,4.0
12772,543,2022,3,Business,29,4.0
12773,110,2020,11,Family,118,2.0
12774,568,2021,8,Couples,80,3.0
12775,225,2021,5,Solo,82,3.0
12776,1352,2019,2,Couples,22,4.0
12777,15,2022,5,Business,25,3.0
12778,633,2020,9,Family,59,3.0
12779,1769,2019,3,COUPLES,59,4.0
12780,1138,2022,9,Solo,68,3.0
12781,1343,2020,3,Solo,21,3.0
12782,1338,2023,1,Friends,135,3.0
12783,597,2022,8,Business,55,3.0
12784,1265,2019,10,Family,123,3.0
12785,443,2023,12,Business,61,4.0
12786,1272,2019,7,Business,71,4.0
12787,1367,2020,8,Couples,17,4.0
12788,1753,2023,9,Family,102,4.0
12789,1840,2021,5,Family,9,3.0
12790,48,2021,1,Friends,113,4.0
12791,599,2020,3,Family,133,3.0
12792,1095,2021,5,Couples,55,3.0
12793,644,2020,8,Business,134,3.0
12794,1238,2024,4,Family,105,3.0
12795,1709,2023,3,Family,1,5.0
12796,517,2024,11,Couples,31,3.0
12797,1787,2021,2,Family,97,4.0
12798,1765,2024,10,FRIENDS,106,4.0
12799,1829,2020,2,Couples,15,3.0
12800,148,2020,4,Friends,103,4.0
12801,587,2020,11,Solo,122,3.0
12802,249,2022,11,SOLO,14,3.0
12803,241,2022,5,Business,132,
12804,107,2019,1,Business,80,3.0
12805,880,2022,12,Friends,93,4.0
12806,175,2024,11,Couples,8,4.0
12807,592,2021,6,Couples,92,4.0
12808,1963,2023,1,Family,69,3.0
12809,1768,2022,9,Family,56,4.0
12810,1875,2024,10,Couples,118,4.0
12811,74,2022,10,Business,38,4.0
12812,1322,2021,9,Friends,9,4.0
12813,1268,2019,11,Family,75,4.0
12814,266,2023,7,COUPLES,112,4.0
12815,1813,2021,2,Solo,21,4.0
12816,809,2024,9,Friends,148,3.0
12817,1954,2020,3,Family,101,4.0
12818,228,2021,8,COUPLES,141,5.0
12819,1301,2023,2,Friends,71,4.0
12820,262,2019,1,Friends,19,5.0
12821,1900,2020,6,Friends,27,4.0
12822,1216,2023,8,Business,76,3.0
12823,152,2020,2,Family,89,5.0
12824,430,2024,10,COUPLES,111,3.0
12825,719,2022,8,Solo,120,4.0
12826,26,2023,10,Business,115,1.0
12827,18,2022,5,Family,89,5.0
12828,1851,2019,8,Friends,3,3.0
12829,1963,2023,12,Friends,80,3.0
12830,1073,2021,3,Family,123,3.0
12831,1806,2021,10,Family,128,4.0
12832,1311,2023,8,Solo,126,3.0
12833,57,2020,9,Family,2,5.0
12834,1429,2021,8,Family,66,3.0
12835,37,2022,9,Friends,93,3.0
12836,1634,2022,10,Family,38,4.0
12837,734,2023,1,Family,62,5.0
12838,283,2019,1,Couples,15,4.0
12839,518,2024,2,Couples,30,4.0
12840,1367,2022,12,Family,1,4.0
12841,1694,2022,6,Couples,147,3.0
12842,1142,2024,12,Business,129,4.0
12843,321,2021,11,Family,61,2.0
12844,1801,2019,5,Family,1,4.0
12845,1582,2019,2,Business,51,3.0
12846,820,2024,11,Family,66,4.0
12847,1109,2024,6,Couples,26,3.0
12848,1928,2019,4,Business,100,4.0
12849,755,2023,10,Business,150,4.0
12850,52,2022,6,Friends,127,5.0
12851,292,2019,4,Family,129,3.0
12852,1201,2023,5,Solo,125,4.0
12853,1996,2021,12,Family,11,4.0
12854,1480,2020,4,Solo,83,3.0
12855,1236,2022,12,Couples,85,5.0
12856,647,2024,8,Family,16,3.0
12857,879,2020,1,Family,23,5.0
12858,77,2022,2,Family,85,
12859,743,2023,8,Friends,108,4.0
12860,1247,2022,2,Family,32,4.0
12861,1812,2022,2,Couples,73,4.0
12862,1845,2023,6,Friends,12,4.0
12863,1643,2020,6,Couples,17,3.0
12864,43,2019,12,Business,88,3.0
12865,1623,2024,11,Family,84,4.0
12866,438,2020,12,Business,113,3.0
12867,1233,2024,1,Friends,137,5.0
12868,1893,2020,10,Family,29,5.0
12869,1776,2020,12,Friends,52,4.0
12870,1329,2019,8,Family,129,2.0
12871,599,2021,12,Couples,8,4.0
12872,1042,2024,10,Family,125,4.0
12873,1408,2024,9,Friends,142,3.0
12874,1029,2020,5,Couples,15,4.0
12875,809,2021,5,Couples,22,5.0
12876,806,2023,5,Couples,103,4.0
12877,1200,2024,4,Couples,72,4.0
12878,72,2022,7,Solo,149,3.0
12879,1997,2020,6,Family,82,3.0
12880,205,2021,4,Family,99,4.0
12881,1970,2023,3,Business,36,2.0
12882,71,2019,7,Family,49,5.0
12883,1026,2022,1,Friends,27,4.0
12884,836,2023,5,Couples,23,4.0
12885,1148,2021,1,Solo,17,3.0
12886,868,2022,5,Couples,134,5.0
12887,1795,2023,8,Couples,11,3.0
12888,34,2022,8,Friends,78,2.0
12889,1972,2019,1,Family,77,4.0
12890,1379,2022,9,Family,9,4.0
12891,1558,2020,4,Solo,127,5.0
12892,280,2023,6,Friends,76,4.0
12893,131,2020,9,Solo,20,3.0
12894,795,2024,1,Family,20,4.0
12895,646,2019,3,Family,106,4.0
12896,1566,2024,2,Family,93,
12897,1794,2019,4,Couples,62,3.0
12898,855,2023,1,Couples,61,3.0
12899,1537,2021,1,Friends,6,4.0
12900,120,2020,7,Business,5,4.0
12901,1485,2020,2,Friends,81,4.0
12902,199,2019,6,Couples,55,4.0
12903,1336,2019,3,Couples,38,4.0
12904,765,2021,12,Business,57,3.0
12905,831,2019,2,Couples,91,3.0
12906,553,2024,6,Business,44,4.0
12907,807,2023,6,Couples,53,5.0
12908,1749,2021,9,Family,43,4.0
12909,1618,2019,2,Family,100,4.0
12910,681,2024,12,Business,9,3.0
12911,588,2023,4,Couples,138,3.0
12912,1019,2020,1,Business,84,3.0
12913,1370,2019,9,Solo,37,3.0
12914,365,2022,7,Friends,114,4.0
12915,1453,2019,8,Couples,141,4.0
12916,1898,2022,11,Couples,9,3.0
12917,1690,2021,5,Business,31,3.0
12918,1097,2024,11,Friends,22,4.0
12919,640,2021,12,Business,11,
12920,647,2021,7,Family,111,3.0
12921,1484,2022,10,Couples,29,5.0
12922,910,2024,1,Friends,58,4.0
12923,213,2023,8,Couples,123,3.0
12924,1356,2023,1,Business,92,3.0
12925,277,2020,6,Couples,102,4.0
12926,1974,2021,9,Family,15,4.0
12927,835,2020,1,Family,146,4.0
12928,684,2021,5,Family,13,4.0
12929,111,2023,5,Couples,107,5.0
12930,336,2019,3,Family,96,4.0
12931,1896,2019,7,Business,62,3.0
12932,1075,2022,10,Family,126,2.0
12933,1804,2023,12,Friends,134,4.0
12934,1912,2024,11,Business,11,3.0
12935,98,2022,12,Friends,144,4.0
12936,762,2022,3,Solo,37,3.0
12937,1677,2020,2,SOLO,119,3.0
12938,992,2021,3,Business,124,3.0
12939,1018,2020,12,Friends,84,4.0
12940,1141,2019,3,Business,130,3.0
12941,1404,2021,10,Couples,124,4.0
12942,1878,2020,5,Family,79,3.0
12943,1774,2022,9,COUPLES,27,4.0
12944,1251,2023,10,Couples,66,3.0
12945,1154,2024,11,Solo,136,4.0
12946,722,2024,2,Couples,31,4.0
12947,233,2020,4,Family,150,5.0
12948,1419,2024,2,Friends,28,3.0
12949,6,2024,5,Couples,100,4.0
12950,1397,2022,5,Solo,97,2.0
12951,994,2020,11,Solo,30,3.0
12952,1573,2023,9,Couples,71,3.0
12953,1899,2019,2,Family,22,4.0
12954,1106,2021,6,Business,55,3.0
12955,1146,2022,9,Solo,144,3.0
12956,975,2024,9,Business,9,2.0
12957,746,2024,10,Family,131,4.0
12958,178,2023,3,Family,102,4.0
12959,62,2021,11,FAMILY,113,3.0
12960,1447,2019,11,Family,43,4.0
12961,1830,2023,3,Business,143,4.0
12962,108,2024,8,Friends,39,3.0
12963,655,2021,9,Friends,76,3.0
12964,1217,2022,11,Family,6,4.0
12965,1410,2024,2,Friends,134,5.0
12966,1471,2019,3,Business,106,
12967,1389,2023,11,Couples,25,3.0
12968,168,2022,1,Business,100,4.0
12969,508,2023,6,Couples,28,4.0
12970,939,2020,4,Couples,67,4.0
12971,128,2022,8,Couples,77,3.0
12972,687,2020,6,Family,140,4.0
12973,771,2022,11,Family,50,3.0
12974,1957,2022,1,Family,2,3.0
12975,635,2024,7,FRIENDS,65,4.0
12976,1943,2023,7,Couples,139,4.0
12977,1401,2022,7,Family,120,4.0
12978,1385,2021,1,Business,9,3.0
12979,1640,2021,6,Friends,9,4.0
12980,1685,2022,11,Family,114,4.0
12981,445,2024,8,Business,109,4.0
12982,842,2022,2,Couples,84,3.0
12983,1057,2022,9,Couples,14,3.0
12984,1954,2020,12,Family,43,
12985,82,2022,10,Business,128,3.0
12986,954,2022,2,FRIENDS,21,3.0
12987,429,2023,1,Couples,31,4.0
12988,414,2020,3,Solo,68,3.0
12989,1524,2021,5,Couples,111,3.0
12990,404,2021,12,Couples,125,2.0
12991,1587,2021,6,Solo,89,3.0
12992,1988,2020,12,Couples,74,3.0
12993,1553,2020,2,Friends,58,3.0
12994,340,2022,10,Couples,7,4.0
12995,285,2024,10,Family,41,4.0
12996,875,2019,12,Friends,33,4.0
12997,1103,2022,7,Couples,9,3.0
12998,1557,2023,8,Business,112,3.0
12999,846,2023,1,Couples,54,4.0
13000,335,2024,11,Couples,77,5.0
13001,1983,2020,8,Family,31,4.0
13002,1810,2019,9,Friends,89,4.0
13003,1309,2024,5,Business,21,3.0
13004,1391,2023,1,Family,102,3.0
13005,1871,2021,9,Friends,111,
13006,950,2024,9,Friends,47,3.0
13007,291,2021,3,Solo,32,4.0
13008,1212,2023,10,Friends,118,4.0
13009,902,2024,1,Business,34,3.0
13010,1600,2023,8,Couples,27,3.0
13011,1544,2022,2,Friends,52,4.0
13012,943,2020,10,Couples,145,4.0
13013,736,2024,6,Couples,70,3.0
13014,845,2021,4,Friends,40,3.0
13015,1266,2022,9,Family,78,4.0
13016,1275,2022,10,Couples,53,4.0
13017,1024,2020,8,Family,100,3.0
13018,1064,2022,9,Couples,66,3.0
13019,1984,2021,1,Business,89,3.0
13020,508,2021,10,Solo,66,4.0
13021,348,2024,8,Couples,73,4.0
13022,1599,2023,2,Family,68,3.0
13023,1871,2021,6,Business,60,4.0
13024,1218,2019,8,Business,145,4.0
13025,804,2023,10,Business,40,4.0
13026,698,2023,7,Business,121,4.0
13027,936,2019,4,Family,107,3.0
13028,105,2023,4,Business,80,4.0
13029,1058,2021,9,Family,48,3.0
13030,540,2023,11,Family,73,4.0
13031,531,2024,8,Couples,128,3.0
13032,1121,2023,10,Couples,28,4.0
13033,1928,2024,8,Couples,88,4.0
13034,412,2019,6,Couples,115,3.0
13035,1823,2020,5,Couples,96,4.0
13036,1039,2019,6,Couples,22,5.0
13037,1946,2020,1,Couples,77,4.0
13038,765,2021,7,Couples,28,4.0
13039,1994,2019,3,Couples,140,4.0
13040,1320,2021,11,FAMILY,53,3.0
13041,1340,2019,11,Business,64,4.0
13042,1127,2019,6,FAMILY,129,4.0
13043,904,2024,8,Solo,65,3.0
13044,1051,2023,1,Friends,30,3.0
13045,1702,2021,7,Couples,134,4.0
13046,1585,2022,11,Family,98,3.0
13047,48,2020,7,Solo,91,4.0
13048,1390,2021,11,Friends,12,4.0
13049,1669,2023,1,Family,68,4.0
13050,1489,2022,12,Family,69,3.0
13051,995,2023,5,Friends,40,3.0
13052,672,2021,1,Couples,85,3.0
13053,1347,2021,8,Family,37,3.0
13054,1328,2024,8,Couples,71,4.0
13055,749,2024,2,Family,121,3.0
13056,813,2020,5,Business,111,5.0
13057,738,2021,12,Friends,42,4.0
13058,90,2023,3,Couples,32,3.0
13059,64,2020,1,Family,1,4.0
13060,167,2023,10,Solo,52,4.0
13061,848,2024,9,Couples,3,5.0
13062,1021,2020,6,Couples,20,3.0
13063,817,2019,4,Family,147,3.0
13064,1911,2024,11,Family,129,3.0
13065,450,2024,11,Couples,84,5.0
13066,786,2024,1,FRIENDS,117,5.0
13067,495,2022,10,Family,74,3.0
13068,600,2019,6,Business,91,3.0
13069,1169,2024,4,Family,138,5.0
13070,620,2020,5,Couples,12,4.0
13071,636,2020,6,Couples,53,4.0
13072,1342,2023,7,Solo,18,3.0
13073,1661,2021,12,Family,120,4.0
13074,426,2024,1,Business,124,3.0
13075,223,2024,8,Couples,109,3.0
13076,479,2023,1,Family,92,4.0
13077,1156,2024,1,Family,72,4.0
13078,1920,2022,4,Business,4,3.0
13079,321,2024,10,Couples,117,3.0
13080,86,2024,5,Friends,135,4.0
13081,1057,2020,5,Business,145,4.0
13082,1982,2021,11,Couples,52,5.0
13083,1106,2022,4,Solo,31,3.0
13084,1849,2024,10,Family,99,3.0
13085,1285,2021,10,Couples,3,4.0
13086,64,2020,8,Couples,10,4.0
13087,855,2020,12,Family,124,3.0
13088,1541,2023,12,Family,144,3.0
13089,1019,2022,1,Couples,61,4.0
13090,390,2020,3,Friends,77,2.0
13091,362,2023,5,Business,82,4.0
13092,1328,2022,8,Couples,21,4.0
13093,927,2022,4,Family,34,4.0
13094,1149,2022,8,Friends,45,4.0
13095,747,2020,11,Family,127,3.0
13096,679,2020,1,Couples,66,3.0
13097,1333,2023,11,Couples,109,
13098,16,2023,6,Business,30,4.0
13099,870,2024,11,Business,144,4.0
13100,742,2024,9,Family,133,3.0
13101,1559,2021,1,Family,72,4.0
13102,1457,2021,11,Friends,34,3.0
13103,852,2024,1,Solo,147,3.0
13104,526,2019,4,Family,122,4.0
13105,472,2024,7,Friends,77,3.0
13106,423,2020,11,Business,41,4.0
13107,548,2020,3,Friends,94,4.0
13108,1522,2021,7,COUPLES,56,3.0
13109,91,2023,2,Family,102,4.0
13110,53,2021,5,Business,125,4.0
13111,1080,2024,4,Family,74,4.0
13112,447,2023,6,Family,8,4.0
13113,1662,2023,9,Couples,85,5.0
13114,1505,2023,9,Friends,129,3.0
13115,1539,2019,9,Solo,34,2.0
13116,915,2023,1,Family,144,4.0
13117,876,2022,10,Couples,55,4.0
13118,852,2020,8,Friends,103,4.0
13119,393,2023,1,Couples,106,4.0
13120,1135,2019,12,Couples,28,3.0
13121,1727,2022,10,Couples,6,
13122,514,2022,9,Family,143,3.0
13123,114,2019,6,Couples,106,4.0
13124,1130,2021,10,Couples,95,3.0
13125,799,2019,4,Couples,46,4.0
13126,1595,2024,9,Friends,17,4.0
13127,1714,2023,8,Friends,41,5.0
13128,1902,2024,8,Friends,83,4.0
13129,787,2021,10,Couples,105,3.0
13130,1804,2020,3,Friends,48,3.0
13131,236,2024,2,Family,33,3.0
13132,746,2020,7,Couples,38,5.0
13133,532,2021,10,Couples,145,5.0
13134,1847,2019,4,Couples,95,3.0
13135,1201,2023,7,Family,149,4.0
13136,732,2019,12,Friends,1,4.0
13137,305,2019,8,Family,69,3.0
13138,1566,2023,1,Business,69,3.0
13139,1310,2024,11,Friends,61,3.0
13140,1706,2024,12,Friends,59,2.0
13141,877,2024,9,Family,12,4.0
13142,300,2019,8,Family,5,4.0
13143,669,2021,8,Friends,117,3.0
13144,1241,2023,8,Business,67,3.0
13145,482,2020,5,Family,25,4.0
13146,142,2023,8,Solo,53,3.0
13147,1647,2024,7,Friends,140,4.0
13148,1062,2024,10,Couples,71,4.0
13149,794,2023,11,SOLO,149,4.0
13150,1106,2023,9,Couples,25,4.0
13151,1477,2022,12,Family,19,4.0
13152,3,2019,6,Family,85,4.0
13153,881,2021,10,Business,103,2.0
13154,509,2024,5,Business,148,3.0
13155,184,2024,10,Family,70,4.0
13156,72,2020,4,Couples,31,4.0
13157,882,2023,9,Family,82,4.0
13158,1088,2020,1,Friends,47,3.0
13159,1016,2021,10,Family,27,3.0
13160,1566,2022,4,Friends,14,3.0
13161,916,2021,3,Solo,109,3.0
13162,1180,2022,5,Solo,97,3.0
13163,1633,2019,6,COUPLES,25,4.0
13164,1315,2020,2,Business,84,5.0
13165,1822,2023,7,Family,133,3.0
13166,444,2022,2,Solo,123,2.0
13167,1574,2024,7,Friends,69,3.0
13168,1394,2024,5,Family,9,4.0
13169,1166,2021,8,Friends,96,
13170,8,2020,2,Family,78,5.0
13171,1083,2020,12,Family,139,3.0
13172,1717,2022,1,Couples,83,4.0
13173,1290,2020,11,Family,111,4.0
13174,11,2021,5,Couples,80,3.0
13175,576,2020,10,Couples,82,5.0
13176,1139,2021,8,Couples,48,4.0
13177,1624,2024,10,Family,61,3.0
13178,890,2021,7,Family,45,3.0
13179,1714,2023,10,Friends,70,4.0
13180,1592,2021,8,Solo,143,4.0
13181,535,2021,9,Couples,52,4.0
13182,390,2022,7,Couples,70,4.0
13183,1806,2019,4,Couples,142,4.0
13184,1179,2021,11,Couples,23,5.0
13185,1698,2019,11,Friends,38,4.0
13186,1845,2020,9,Family,74,2.0
13187,849,2023,4,Business,62,3.0
13188,92,2020,5,Family,52,4.0
13189,1819,2020,9,Friends,117,4.0
13190,1168,2022,3,Business,75,3.0
13191,241,2021,2,SOLO,55,3.0
13192,1060,2019,5,Couples,72,4.0
13193,56,2024,7,Couples,133,3.0
13194,580,2024,11,COUPLES,148,3.0
13195,696,2022,4,Business,37,3.0
13196,909,2022,3,Business,7,3.0
13197,1131,2023,9,Couples,5,5.0
13198,1679,2024,11,Business,67,4.0
13199,703,2019,11,Family,95,3.0
13200,1471,2019,8,Business,8,
13201,1885,2020,1,Business,77,4.0
13202,1498,2020,8,Family,60,4.0
13203,510,2024,2,Family,140,4.0
13204,1356,2022,10,Family,91,3.0
13205,563,2023,12,Family,64,4.0
13206,956,2023,8,Friends,88,3.0
13207,1270,2023,3,Business,21,4.0
13208,587,2024,4,Friends,72,4.0
13209,8,2022,9,Family,50,4.0
13210,1675,2023,10,Solo,28,3.0
13211,1456,2020,10,COUPLES,59,4.0
13212,247,2020,2,Solo,96,3.0
13213,755,2022,9,Friends,88,4.0
13214,524,2024,12,Couples,145,3.0
13215,1956,2019,1,Family,42,4.0
13216,1884,2022,6,COUPLES,105,3.0
13217,1383,2020,9,Business,83,3.0
13218,882,2024,7,Couples,132,2.0
13219,105,2022,12,Family,137,4.0
13220,494,2019,9,Family,107,5.0
13221,186,2019,5,Couples,64,4.0
13222,1579,2022,8,Couples,81,4.0
13223,177,2020,9,Couples,98,4.0
13224,1356,2019,10,Couples,121,2.0
13225,1906,2019,4,Family,35,4.0
13226,616,2019,11,Couples,131,4.0
13227,1369,2021,12,Friends,121,4.0
13228,1759,2023,3,Friends,14,3.0
13229,856,2024,3,Solo,41,3.0
13230,898,2022,5,Couples,36,3.0
13231,401,2024,4,Couples,87,4.0
13232,856,2023,3,Business,32,3.0
13233,1748,2019,3,Couples,46,3.0
13234,1327,2023,9,Solo,29,3.0
13235,404,2020,12,Family,11,4.0
13236,1054,2024,2,Solo,69,3.0
13237,1414,2024,7,Solo,48,4.0
13238,155,2019,4,Couples,76,3.0
13239,1527,2020,3,Family,32,4.0
13240,403,2021,7,Couples,43,5.0
13241,590,2023,2,Friends,134,3.0
13242,833,2022,1,Family,121,4.0
13243,1010,2019,11,Business,40,4.0
13244,1833,2022,6,Solo,25,4.0
13245,446,2022,1,Friends,147,3.0
13246,512,2024,11,SOLO,103,2.0
13247,758,2020,8,Couples,74,3.0
13248,1715,2019,9,Friends,105,3.0
13249,1931,2023,8,Family,34,4.0
13250,909,2023,6,Business,65,4.0
13251,1387,2022,10,Couples,59,3.0
13252,1835,2023,5,Couples,109,3.0
13253,1694,2020,9,COUPLES,28,3.0
13254,1363,2019,11,Family,74,4.0
13255,1082,2021,11,Friends,126,4.0
13256,1969,2024,7,Solo,30,2.0
13257,479,2022,1,Couples,18,4.0
13258,726,2022,1,Family,124,4.0
13259,1426,2024,6,Business,132,1.0
13260,42,2020,8,COUPLES,65,3.0
13261,1002,2021,1,Friends,7,5.0
13262,1709,2023,5,SOLO,82,4.0
13263,354,2019,5,Solo,45,5.0
13264,1607,2021,6,Family,89,4.0
13265,825,2022,7,Friends,21,4.0
13266,1722,2020,4,Couples,121,4.0
13267,1270,2020,8,Friends,103,3.0
13268,315,2021,6,Couples,97,3.0
13269,1471,2024,12,Business,77,4.0
13270,113,2021,4,Solo,34,2.0
13271,487,2024,12,Couples,141,3.0
13272,1777,2023,12,Friends,40,2.0
13273,1752,2019,4,Business,55,3.0
13274,93,2024,5,Friends,139,4.0
13275,760,2022,9,Solo,7,3.0
13276,189,2022,6,BUSINESS,19,3.0
13277,543,2023,9,Couples,115,5.0
13278,1935,2019,4,Friends,56,2.0
13279,391,2020,12,Business,87,4.0
13280,1283,2023,9,Couples,88,3.0
13281,1609,2022,2,Couples,125,4.0
13282,1762,2021,3,Business,94,3.0
13283,709,2021,8,Business,64,4.0
13284,1394,2022,4,Couples,83,3.0
13285,967,2021,5,Couples,111,4.0
13286,215,2021,8,Solo,57,3.0
13287,446,2022,5,Business,26,4.0
13288,1497,2020,11,Business,73,3.0
13289,1373,2022,8,Friends,150,2.0
13290,1043,2023,6,Friends,17,4.0
13291,1563,2023,4,Family,27,4.0
13292,1383,2022,4,Couples,150,5.0
13293,679,2021,1,Couples,125,4.0
13294,588,2022,2,Solo,18,3.0
13295,1891,2023,10,Friends,32,4.0
13296,1944,2020,10,Couples,104,4.0
13297,62,2021,2,Family,118,4.0
13298,1582,2023,7,Friends,111,3.0
13299,266,2022,4,Friends,130,4.0
13300,1723,2021,9,BUSINESS,77,4.0
13301,1178,2020,8,SOLO,132,4.0
13302,1376,2024,10,Friends,90,2.0
13303,1403,2022,8,Family,72,4.0
13304,1210,2022,3,Family,96,3.0
13305,502,2021,8,FAMILY,65,4.0
13306,1615,2023,11,Friends,91,
13307,1109,2020,12,Family,126,4.0
13308,1091,2024,9,Friends,144,4.0
13309,637,2019,5,FRIENDS,87,3.0
13310,21,2019,7,Friends,1,4.0
13311,1109,2022,2,Business,94,3.0
13312,691,2024,8,Family,38,
13313,1319,2019,2,Couples,36,3.0
13314,730,2023,4,Business,133,2.0
13315,1946,2021,7,Family,67,3.0
13316,1362,2019,6,Family,119,4.0
13317,912,2021,5,Business,56,4.0
13318,1417,2022,8,Family,92,4.0
13319,1297,2022,11,Couples,100,4.0
13320,1242,2024,12,Solo,134,3.0
13321,1157,2024,7,Family,30,3.0
13322,1864,2019,7,Business,85,3.0
13323,636,2024,6,Friends,61,3.0
13324,865,2019,11,Business,70,4.0
13325,507,2024,11,Business,128,3.0
13326,1140,2023,1,Couples,21,4.0
13327,1976,2024,10,Couples,82,4.0
13328,1217,2019,1,Friends,59,3.0
13329,414,2019,9,Solo,135,3.0
13330,1844,2024,5,Friends,33,3.0
13331,1581,2020,7,Couples,35,5.0
13332,881,2021,10,Couples,14,4.0
13333,294,2020,3,Couples,66,5.0
13334,806,2019,2,Business,2,
13335,1609,2019,7,Solo,76,3.0
13336,1155,2019,11,COUPLES,34,3.0
13337,372,2024,2,Couples,61,3.0
13338,318,2019,5,Friends,91,3.0
13339,1935,2024,7,Family,103,4.0
13340,895,2020,3,Solo,10,2.0
13341,1372,2022,11,Solo,23,4.0
13342,722,2020,8,Family,48,3.0
13343,181,2024,7,Solo,78,3.0
13344,824,2019,2,Solo,133,3.0
13345,1387,2023,1,Friends,21,4.0
13346,667,2024,2,Solo,11,3.0
13347,1208,2021,1,Family,95,4.0
13348,877,2021,7,Business,147,2.0
13349,676,2019,11,Friends,125,2.0
13350,511,2024,10,Couples,85,3.0
13351,522,2024,3,Solo,3,4.0
13352,512,2021,3,Family,87,4.0
13353,1438,2023,7,Family,69,3.0
13354,675,2023,10,Friends,68,4.0
13355,1483,2021,10,Couples,74,4.0
13356,623,2019,7,Business,85,4.0
13357,655,2019,4,Friends,109,4.0
13358,1849,2024,6,Couples,29,3.0
13359,1753,2023,9,Friends,12,4.0
13360,802,2019,11,Solo,8,4.0
13361,538,2023,1,Couples,61,4.0
13362,1432,2024,10,Family,77,5.0
13363,140,2022,9,BUSINESS,118,3.0
13364,913,2021,3,Friends,66,4.0
13365,1200,2024,1,Family,80,3.0
13366,1352,2024,4,Couples,147,3.0
13367,215,2021,4,Friends,113,5.0
13368,6,2021,2,Family,104,4.0
13369,554,2024,4,Friends,55,4.0
13370,239,2024,3,Family,23,4.0
13371,1015,2022,11,SOLO,139,3.0
13372,1840,2022,2,Family,84,4.0
13373,573,2023,7,Family,12,5.0
13374,908,2020,4,Business,73,3.0
13375,430,2024,11,Friends,14,3.0
13376,88,2020,6,FAMILY,148,5.0
13377,1407,2023,7,Friends,80,4.0
13378,513,2023,5,Friends,118,3.0
13379,1094,2020,10,Friends,71,4.0
13380,1367,2023,9,Family,3,3.0
13381,1680,2024,7,Friends,96,4.0
13382,372,2021,5,Friends,98,2.0
13383,1163,2022,6,Friends,35,3.0
13384,1822,2022,4,Solo,108,3.0
13385,967,2019,8,Business,34,4.0
13386,82,2022,4,Family,104,4.0
13387,523,2023,4,BUSINESS,113,3.0
13388,1590,2022,6,Friends,21,4.0
13389,1585,2021,12,Family,44,4.0
13390,629,2022,6,Friends,25,3.0
13391,394,2022,11,Business,110,4.0
13392,584,2024,7,Family,36,4.0
13393,485,2021,1,Business,97,3.0
13394,1482,2020,8,Couples,63,3.0
13395,1684,2019,12,Family,13,5.0
13396,94,2024,11,Family,133,3.0
13397,1483,2020,3,Family,107,5.0
13398,1505,2021,4,Friends,40,2.0
13399,1226,2023,9,Couples,132,3.0
13400,1743,2020,6,Family,107,5.0
13401,78,2020,10,Couples,123,4.0
13402,1400,2022,7,Couples,27,3.0
13403,255,2022,3,Friends,2,3.0
13404,1795,2020,4,Solo,10,3.0
13405,1000,2022,2,Couples,81,5.0
13406,182,2023,4,Couples,119,4.0
13407,1493,2020,10,Friends,138,4.0
13408,1499,2021,3,Solo,145,4.0
13409,929,2020,6,Family,90,4.0
13410,621,2024,3,Friends,95,4.0
13411,35,2021,6,Business,44,4.0
13412,1816,2024,12,Couples,1,4.0
13413,369,2024,10,Business,30,3.0
13414,1686,2020,10,Family,9,3.0
13415,1178,2024,4,Family,103,
13416,1371,2019,4,Family,76,3.0
13417,1389,2021,2,Couples,116,4.0
13418,1717,2019,12,Business,23,4.0
13419,67,2019,12,Family,137,4.0
13420,1983,2022,5,Family,108,4.0
13421,87,2022,9,FAMILY,136,3.0
13422,1999,2022,3,Family,98,4.0
13423,523,2021,8,Family,51,4.0
13424,1692,2023,2,Friends,94,5.0
13425,168,2021,4,Friends,91,4.0
13426,922,2022,5,Couples,28,3.0
13427,1084,2021,12,Friends,16,3.0
13428,1909,2020,6,Family,98,4.0
13429,248,2022,3,Family,15,4.0
13430,73,2023,1,FRIENDS,16,4.0
13431,1297,2020,3,Solo,11,4.0
13432,99,2021,3,Business,94,3.0
13433,1555,2024,4,Couples,140,3.0
13434,77,2020,2,Friends,75,4.0
13435,1942,2021,9,Family,23,3.0
13436,1066,2020,5,Friends,77,4.0
13437,1897,2021,3,Couples,73,4.0
13438,254,2021,7,Solo,90,4.0
13439,547,2024,4,COUPLES,65,4.0
13440,910,2019,9,Solo,80,3.0
13441,59,2021,7,Friends,49,3.0
13442,206,2024,12,Solo,136,3.0
13443,659,2019,8,Couples,81,4.0
13444,1475,2022,5,Couples,47,5.0
13445,1417,2019,2,Couples,1,4.0
13446,174,2022,2,Friends,102,4.0
13447,120,2023,8,Couples,58,3.0
13448,1313,2022,1,Family,38,3.0
13449,720,2022,5,Couples,72,3.0
13450,1585,2023,1,Friends,73,4.0
13451,597,2022,5,Friends,121,
13452,726,2022,11,Business,82,4.0
13453,439,2019,1,Family,106,4.0
13454,534,2019,12,COUPLES,98,5.0
13455,1413,2019,12,Solo,128,4.0
13456,943,2022,11,Friends,1,
13457,1319,2021,9,Couples,57,2.0
13458,158,2021,3,Couples,108,5.0
13459,1071,2021,2,Family,22,4.0
13460,918,2024,12,Friends,67,4.0
13461,1822,2021,5,Solo,61,
13462,847,2021,6,Family,121,4.0
13463,207,2022,1,Family,145,5.0
13464,1395,2023,1,Couples,16,3.0
13465,300,2023,7,Couples,33,5.0
13466,1819,2024,5,Solo,117,3.0
13467,767,2022,9,Solo,27,4.0
13468,1570,2024,11,Family,75,3.0
13469,1312,2022,1,Couples,142,3.0
13470,930,2022,12,Family,147,4.0
13471,1169,2022,12,Family,143,4.0
13472,366,2021,7,Friends,21,4.0
13473,149,2020,5,FAMILY,23,3.0
13474,1533,2021,2,Family,27,3.0
13475,1917,2022,3,Couples,116,3.0
13476,1724,2022,9,Family,27,4.0
13477,611,2019,2,Family,65,4.0
13478,717,2023,12,Family,123,4.0
13479,718,2023,2,Family,74,4.0
13480,1406,2022,10,Friends,142,4.0
13481,1248,2021,11,Couples,75,4.0
13482,1593,2022,4,Couples,57,3.0
13483,1891,2022,6,Business,146,4.0
13484,785,2021,7,Friends,83,4.0
13485,1326,2024,10,Couples,28,4.0
13486,1001,2019,1,Family,96,4.0
13487,1910,2021,3,Business,116,3.0
13488,709,2021,2,Solo,126,4.0
13489,376,2019,4,Family,1,3.0
13490,758,2019,9,Business,17,4.0
13491,1238,2024,5,Family,95,3.0
13492,1907,2023,6,Couples,112,4.0
13493,1658,2021,6,Friends,98,4.0
13494,37,2020,1,Friends,58,3.0
13495,1019,2021,2,Friends,114,3.0
13496,319,2023,3,Couples,87,3.0
13497,725,2020,1,Solo,139,4.0
13498,1888,2019,10,Couples,56,4.0
13499,1970,2021,12,Family,114,5.0
13500,308,2022,6,Family,22,4.0
13501,282,2022,8,Family,110,3.0
13502,1393,2020,1,Couples,110,4.0
13503,822,2024,1,Couples,39,3.0
13504,866,2022,8,Friends,10,5.0
13505,1747,2023,10,Family,149,5.0
13506,1842,2024,12,Solo,12,3.0
13507,1801,2022,5,Family,71,3.0
13508,1566,2022,6,Business,1,3.0
13509,1961,2023,10,Business,63,4.0
13510,1440,2023,2,Friends,124,3.0
13511,1770,2024,12,Couples,76,
13512,1081,2023,4,Couples,36,4.0
13513,102,2019,1,Family,60,4.0
13514,1633,2021,10,Friends,14,4.0
13515,1860,2022,12,Family,90,5.0
13516,625,2021,6,Couples,1,4.0
13517,857,2019,2,Friends,53,4.0
13518,1145,2020,2,Solo,10,3.0
13519,1304,2020,4,Friends,36,5.0
13520,1350,2019,7,Couples,11,3.0
13521,789,2023,8,Friends,140,4.0
13522,1709,2021,9,Family,116,4.0
13523,1628,2023,9,Business,140,3.0
13524,1885,2024,3,FAMILY,103,4.0
13525,1152,2024,3,Solo,75,2.0
13526,155,2024,12,Family,27,4.0
13527,1692,2021,2,Business,145,5.0
13528,159,2020,7,Couples,138,4.0
13529,388,2019,4,Family,63,5.0
13530,571,2022,9,Friends,34,3.0
13531,370,2019,4,Couples,59,3.0
13532,1448,2020,2,Couples,60,4.0
13533,881,2020,4,Solo,138,4.0
13534,439,2020,2,Friends,11,2.0
13535,10,2021,3,Solo,95,4.0
13536,433,2020,6,Couples,116,4.0
13537,1386,2022,12,Solo,115,3.0
13538,1589,2024,3,Couples,29,4.0
13539,593,2022,10,Family,62,3.0
13540,147,2023,7,Family,52,5.0
13541,1115,2019,12,Solo,62,2.0
13542,1566,2019,7,Couples,14,4.0
13543,141,2020,2,Solo,13,4.0
13544,1592,2024,5,Solo,4,2.0
13545,342,2020,1,Solo,146,3.0
13546,516,2024,3,Couples,63,3.0
13547,1246,2023,7,Couples,35,3.0
13548,103,2023,11,Couples,120,4.0
13549,612,2020,8,Family,75,4.0
13550,278,2019,5,Couples,55,3.0
13551,430,2020,8,Family,18,3.0
13552,1547,2024,3,Friends,58,3.0
13553,458,2021,2,Solo,98,4.0
13554,87,2021,9,Family,94,4.0
13555,430,2020,11,Family,59,3.0
13556,174,2021,8,Family,92,4.0
13557,1246,2021,6,Solo,116,4.0
13558,1946,2023,6,Business,140,4.0
13559,336,2023,5,Couples,80,3.0
13560,1458,2021,12,Couples,35,4.0
13561,726,2021,7,Friends,20,3.0
13562,144,2021,11,Couples,24,4.0
13563,1376,2020,1,Solo,2,4.0
13564,420,2019,5,Solo,84,3.0
13565,1028,2020,3,Friends,32,3.0
13566,1015,2019,2,Family,34,4.0
13567,1195,2019,12,Solo,109,5.0
13568,270,2020,1,Couples,48,3.0
13569,502,2024,7,Couples,125,3.0
13570,1475,2020,3,Family,21,4.0
13571,1866,2023,1,Family,52,3.0
13572,24,2019,12,Business,8,3.0
13573,828,2021,4,Family,81,5.0
13574,1763,2022,5,Solo,19,3.0
13575,574,2022,3,Business,37,3.0
13576,896,2023,9,Business,111,2.0
13577,1809,2020,12,Solo,133,4.0
13578,1938,2023,5,Friends,82,3.0
13579,1311,2021,10,Business,145,3.0
13580,1389,2021,5,Family,114,3.0
13581,1228,2020,7,Couples,113,4.0
13582,568,2024,10,COUPLES,149,5.0
13583,1774,2023,12,Business,14,3.0
13584,69,2021,8,Couples,35,4.0
13585,118,2023,5,Family,66,4.0
13586,1204,2024,6,Couples,93,4.0
13587,1676,2020,11,COUPLES,149,5.0
13588,1629,2020,5,Couples,15,4.0
13589,1356,2023,6,Business,35,3.0
13590,753,2020,10,Family,45,5.0
13591,720,2019,11,Friends,101,4.0
13592,852,2022,6,Solo,143,4.0
13593,513,2020,11,Couples,141,3.0
13594,839,2022,11,Couples,113,4.0
13595,210,2019,6,Friends,116,3.0
13596,640,2021,4,Couples,63,4.0
13597,1883,2020,3,Family,92,5.0
13598,1414,2022,2,Friends,26,3.0
13599,284,2020,3,Family,77,5.0
13600,573,2020,1,COUPLES,44,4.0
13601,519,2024,4,Family,140,4.0
13602,564,2024,12,Family,56,4.0
13603,1383,2020,3,Business,60,4.0
13604,1791,2022,5,Couples,61,4.0
13605,1421,2021,5,Family,136,4.0
13606,977,2020,7,Business,140,4.0
13607,322,2019,7,Couples,65,4.0
13608,286,2024,7,Family,150,3.0
13609,1629,2019,2,Family,114,4.0
13610,1356,2021,4,Business,127,4.0
13611,1021,2020,11,Friends,138,4.0
13612,1155,2023,12,Business,50,3.0
13613,1697,2019,1,Friends,83,4.0
13614,1628,2022,8,Solo,43,4.0
13615,175,2021,2,Couples,47,3.0
13616,791,2022,7,Business,70,4.0
13617,86,2020,1,Business,8,4.0
13618,770,2019,10,Friends,33,3.0
13619,1274,2020,12,Solo,122,3.0
13620,417,2022,2,FAMILY,25,4.0
13621,301,2022,5,Solo,94,4.0
13622,982,2024,3,Friends,115,4.0
13623,1050,2024,3,Family,40,4.0
13624,1429,2023,10,Solo,69,3.0
13625,29,2019,2,Family,132,3.0
13626,496,2023,2,Family,126,4.0
13627,1560,2023,5,Friends,139,5.0
13628,1364,2023,4,Friends,95,3.0
13629,1800,2022,12,Couples,134,4.0
13630,1630,2023,5,Family,60,5.0
13631,1678,2022,7,Couples,91,4.0
13632,1022,2022,2,Business,101,4.0
13633,1917,2023,5,Couples,147,3.0
13634,832,2019,3,Family,56,3.0
13635,1807,2022,5,Couples,132,5.0
13636,784,2019,4,Couples,77,5.0
13637,889,2024,2,Business,16,4.0
13638,1372,2024,7,Friends,99,4.0
13639,797,2019,7,Family,148,3.0
13640,295,2024,7,Business,69,3.0
13641,1793,2021,6,Family,83,4.0
13642,906,2023,7,Family,140,5.0
13643,1854,2022,9,FAMILY,139,4.0
13644,799,2019,4,Friends,61,4.0
13645,1946,2024,3,Family,115,3.0
13646,1206,2022,9,Couples,95,2.0
13647,1537,2021,2,Friends,98,4.0
13648,1512,2022,5,Couples,109,4.0
13649,404,2024,7,Solo,50,4.0
13650,1631,2022,8,Solo,46,3.0
13651,1890,2022,9,Couples,5,5.0
13652,1323,2024,6,Friends,129,3.0
13653,1895,2023,6,Solo,42,3.0
13654,1693,2019,1,Solo,102,3.0
13655,1333,2023,10,Business,103,2.0
13656,955,2024,3,Couples,106,4.0
13657,1715,2023,11,Family,130,5.0
13658,371,2019,8,Family,131,4.0
13659,1123,2022,11,Couples,1,5.0
13660,1632,2019,11,Business,127,3.0
13661,1889,2023,5,Family,32,3.0
13662,535,2024,5,Couples,97,3.0
13663,188,2019,11,Family,101,4.0
13664,667,2019,11,Couples,9,4.0
13665,1728,2024,9,Family,43,4.0
13666,1048,2023,12,Family,137,4.0
13667,112,2023,8,Couples,22,5.0
13668,239,2020,1,Couples,35,4.0
13669,679,2022,7,Couples,13,3.0
13670,686,2023,5,Couples,26,4.0
13671,271,2019,1,Business,96,3.0
13672,989,2020,7,Family,127,4.0
13673,959,2020,7,Family,90,5.0
13674,399,2022,9,COUPLES,43,4.0
13675,465,2020,10,Solo,129,3.0
13676,1329,2021,4,Friends,56,3.0
13677,1905,2020,12,Solo,48,3.0
13678,1993,2019,6,Family,76,3.0
13679,1119,2023,6,FAMILY,21,4.0
13680,77,2022,3,Family,54,3.0
13681,1796,2024,12,Family,120,4.0
13682,1902,2022,5,Family,92,4.0
13683,557,2023,3,Family,149,4.0
13684,801,2021,11,Business,117,3.0
13685,52,2021,12,FRIENDS,55,3.0
13686,1603,2021,3,Couples,116,3.0
13687,1552,2024,8,Family,130,4.0
13688,42,2021,11,Couples,95,4.0
13689,1405,2024,8,Family,115,4.0
13690,824,2020,6,Family,76,4.0
13691,1091,2023,7,Family,137,5.0
13692,437,2020,2,Business,36,2.0
13693,1631,2021,12,Couples,64,4.0
13694,809,2024,7,Couples,39,3.0
13695,1681,2023,1,Family,16,4.0
13696,297,2021,5,Couples,93,4.0
13697,1176,2021,5,Couples,18,3.0
13698,621,2023,12,Business,34,3.0
13699,1932,2019,11,Friends,115,4.0
13700,1114,2024,4,Business,37,3.0
13701,1440,2022,3,Couples,130,4.0
13702,173,2020,1,Family,8,4.0
13703,1354,2023,7,Family,69,3.0
13704,203,2024,6,Business,11,4.0
13705,723,2021,7,Friends,9,4.0
13706,445,2021,4,Couples,119,4.0
13707,5,2024,10,Family,11,3.0
13708,1173,2021,7,Couples,134,4.0
13709,482,2024,12,Family,90,3.0
13710,1026,2024,3,Family,73,3.0
13711,1528,2022,4,Solo,138,3.0
13712,357,2019,8,Couples,59,3.0
13713,1420,2019,9,Couples,60,3.0
13714,595,2020,4,Couples,62,4.0
13715,663,2019,7,Family,98,4.0
13716,1154,2023,7,Business,128,3.0
13717,1252,2022,8,Solo,82,3.0
13718,1311,2021,8,Couples,43,4.0
13719,391,2023,3,Solo,134,3.0
13720,1160,2019,2,Family,90,4.0
13721,528,2022,4,Family,125,4.0
13722,554,2021,2,Family,65,4.0
13723,1895,2019,7,Business,30,4.0
13724,202,2021,7,Family,142,3.0
13725,827,2019,1,Couples,102,3.0
13726,879,2019,10,Couples,47,4.0
13727,490,2020,9,Family,128,3.0
13728,1571,2020,6,Couples,2,3.0
13729,975,2022,2,Family,140,5.0
13730,1439,2023,2,Couples,87,3.0
13731,775,2021,12,Solo,89,2.0
13732,1794,2022,3,Solo,3,3.0
13733,1460,2019,11,BUSINESS,27,4.0
13734,667,2023,8,Friends,109,3.0
13735,1925,2022,8,Couples,84,4.0
13736,1731,2021,11,Family,20,4.0
13737,1184,2024,11,Friends,100,3.0
13738,33,2020,4,COUPLES,112,4.0
13739,1183,2021,12,Friends,41,4.0
13740,1382,2024,2,Couples,104,4.0
13741,730,2019,10,Friends,146,4.0
13742,288,2022,5,Family,73,3.0
13743,1130,2022,8,Couples,35,4.0
13744,1604,2023,11,Business,145,3.0
13745,639,2024,6,Family,137,4.0
13746,913,2021,1,FAMILY,69,3.0
13747,3,2019,10,Family,64,4.0
13748,1408,2021,2,Family,126,3.0
13749,1733,2019,9,Family,1,4.0
13750,1553,2023,6,Family,47,5.0
13751,859,2022,6,Business,82,4.0
13752,91,2023,4,Couples,99,4.0
13753,985,2021,7,Couples,95,4.0
13754,1881,2024,3,Friends,56,3.0
13755,168,2024,3,FAMILY,131,5.0
13756,428,2024,6,Business,98,4.0
13757,1675,2023,10,Friends,82,4.0
13758,1137,2020,7,Couples,141,2.0
13759,341,2019,11,Business,15,4.0
13760,49,2024,4,Family,107,3.0
13761,822,2024,1,Solo,140,4.0
13762,1190,2024,4,Friends,100,3.0
13763,1681,2022,2,Family,85,4.0
13764,1768,2024,7,Friends,55,3.0
13765,916,2021,12,Family,41,4.0
13766,845,2019,6,Friends,82,3.0
13767,1863,2020,3,Friends,135,3.0
13768,1554,2024,8,Couples,70,4.0
13769,419,2022,9,Family,19,4.0
13770,1363,2024,11,Couples,73,4.0
13771,1431,2024,6,Family,15,4.0
13772,468,2023,6,Business,141,3.0
13773,1956,2019,7,Family,81,4.0
13774,594,2020,3,Solo,33,4.0
13775,1100,2021,2,FAMILY,94,4.0
13776,988,2019,10,Business,81,3.0
13777,1385,2024,2,Business,77,4.0
13778,1804,2020,9,Solo,89,3.0
13779,787,2021,7,Friends,140,5.0
13780,770,2023,6,Friends,129,4.0
13781,1503,2019,5,Couples,40,3.0
13782,1905,2022,12,Family,36,3.0
13783,1818,2019,10,Family,149,3.0
13784,1506,2024,2,Friends,97,5.0
13785,1407,2023,12,Family,3,4.0
13786,1538,2021,2,Couples,80,4.0
13787,1872,2023,10,Family,18,4.0
13788,22,2020,6,Family,5,4.0
13789,1178,2019,5,Business,28,4.0
13790,69,2019,7,Family,39,3.0
13791,1155,2020,6,Couples,12,3.0
13792,790,2023,2,Friends,126,4.0
13793,610,2022,2,Couples,66,4.0
13794,1782,2020,9,Family,83,4.0
13795,1420,2023,9,Family,130,4.0
13796,1135,2021,5,Friends,126,3.0
13797,1764,2019,6,Solo,124,3.0
13798,196,2023,5,Business,30,3.0
13799,1293,2021,11,Business,112,4.0
13800,313,2022,1,Friends,150,4.0
13801,467,2022,8,Family,2,4.0
13802,371,2019,4,Family,131,4.0
13803,1089,2019,3,Family,130,4.0
13804,1259,2019,2,Friends,127,5.0
13805,1512,2020,5,Friends,60,4.0
13806,882,2020,2,Family,30,3.0
13807,1879,2024,9,COUPLES,110,4.0
13808,748,2023,4,Solo,94,4.0
13809,314,2024,11,Family,110,3.0
13810,74,2021,2,Couples,39,4.0
13811,255,2020,5,Solo,27,3.0
13812,891,2021,5,Friends,136,4.0
13813,826,2024,9,Family,78,4.0
13814,1709,2021,4,Friends,128,4.0
13815,252,2022,3,Couples,139,4.0
13816,525,2019,5,Family,69,4.0
13817,1961,2024,11,Couples,40,4.0
13818,58,2022,10,Friends,135,4.0
13819,849,2024,7,Business,108,4.0
13820,397,2020,12,Couples,100,3.0
13821,1068,2022,10,Couples,144,4.0
13822,1948,2020,10,Family,37,3.0
13823,455,2021,5,Business,55,4.0
13824,741,2020,6,Family,6,4.0
13825,899,2019,12,Friends,59,3.0
13826,1597,2021,12,Business,67,4.0
13827,1970,2022,9,Friends,68,3.0
13828,194,2019,2,Friends,23,4.0
13829,978,2021,2,Business,122,3.0
13830,1506,2019,6,Business,74,2.0
13831,18,2022,7,Family,66,2.0
13832,1613,2020,8,COUPLES,130,4.0
13833,486,2019,4,Family,73,4.0
13834,1037,2022,10,Family,134,4.0
13835,1957,2024,11,Family,34,3.0
13836,1271,2024,3,Friends,128,3.0
13837,1979,2024,10,Friends,149,4.0
13838,1207,2020,2,Family,113,4.0
13839,421,2020,6,Business,134,3.0
13840,1386,2024,11,Business,112,3.0
13841,1231,2022,4,Family,91,5.0
13842,622,2022,9,Friends,115,4.0
13843,154,2023,11,Friends,145,3.0
13844,1297,2019,6,Family,91,5.0
13845,1155,2022,11,Family,104,3.0
13846,1548,2022,8,Solo,12,4.0
13847,252,2024,7,Couples,144,4.0
13848,1078,2021,2,Couples,117,5.0
13849,1638,2022,9,Solo,25,4.0
13850,1783,2023,4,Solo,44,3.0
13851,1880,2020,4,Business,34,2.0
13852,424,2019,12,Family,48,3.0
13853,346,2021,5,Friends,133,3.0
13854,1153,2022,5,Couples,70,4.0
13855,926,2021,12,Business,63,3.0
13856,469,2023,4,Business,117,3.0
13857,205,2020,9,FAMILY,56,4.0
13858,288,2019,7,Couples,133,3.0
13859,679,2023,1,Couples,114,4.0
13860,1479,2024,7,Business,39,3.0
13861,131,2022,6,Friends,95,4.0
13862,211,2020,9,Friends,73,4.0
13863,530,2021,5,Friends,52,4.0
13864,1748,2021,3,Business,136,4.0
13865,1981,2021,3,Solo,60,4.0
13866,881,2020,7,Solo,18,3.0
13867,90,2021,12,Couples,62,3.0
13868,24,2020,6,Solo,78,3.0
13869,1718,2021,2,Family,19,4.0
13870,890,2021,10,Business,112,4.0
13871,155,2022,4,FAMILY,35,4.0
13872,1667,2023,6,Family,14,4.0
13873,1058,2020,11,Friends,81,4.0
13874,700,2019,2,Couples,25,4.0
13875,905,2023,2,Friends,118,3.0
13876,451,2020,3,Friends,11,5.0
13877,1864,2024,5,Business,63,4.0
13878,1576,2022,11,Family,8,5.0
13879,399,2022,8,Family,58,4.0
13880,1470,2021,10,Couples,140,5.0
13881,360,2023,5,Family,98,4.0
13882,907,2022,5,Friends,81,3.0
13883,1498,2024,5,Family,24,4.0
13884,73,2019,2,Family,47,4.0
13885,1452,2020,7,Business,58,4.0
13886,452,2020,4,Family,87,3.0
13887,1399,2020,12,Friends,32,3.0
13888,999,2024,9,Solo,150,3.0
13889,53,2019,11,Friends,98,3.0
13890,1524,2019,3,Business,47,4.0
13891,520,2021,2,Solo,17,3.0
13892,1905,2020,6,Friends,90,5.0
13893,1680,2020,7,Business,68,3.0
13894,386,2022,7,Friends,102,4.0
13895,1202,2022,8,Couples,90,4.0
13896,725,2024,10,Family,97,4.0
13897,1205,2021,4,COUPLES,126,4.0
13898,1115,2024,4,Friends,79,4.0
13899,592,2020,4,Couples,109,2.0
13900,1303,2020,5,Friends,54,4.0
13901,521,2021,8,Business,142,4.0
13902,1815,2019,10,Business,62,4.0
13903,1894,2019,5,Business,102,3.0
13904,332,2021,6,Couples,150,4.0
13905,1456,2022,11,Family,53,3.0
13906,1859,2020,5,Family,16,3.0
13907,254,2020,2,FAMILY,35,4.0
13908,1480,2019,5,Friends,37,3.0
13909,1876,2019,1,Family,9,4.0
13910,451,2024,5,Family,82,4.0
13911,1165,2019,11,Family,42,3.0
13912,1596,2023,10,Solo,15,3.0
13913,667,2023,11,Couples,21,4.0
13914,476,2020,4,Couples,42,3.0
13915,795,2020,6,Family,56,4.0
13916,671,2021,11,Family,147,4.0
13917,1451,2022,10,Business,106,3.0
13918,742,2019,3,Friends,108,5.0
13919,753,2023,11,Couples,104,3.0
13920,1890,2021,2,Family,121,4.0
13921,1158,2021,4,Couples,48,4.0
13922,1859,2024,7,Friends,15,4.0
13923,1421,2019,8,Couples,77,3.0
13924,1771,2024,10,Couples,1,4.0
13925,391,2022,9,Business,33,3.0
13926,1877,2021,4,COUPLES,113,4.0
13927,1889,2019,5,Couples,76,3.0
13928,82,2019,9,Business,104,3.0
13929,713,2023,12,Family,77,4.0
13930,827,2021,11,Family,82,4.0
13931,839,2023,12,Family,46,3.0
13932,1557,2023,9,Business,33,4.0
13933,1398,2021,6,Couples,39,5.0
13934,426,2020,10,Solo,120,3.0
13935,1218,2020,1,Couples,147,4.0
13936,1950,2022,12,FRIENDS,13,4.0
13937,881,2023,12,Business,81,4.0
13938,1857,2021,7,Business,71,3.0
13939,1300,2022,7,Solo,85,3.0
13940,1850,2022,7,Family,35,4.0
13941,1806,2019,2,Family,2,3.0
13942,34,2022,3,Family,31,3.0
13943,1601,2023,9,Friends,28,3.0
13944,379,2024,1,Solo,8,3.0
13945,1649,2021,9,Business,54,2.0
13946,1617,2020,4,Couples,103,4.0
13947,517,2024,2,Friends,145,4.0
13948,133,2024,8,Business,99,3.0
13949,839,2023,4,Couples,27,4.0
13950,606,2021,6,Business,55,3.0
13951,1108,2020,11,Family,46,3.0
13952,165,2022,9,Family,32,2.0
13953,89,2020,12,Couples,149,5.0
13954,875,2023,5,Business,99,4.0
13955,1540,2021,5,Family,73,4.0
13956,630,2020,9,Family,66,4.0
13957,647,2023,2,Friends,48,3.0
13958,329,2021,11,Friends,63,3.0
13959,566,2019,5,Business,96,
13960,598,2023,6,Family,140,4.0
13961,519,2020,7,Friends,75,3.0
13962,688,2022,1,Family,28,4.0
13963,567,2022,4,Friends,144,4.0
13964,1362,2019,2,Solo,48,3.0
13965,677,2019,8,Couples,13,4.0
13966,1510,2023,9,Business,82,4.0
13967,1210,2019,1,Business,119,4.0
13968,1281,2020,1,Business,39,3.0
13969,1168,2023,10,Family,42,
13970,1846,2020,5,Business,44,4.0
13971,512,2022,11,Solo,122,2.0
13972,1965,2019,8,Family,144,3.0
13973,413,2022,10,Solo,128,3.0
13974,277,2023,5,Family,34,3.0
13975,1653,2020,4,Couples,128,4.0
13976,1792,2020,9,Couples,47,4.0
13977,186,2022,8,FRIENDS,131,4.0
13978,1200,2023,7,Business,149,4.0
13979,1026,2022,5,Friends,108,4.0
13980,441,2023,8,Business,144,4.0
13981,1042,2021,5,Family,22,5.0
13982,1372,2019,11,Couples,99,4.0
13983,1149,2024,9,Family,8,4.0
13984,1040,2023,5,Friends,98,4.0
13985,1772,2019,11,Business,52,3.0
13986,452,2020,1,Solo,146,3.0
13987,1248,2021,10,Family,75,4.0
13988,634,2019,5,Couples,115,4.0
13989,1948,2024,3,Solo,46,4.0
13990,504,2020,10,Friends,12,4.0
13991,1743,2020,8,Couples,112,3.0
13992,1265,2020,1,Business,34,3.0
13993,430,2024,4,Solo,109,4.0
13994,1518,2020,6,Family,70,4.0
13995,483,2021,8,Family,146,3.0
13996,525,2023,10,Business,53,2.0
13997,690,2019,5,Family,61,4.0
13998,1364,2019,10,Couples,112,5.0
13999,784,2019,10,Couples,118,3.0
14000,1139,2020,5,Couples,19,3.0
14001,1106,2020,12,Business,112,4.0
14002,394,2024,12,Family,74,3.0
14003,466,2024,4,Family,149,4.0
14004,614,2022,7,Family,95,3.0
14005,445,2024,11,Business,117,2.0
14006,1838,2019,7,Couples,52,5.0
14007,763,2022,9,Friends,43,4.0
14008,810,2021,10,Family,118,2.0
14009,1345,2019,7,Business,3,3.0
14010,1577,2022,5,Friends,88,4.0
14011,1377,2021,7,Family,146,4.0
14012,1103,2023,10,Couples,149,3.0
14013,1953,2021,4,Friends,108,3.0
14014,1800,2021,11,Couples,75,4.0
14015,405,2020,3,Family,122,4.0
14016,321,2021,6,Friends,3,4.0
14017,786,2019,2,BUSINESS,119,4.0
14018,1671,2022,11,Family,29,4.0
14019,1930,2021,9,BUSINESS,111,2.0
14020,1406,2020,2,Solo,53,4.0
14021,1381,2021,3,Couples,113,4.0
14022,468,2024,7,Solo,91,3.0
14023,1185,2023,6,Couples,140,4.0
14024,369,2024,2,Friends,119,4.0
14025,1080,2021,11,Friends,138,4.0
14026,388,2021,6,Couples,23,4.0
14027,152,2019,9,Family,57,3.0
14028,1935,2023,10,Couples,66,5.0
14029,1787,2019,3,Business,5,3.0
14030,1371,2024,5,Couples,4,4.0
14031,1252,2023,9,Friends,6,4.0
14032,480,2021,10,Couples,116,4.0
14033,1144,2022,3,Family,67,4.0
14034,1497,2024,4,Friends,113,4.0
14035,1080,2019,10,Couples,126,5.0
14036,564,2023,5,BUSINESS,6,3.0
14037,784,2024,1,Family,128,4.0
14038,1682,2022,6,Business,34,2.0
14039,510,2022,2,Business,61,2.0
14040,1923,2022,8,Business,145,4.0
14041,1511,2019,12,Couples,46,4.0
14042,1781,2024,2,FAMILY,141,4.0
14043,1020,2020,4,COUPLES,76,3.0
14044,448,2021,7,Solo,3,3.0
14045,68,2024,2,Friends,125,3.0
14046,1070,2019,7,Solo,7,3.0
14047,799,2021,3,Family,96,3.0
14048,228,2022,8,Business,69,3.0
14049,1858,2020,5,Business,21,4.0
14050,1941,2023,12,Couples,78,4.0
14051,748,2022,11,Friends,55,4.0
14052,1337,2020,12,Family,15,4.0
14053,827,2020,2,Couples,84,3.0
14054,994,2020,12,FAMILY,7,3.0
14055,1248,2023,1,Couples,81,4.0
14056,833,2022,3,Family,34,4.0
14057,1604,2023,11,Couples,125,4.0
14058,379,2023,11,Couples,143,4.0
14059,1337,2023,4,Family,140,4.0
14060,1967,2024,11,Solo,141,4.0
14061,1701,2022,1,Family,16,
14062,92,2021,5,Couples,77,4.0
14063,228,2023,1,Family,34,4.0
14064,1258,2024,7,FAMILY,15,4.0
14065,1850,2020,11,Business,59,3.0
14066,1689,2021,8,Family,65,4.0
14067,1808,2024,7,Couples,45,5.0
14068,300,2022,3,Family,18,3.0
14069,1039,2019,8,Business,62,4.0
14070,1452,2021,4,Friends,24,3.0
14071,1250,2020,8,Business,7,3.0
14072,1555,2021,2,Couples,68,3.0
14073,426,2024,7,Couples,10,5.0
14074,915,2024,6,Friends,145,4.0
14075,896,2024,10,Solo,126,3.0
14076,1880,2023,11,Couples,139,3.0
14077,406,2022,11,Business,16,3.0
14078,653,2022,5,Family,70,4.0
14079,44,2021,8,COUPLES,124,3.0
14080,304,2019,8,Business,87,2.0
14081,1962,2019,11,Couples,46,4.0
14082,1696,2022,10,Couples,125,5.0
14083,519,2022,1,Family,47,4.0
14084,1405,2020,10,Family,147,2.0
14085,1187,2019,6,Couples,16,3.0
14086,1814,2019,12,Couples,106,4.0
14087,601,2020,8,Couples,2,4.0
14088,1989,2024,5,Friends,138,5.0
14089,742,2021,3,Family,54,3.0
14090,1434,2024,12,Friends,4,4.0
14091,796,2024,2,Solo,126,2.0
14092,1344,2024,2,Family,146,4.0
14093,671,2024,2,Solo,138,4.0
14094,1687,2020,7,Couples,73,5.0
14095,1275,2024,4,Couples,10,3.0
14096,578,2024,7,Family,35,4.0
14097,1922,2023,10,Couples,5,3.0
14098,1419,2020,4,Family,7,
14099,858,2020,1,Friends,24,4.0
14100,272,2022,5,Solo,85,4.0
14101,1947,2019,8,Family,115,3.0
14102,1510,2023,9,Friends,88,3.0
14103,1336,2021,1,Family,31,5.0
14104,1667,2019,11,Family,91,4.0
14105,1215,2020,8,Couples,35,4.0
14106,465,2021,6,Family,70,4.0
14107,475,2022,4,Couples,134,3.0
14108,159,2022,12,Friends,21,
14109,126,2021,2,Business,132,3.0
14110,1458,2022,6,Friends,41,4.0
14111,1704,2024,6,Family,101,4.0
14112,328,2021,7,Business,40,2.0
14113,1148,2021,3,Friends,25,4.0
14114,248,2019,12,Family,68,4.0
14115,829,2021,5,Friends,58,3.0
14116,1582,2020,9,Business,77,3.0
14117,1624,2023,8,Couples,36,4.0
14118,1898,2019,3,Friends,147,3.0
14119,622,2022,12,Family,101,3.0
14120,1898,2023,6,Couples,127,4.0
14121,1568,2020,8,Family,117,5.0
14122,678,2019,8,Couples,109,4.0
14123,656,2023,7,Solo,22,4.0
14124,216,2022,8,Couples,89,3.0
14125,1842,2022,7,Family,135,4.0
14126,407,2024,9,Couples,15,5.0
14127,536,2019,6,Couples,70,4.0
14128,826,2020,10,Family,28,3.0
14129,276,2021,7,Business,120,4.0
14130,1612,2022,12,Couples,140,4.0
14131,1397,2024,7,Family,8,4.0
14132,314,2022,8,Family,121,3.0
14133,326,2020,6,Solo,55,3.0
14134,44,2024,5,Family,145,4.0
14135,1899,2021,10,Business,3,3.0
14136,872,2024,8,Business,29,3.0
14137,1312,2020,5,Family,108,3.0
14138,300,2023,10,Couples,117,5.0
14139,462,2022,2,Couples,12,4.0
14140,1083,2022,1,Solo,25,4.0
14141,418,2024,8,Friends,51,3.0
14142,1226,2019,6,Couples,6,3.0
14143,1848,2020,10,Business,118,3.0
14144,611,2020,8,Friends,101,4.0
14145,1216,2023,10,Family,113,4.0
14146,1832,2024,4,Couples,71,4.0
14147,1788,2024,4,Family,97,2.0
14148,16,2020,4,Friends,86,3.0
14149,221,2020,8,Business,105,2.0
14150,1973,2021,9,Friends,68,4.0
14151,1851,2023,12,Friends,98,4.0
14152,644,2023,3,Family,97,5.0
14153,1041,2024,2,Solo,97,3.0
14154,1146,2023,12,Couples,131,4.0
14155,1337,2024,7,Friends,53,3.0
14156,1501,2020,5,Family,132,4.0
14157,746,2022,4,Couples,5,4.0
14158,1780,2022,11,Family,73,3.0
14159,119,2019,10,Family,67,4.0
14160,65,2024,3,Couples,131,4.0
14161,1916,2019,4,Couples,7,3.0
14162,355,2024,11,Family,33,4.0
14163,1990,2020,9,Solo,71,
14164,572,2020,10,Friends,123,3.0
14165,730,2022,2,Couples,70,4.0
14166,56,2021,7,Couples,96,4.0
14167,1888,2021,1,Friends,27,5.0
14168,719,2024,6,Friends,142,4.0
14169,336,2023,2,Family,118,3.0
14170,967,2022,4,Friends,7,5.0
14171,310,2023,4,Business,106,3.0
14172,1580,2023,3,Business,20,3.0
14173,147,2020,11,Couples,84,4.0
14174,999,2021,5,Family,107,4.0
14175,783,2024,2,Friends,139,4.0
14176,75,2023,12,Friends,11,4.0
14177,105,2019,1,Friends,44,5.0
14178,1038,2020,2,Couples,104,3.0
14179,790,2020,11,Friends,40,3.0
14180,260,2022,6,Solo,107,4.0
14181,277,2023,5,Couples,28,5.0
14182,1610,2021,4,Business,25,4.0
14183,1462,2020,8,Friends,82,3.0
14184,1216,2022,5,Business,104,4.0
14185,1667,2020,2,Friends,31,4.0
14186,139,2023,12,Couples,132,3.0
14187,1376,2024,11,Couples,131,5.0
14188,1506,2022,3,Solo,13,3.0
14189,401,2024,7,Couples,46,4.0
14190,1073,2022,6,Family,84,5.0
14191,1534,2023,2,Business,74,2.0
14192,1207,2024,5,Couples,39,4.0
14193,500,2020,8,Couples,80,4.0
14194,1330,2022,2,Family,145,3.0
14195,1519,2020,5,Business,47,4.0
14196,20,2019,4,Couples,33,4.0
14197,1135,2020,5,Couples,111,3.0
14198,1010,2019,8,Friends,86,3.0
14199,734,2020,5,Couples,104,4.0
14200,89,2019,10,Friends,97,3.0
14201,167,2024,7,Solo,115,4.0
14202,1501,2021,9,Couples,110,4.0
14203,1656,2019,8,Couples,91,4.0
14204,839,2021,10,Friends,69,4.0
14205,1880,2023,2,Couples,70,4.0
14206,1856,2022,12,Friends,40,5.0
14207,1332,2019,10,Solo,68,4.0
14208,1162,2019,3,Family,91,4.0
14209,1930,2022,1,COUPLES,108,3.0
14210,1220,2024,1,Business,116,3.0
14211,1869,2019,9,Family,57,2.0
14212,1958,2024,6,Couples,110,4.0
14213,390,2019,3,Friends,66,4.0
14214,1322,2021,4,Family,54,3.0
14215,1463,2020,6,Family,25,4.0
14216,1641,2021,1,Family,40,3.0
14217,699,2024,7,Business,102,3.0
14218,1724,2020,1,Friends,33,4.0
14219,976,2022,8,Friends,12,4.0
14220,774,2020,1,Family,41,4.0
14221,314,2022,10,Family,149,5.0
14222,643,2019,4,Business,23,4.0
14223,1950,2020,7,Family,22,4.0
14224,1433,2024,5,Solo,61,2.0
14225,1453,2023,11,Friends,58,3.0
14226,1792,2024,10,Business,139,2.0
14227,534,2023,12,Couples,36,4.0
14228,1324,2020,9,Solo,63,4.0
14229,743,2021,12,Family,44,5.0
14230,1696,2024,3,COUPLES,38,5.0
14231,845,2023,4,Family,49,4.0
14232,1710,2022,10,Couples,39,5.0
14233,1496,2024,1,Solo,108,4.0
14234,1544,2019,3,Couples,119,4.0
14235,1852,2024,9,Couples,27,4.0
14236,1582,2019,5,Business,75,4.0
14237,643,2024,4,Business,40,3.0
14238,1044,2023,4,Family,131,4.0
14239,946,2021,10,Family,16,3.0
14240,130,2021,6,Family,62,4.0
14241,1187,2019,1,Couples,50,4.0
14242,875,2020,7,Friends,55,4.0
14243,787,2020,10,Friends,142,3.0
14244,220,2023,2,Family,82,4.0
14245,1009,2020,1,Family,58,4.0
14246,1159,2023,8,Couples,122,5.0
14247,212,2020,11,Friends,117,3.0
14248,1270,2024,1,BUSINESS,22,3.0
14249,336,2021,8,Friends,70,4.0
14250,291,2023,10,Family,62,4.0
14251,803,2023,2,Business,68,3.0
14252,779,2024,4,Business,53,3.0
14253,1830,2022,7,Solo,124,3.0
14254,136,2021,8,Family,150,3.0
14255,699,2022,7,Family,5,3.0
14256,1470,2019,3,Solo,129,2.0
14257,500,2024,11,Family,130,5.0
14258,1964,2023,6,Friends,55,4.0
14259,1486,2019,7,Friends,73,4.0
14260,1893,2020,7,Friends,16,4.0
14261,1899,2019,7,BUSINESS,53,4.0
14262,219,2023,4,Solo,36,4.0
14263,919,2022,4,Family,137,5.0
14264,1490,2019,2,Family,17,4.0
14265,18,2022,9,Friends,51,3.0
14266,905,2021,4,Business,73,3.0
14267,1377,2021,1,Couples,147,5.0
14268,1586,2022,1,Family,123,3.0
14269,831,2024,12,Family,141,5.0
14270,1727,2024,6,Family,47,4.0
14271,1348,2019,8,Family,41,4.0
14272,91,2024,7,Solo,86,3.0
14273,556,2022,11,Business,52,3.0
14274,1876,2020,11,Couples,3,4.0
14275,5,2024,10,Couples,122,4.0
14276,217,2021,12,Solo,15,4.0
14277,689,2021,3,Couples,30,3.0
14278,1988,2024,6,Couples,142,3.0
14279,1410,2022,4,Solo,110,4.0
14280,296,2019,10,Family,97,5.0
14281,787,2019,4,Business,20,3.0
14282,1880,2023,10,Solo,38,4.0
14283,439,2021,3,Business,31,3.0
14284,1151,2019,9,Family,97,3.0
14285,929,2019,1,Couples,76,3.0
14286,1521,2024,10,Family,55,3.0
14287,1505,2022,10,Couples,112,
14288,1667,2022,7,Friends,117,4.0
14289,239,2022,7,Family,111,4.0
14290,908,2021,6,COUPLES,16,3.0
14291,1384,2024,8,Friends,92,4.0
14292,838,2022,7,Friends,32,4.0
14293,1335,2022,6,Family,41,3.0
14294,1272,2024,7,Family,147,3.0
14295,742,2019,2,Family,63,4.0
14296,201,2020,6,Family,119,4.0
14297,1941,2023,6,Friends,37,3.0
14298,1652,2019,11,Business,146,4.0
14299,1790,2020,4,Couples,42,4.0
14300,600,2019,12,Friends,28,3.0
14301,633,2023,11,Solo,49,3.0
14302,647,2024,10,Couples,27,4.0
14303,63,2020,9,Business,90,4.0
14304,340,2023,4,Friends,22,4.0
14305,617,2023,2,Solo,32,3.0
14306,1975,2024,10,Friends,106,
14307,410,2024,9,Family,7,3.0
14308,1016,2021,10,COUPLES,67,5.0
14309,1095,2019,7,Solo,104,3.0
14310,720,2023,11,Friends,67,4.0
14311,1838,2022,1,Family,4,4.0
14312,187,2021,2,Friends,24,4.0
14313,1741,2022,1,Friends,146,4.0
14314,1488,2022,4,Business,116,3.0
14315,612,2020,2,Business,53,3.0
14316,1536,2020,1,Couples,132,4.0
14317,858,2021,10,Solo,1,4.0
14318,1942,2021,2,Family,8,3.0
14319,74,2023,10,Family,133,3.0
14320,60,2019,8,Couples,102,3.0
14321,1089,2020,8,Family,90,4.0
14322,1863,2023,2,Couples,52,4.0
14323,127,2019,1,Solo,123,3.0
14324,1556,2023,2,Family,92,3.0
14325,1878,2023,4,Friends,66,3.0
14326,973,2020,12,Couples,58,4.0
14327,1734,2022,5,Couples,54,4.0
14328,1514,2021,3,Couples,87,3.0
14329,429,2020,4,Couples,99,5.0
14330,1709,2019,5,Family,121,5.0
14331,1399,2024,7,Business,61,3.0
14332,26,2024,10,Family,39,4.0
14333,1137,2024,1,Business,84,4.0
14334,1309,2019,10,Solo,88,3.0
14335,1603,2024,1,Business,42,4.0
14336,1543,2022,4,Friends,11,4.0
14337,952,2022,8,Friends,50,4.0
14338,598,2021,2,Solo,11,
14339,384,2020,4,Family,13,4.0
14340,179,2020,8,Family,145,4.0
14341,1280,2020,9,Family,118,4.0
14342,1920,2023,1,Friends,6,4.0
14343,161,2024,10,Friends,53,3.0
14344,1406,2024,5,Family,39,4.0
14345,1170,2024,8,Friends,147,4.0
14346,344,2019,3,Solo,66,3.0
14347,426,2023,12,Business,39,4.0
14348,569,2024,10,Family,96,4.0
14349,1370,2022,8,Business,72,3.0
14350,598,2022,3,Family,29,4.0
14351,1657,2021,10,Friends,46,3.0
14352,740,2023,5,Couples,20,4.0
14353,220,2023,8,Business,105,3.0
14354,191,2022,8,Friends,146,4.0
14355,801,2019,10,Couples,122,4.0
14356,816,2024,11,Family,57,3.0
14357,1468,2022,5,Business,74,2.0
14358,958,2024,1,Solo,10,3.0
14359,328,2023,6,Couples,56,3.0
14360,427,2022,5,Friends,5,3.0
14361,1134,2023,5,Couples,112,4.0
14362,669,2020,6,Couples,137,5.0
14363,1344,2021,7,Couples,29,4.0
14364,1847,2019,8,Family,102,2.0
14365,710,2023,5,Friends,90,3.0
14366,1104,2020,8,Family,63,4.0
14367,1664,2019,12,Business,111,4.0
14368,421,2023,8,Family,102,4.0
14369,1022,2020,8,Family,41,3.0
14370,611,2020,4,Family,120,4.0
14371,1254,2019,5,Friends,99,4.0
14372,1487,2022,1,FAMILY,47,4.0
14373,282,2021,7,Friends,111,3.0
14374,375,2022,1,Family,97,4.0
14375,47,2021,10,Couples,18,5.0
14376,25,2023,12,Couples,25,3.0
14377,102,2021,10,Friends,49,3.0
14378,1414,2023,2,Couples,7,3.0
14379,1808,2021,8,Business,61,2.0
14380,820,2019,6,Friends,70,4.0
14381,1766,2021,1,Family,117,3.0
14382,1460,2020,9,Couples,26,5.0
14383,1616,2021,11,Friends,86,4.0
14384,1480,2019,6,Couples,100,4.0
14385,400,2023,11,Friends,68,3.0
14386,1047,2022,1,Couples,137,4.0
14387,1051,2019,11,Friends,48,4.0
14388,1284,2024,9,Friends,62,4.0
14389,1593,2021,9,Couples,1,3.0
14390,226,2020,7,FRIENDS,62,2.0
14391,1350,2019,1,Family,4,3.0
14392,1667,2020,6,Friends,148,4.0
14393,232,2019,12,Business,37,2.0
14394,830,2021,6,Friends,122,3.0
14395,1792,2022,1,Solo,18,2.0
14396,49,2021,6,FRIENDS,42,4.0
14397,322,2024,2,Solo,18,4.0
14398,1608,2024,6,Family,56,5.0
14399,344,2020,8,Friends,91,4.0
14400,1404,2022,1,Family,63,4.0
14401,1803,2021,6,Couples,91,5.0
14402,998,2020,7,Family,121,4.0
14403,970,2020,10,Couples,7,4.0
14404,858,2022,1,Solo,64,3.0
14405,746,2019,8,Friends,90,5.0
14406,761,2023,8,Friends,79,3.0
14407,1108,2024,1,Family,22,3.0
14408,1792,2021,2,Friends,31,4.0
14409,1963,2022,8,Couples,57,4.0
14410,1732,2024,11,Family,98,5.0
14411,240,2023,11,Couples,149,4.0
14412,614,2021,10,Family,56,4.0
14413,1514,2024,11,Business,79,2.0
14414,1092,2019,8,Friends,46,3.0
14415,669,2022,2,Family,6,5.0
14416,623,2020,7,Solo,60,3.0
14417,235,2020,5,Friends,53,4.0
14418,665,2022,4,Family,23,5.0
14419,844,2023,2,Couples,101,4.0
14420,832,2023,1,Family,39,4.0
14421,1098,2023,10,Friends,34,3.0
14422,546,2020,3,Family,59,3.0
14423,412,2021,8,Family,145,4.0
14424,1776,2019,4,Friends,96,3.0
14425,811,2022,6,Business,64,3.0
14426,510,2023,5,Family,124,4.0
14427,1272,2021,4,Friends,4,3.0
14428,1085,2020,6,Couples,51,4.0
14429,1153,2020,10,Friends,82,4.0
14430,444,2022,7,Family,74,3.0
14431,1447,2023,10,Family,102,4.0
14432,385,2021,11,Solo,106,5.0
14433,1673,2020,6,Couples,69,5.0
14434,849,2021,10,Couples,140,4.0
14435,819,2020,2,Couples,140,4.0
14436,777,2019,7,Solo,72,4.0
14437,846,2021,6,Couples,136,3.0
14438,1331,2024,1,Business,97,4.0
14439,994,2022,11,Couples,21,4.0
14440,254,2019,9,Family,18,4.0
14441,1133,2024,8,Couples,12,3.0
14442,535,2020,9,COUPLES,32,3.0
14443,217,2022,10,Family,47,5.0
14444,1680,2022,10,Family,11,4.0
14445,626,2023,4,Family,92,4.0
14446,1191,2023,6,Family,62,5.0
14447,344,2020,5,Family,91,4.0
14448,679,2023,11,Friends,76,3.0
14449,772,2022,2,FAMILY,41,3.0
14450,268,2021,11,Friends,93,3.0
14451,1947,2019,5,Couples,143,3.0
14452,624,2022,10,Solo,48,3.0
14453,1166,2021,3,Friends,47,4.0
14454,1132,2021,11,Family,78,3.0
14455,859,2023,7,Family,121,4.0
14456,1172,2023,12,Business,80,3.0
14457,1132,2020,5,Solo,125,4.0
14458,161,2020,12,Business,12,4.0
14459,1339,2024,11,Family,15,3.0
14460,229,2022,1,Couples,61,4.0
14461,870,2021,5,Couples,35,4.0
14462,730,2024,5,FAMILY,4,5.0
14463,896,2023,3,Family,33,4.0
14464,144,2024,11,BUSINESS,41,3.0
14465,1403,2021,2,Couples,138,5.0
14466,838,2019,4,Family,118,4.0
14467,122,2023,4,Friends,53,4.0
14468,8,2023,6,Family,144,5.0
14469,1081,2022,9,Solo,126,4.0
14470,1333,2021,1,Business,38,3.0
14471,1095,2019,8,Family,72,4.0
14472,1441,2020,5,FAMILY,139,3.0
14473,1514,2024,8,Couples,69,2.0
14474,1744,2020,1,Friends,56,3.0
14475,1966,2022,11,BUSINESS,136,3.0
14476,1770,2022,7,FAMILY,100,4.0
14477,1592,2021,4,Couples,67,5.0
14478,862,2024,10,Family,131,4.0
14479,1008,2023,6,Friends,112,3.0
14480,1233,2024,5,Friends,53,3.0
14481,339,2020,3,Friends,64,3.0
14482,1356,2023,6,Couples,8,3.0
14483,1177,2023,3,Business,16,3.0
14484,1041,2024,9,Friends,144,5.0
14485,1669,2021,5,Business,8,4.0
14486,1375,2020,2,Couples,126,4.0
14487,1865,2023,9,Friends,32,4.0
14488,1954,2023,11,Family,82,3.0
14489,1651,2020,11,Family,109,5.0
14490,596,2020,6,Solo,149,4.0
14491,378,2023,4,Solo,57,
14492,599,2022,3,Business,139,2.0
14493,1426,2024,5,Friends,69,3.0
14494,1729,2022,2,Family,131,4.0
14495,1761,2024,11,Friends,16,3.0
14496,1368,2020,3,Couples,41,3.0
14497,1363,2023,10,Solo,94,3.0
14498,1904,2020,5,Friends,106,5.0
14499,1372,2023,9,Family,121,5.0
14500,282,2021,11,Couples,54,4.0
14501,1001,2022,5,Couples,94,5.0
14502,718,2023,12,Couples,94,5.0
14503,1274,2019,5,Family,148,5.0
14504,1272,2020,4,Couples,18,3.0
14505,589,2022,9,Family,3,4.0
14506,600,2021,2,Family,87,3.0
14507,178,2022,2,Couples,3,4.0
14508,587,2021,5,Couples,30,4.0
14509,1656,2019,7,Business,76,3.0
14510,1311,2024,6,Couples,41,4.0
14511,1887,2023,1,Family,40,2.0
14512,1853,2022,7,Business,52,2.0
14513,1714,2019,8,Business,103,4.0
14514,360,2020,4,Couples,55,3.0
14515,668,2022,7,Family,119,4.0
14516,115,2019,5,Solo,24,3.0
14517,188,2021,1,Solo,16,2.0
14518,463,2024,9,Couples,25,3.0
14519,561,2024,6,Family,138,3.0
14520,31,2022,12,Family,42,3.0
14521,1686,2020,3,Couples,5,4.0
14522,1055,2019,1,Friends,48,4.0
14523,1312,2020,10,Couples,104,4.0
14524,1308,2020,11,FAMILY,55,4.0
14525,1934,2022,11,Solo,58,4.0
14526,295,2023,12,Couples,13,4.0
14527,686,2021,4,Family,101,3.0
14528,617,2023,9,Friends,34,2.0
14529,1103,2019,1,Couples,15,3.0
14530,1053,2021,6,Solo,108,3.0
14531,1581,2022,11,Couples,141,4.0
14532,1122,2019,8,Family,92,4.0
14533,468,2024,11,Business,141,3.0
14534,1130,2024,12,Family,61,4.0
14535,1929,2023,10,Couples,78,4.0
14536,1158,2023,9,Family,54,3.0
14537,1185,2020,5,Family,77,4.0
14538,352,2020,7,Family,134,4.0
14539,16,2020,1,Solo,96,4.0
14540,420,2019,7,Friends,5,3.0
14541,51,2022,12,Friends,88,3.0
14542,905,2024,2,Friends,57,3.0
14543,1765,2023,6,Business,82,3.0
14544,894,2024,11,Couples,84,5.0
14545,1291,2024,5,Couples,89,4.0
14546,1712,2022,8,Couples,130,5.0
14547,1527,2019,10,Business,129,4.0
14548,1302,2024,10,Couples,146,4.0
14549,1569,2022,9,Family,92,4.0
14550,562,2022,1,COUPLES,43,4.0
14551,841,2024,1,BUSINESS,30,4.0
14552,798,2023,10,Friends,128,3.0
14553,1598,2019,12,Couples,138,3.0
14554,818,2023,4,Family,6,4.0
14555,1876,2024,7,Friends,33,4.0
14556,374,2020,1,Couples,102,4.0
14557,345,2021,3,Business,25,4.0
14558,1433,2019,6,Friends,8,4.0
14559,1529,2023,1,Friends,150,4.0
14560,1359,2019,8,FAMILY,15,4.0
14561,616,2021,7,Family,33,4.0
14562,19,2022,2,Friends,149,4.0
14563,643,2024,8,COUPLES,16,4.0
14564,934,2020,6,Couples,120,4.0
14565,826,2024,2,Family,85,5.0
14566,1845,2019,3,Couples,81,4.0
14567,1728,2019,7,Family,125,3.0
14568,1551,2019,10,Friends,4,5.0
14569,45,2023,6,Family,10,3.0
14570,255,2021,8,Business,30,3.0
14571,868,2019,6,Family,74,3.0
14572,1244,2023,11,Friends,145,3.0
14573,1361,2020,12,Couples,11,4.0
14574,593,2023,6,Family,64,3.0
14575,221,2022,4,Couples,65,4.0
14576,657,2019,7,Friends,30,3.0
14577,1585,2022,11,Couples,52,4.0
14578,1974,2024,8,FAMILY,31,3.0
14579,1884,2021,5,Family,21,4.0
14580,1187,2024,10,Couples,79,3.0
14581,182,2020,3,Solo,140,4.0
14582,1936,2020,4,Solo,61,3.0
14583,306,2020,2,COUPLES,96,2.0
14584,537,2020,11,Couples,101,5.0
14585,1949,2020,12,Family,127,3.0
14586,1008,2022,12,Couples,124,4.0
14587,396,2019,1,Couples,136,4.0
14588,1005,2022,11,Business,123,2.0
14589,158,2020,3,Business,140,4.0
14590,632,2019,12,Family,145,3.0
14591,1905,2023,5,COUPLES,113,3.0
14592,598,2022,4,Business,74,3.0
14593,1786,2020,8,Solo,47,3.0
14594,1086,2022,10,Couples,86,4.0
14595,1312,2024,5,Couples,125,4.0
14596,1406,2020,10,Family,114,3.0
14597,1103,2020,1,Friends,79,3.0
14598,69,2023,11,Friends,12,4.0
14599,1839,2021,7,Couples,41,4.0
14600,951,2023,7,Friends,87,3.0
14601,1312,2020,11,Family,58,4.0
14602,1108,2024,1,Family,69,3.0
14603,1317,2019,11,Family,46,4.0
14604,710,2020,3,Couples,12,5.0
14605,1688,2022,12,Friends,70,5.0
14606,449,2022,9,Family,67,4.0
14607,1307,2021,5,Family,118,3.0
14608,1156,2024,1,Family,17,4.0
14609,1008,2021,2,Family,73,4.0
14610,44,2023,2,Friends,129,4.0
14611,780,2021,1,Business,41,4.0
14612,96,2021,8,Business,48,3.0
14613,1007,2023,11,Family,14,3.0
14614,1376,2021,10,Couples,87,4.0
14615,1045,2021,9,Business,129,3.0
14616,1515,2023,12,Business,73,5.0
14617,722,2019,8,Friends,63,4.0
14618,613,2021,2,Solo,113,
14619,897,2020,6,Family,67,4.0
14620,459,2021,10,Friends,60,4.0
14621,1604,2022,6,FRIENDS,115,2.0
14622,1620,2021,4,Friends,43,3.0
14623,834,2024,6,Couples,128,5.0
14624,1586,2024,10,Business,41,3.0
14625,52,2019,5,Family,77,4.0
14626,310,2022,5,Solo,38,3.0
14627,567,2020,6,Friends,95,3.0
14628,776,2023,6,BUSINESS,66,3.0
14629,464,2021,3,Solo,36,3.0
14630,1025,2024,4,BUSINESS,112,2.0
14631,1588,2024,2,Family,141,4.0
14632,913,2019,10,Friends,5,4.0
14633,899,2019,3,FAMILY,86,4.0
14634,120,2019,12,Family,108,4.0
14635,561,2023,12,Couples,108,5.0
14636,1615,2020,9,Solo,34,3.0
14637,1622,2023,12,Business,18,3.0
14638,209,2020,11,Family,78,3.0
14639,39,2020,10,Business,96,3.0
14640,1663,2022,5,Business,44,4.0
14641,349,2023,11,Couples,56,3.0
14642,1150,2022,5,Business,80,3.0
14643,1654,2022,2,Couples,68,3.0
14644,1575,2023,7,Couples,73,5.0
14645,1102,2020,2,Solo,103,4.0
14646,754,2022,2,Business,148,3.0
14647,1548,2020,2,Family,120,5.0
14648,1390,2019,11,Family,2,5.0
14649,1677,2020,1,Friends,53,3.0
14650,1028,2020,5,Couples,2,3.0
14651,1884,2020,9,Couples,131,4.0
14652,1540,2019,10,Business,97,3.0
14653,127,2023,1,Business,33,3.0
14654,588,2021,11,Family,126,4.0
14655,1599,2022,12,Family,85,4.0
14656,233,2023,12,Friends,8,5.0
14657,1418,2023,8,Friends,23,3.0
14658,682,2019,7,Friends,122,3.0
14659,415,2022,3,Couples,44,4.0
14660,1080,2021,2,Friends,79,3.0
14661,1864,2021,10,Business,135,4.0
14662,1796,2023,11,FRIENDS,44,3.0
14663,809,2019,10,Family,2,3.0
14664,8,2020,8,Family,13,3.0
14665,1776,2023,7,Family,138,4.0
14666,1795,2021,3,Family,90,
14667,1211,2019,2,Family,50,4.0
14668,1258,2020,3,Solo,12,3.0
14669,1054,2020,5,Couples,105,3.0
14670,25,2020,4,Friends,6,
14671,320,2023,7,COUPLES,14,4.0
14672,287,2020,10,Business,90,3.0
14673,1829,2023,9,Couples,97,4.0
14674,100,2020,10,Couples,86,4.0
14675,1114,2019,4,Family,137,5.0
14676,726,2019,12,Business,41,4.0
14677,13,2022,11,Friends,84,4.0
14678,1839,2023,5,Family,46,
14679,37,2019,4,Business,55,2.0
14680,1712,2020,11,Family,23,4.0
14681,1556,2023,12,Solo,120,3.0
14682,1588,2024,6,Business,106,4.0
14683,324,2023,2,Couples,107,4.0
14684,1763,2022,8,Friends,22,3.0
14685,1198,2023,10,Business,18,4.0
14686,804,2020,6,Solo,118,2.0
14687,1363,2019,2,Solo,100,3.0
14688,683,2022,9,Couples,5,4.0
14689,559,2022,10,FAMILY,100,2.0
14690,577,2023,11,Solo,148,4.0
14691,1139,2020,11,Business,113,4.0
14692,1203,2024,6,Couples,42,5.0
14693,481,2021,4,Business,48,4.0
14694,492,2021,2,Friends,113,3.0
14695,1893,2024,2,Family,61,4.0
14696,1030,2022,10,Friends,111,4.0
14697,1721,2019,12,Couples,145,3.0
14698,661,2020,8,Family,61,3.0
14699,577,2022,12,Friends,87,3.0
14700,566,2020,4,Couples,74,4.0
14701,1058,2019,10,Friends,77,3.0
14702,1559,2020,5,COUPLES,12,3.0
14703,1002,2022,5,Business,149,3.0
14704,590,2019,8,Couples,82,4.0
14705,1921,2022,2,FRIENDS,35,5.0
14706,1145,2023,5,Friends,87,3.0
14707,789,2021,6,Friends,60,4.0
14708,20,2023,6,Family,124,3.0
14709,1125,2022,9,Solo,114,4.0
14710,1243,2021,4,FAMILY,58,4.0
14711,1858,2024,2,Solo,107,4.0
14712,462,2022,8,Friends,5,3.0
14713,326,2023,1,Family,146,4.0
14714,1999,2022,12,Business,77,3.0
14715,1101,2024,11,Solo,99,4.0
14716,54,2021,5,Family,97,3.0
14717,212,2020,9,Friends,47,4.0
14718,951,2020,7,Family,104,5.0
14719,1235,2024,9,Couples,60,5.0
14720,488,2023,3,Couples,103,5.0
14721,732,2020,12,Couples,14,4.0
14722,1473,2021,11,Family,22,4.0
14723,1936,2019,7,Friends,139,5.0
14724,983,2024,11,Family,111,4.0
14725,831,2021,4,Family,20,4.0
14726,723,2021,10,Couples,33,5.0
14727,273,2020,11,Family,82,
14728,106,2019,9,Couples,1,4.0
14729,1668,2023,12,Friends,61,4.0
14730,75,2020,3,Friends,49,4.0
14731,1642,2019,1,Couples,21,4.0
14732,495,2024,7,Family,45,4.0
14733,1390,2022,4,Couples,44,3.0
14734,1904,2019,8,Solo,11,3.0
14735,1498,2020,5,Couples,96,
14736,1460,2022,11,Friends,41,4.0
14737,530,2020,2,Friends,5,3.0
14738,1197,2024,12,Solo,4,4.0
14739,1285,2024,3,Friends,145,3.0
14740,851,2024,4,Family,18,4.0
14741,77,2022,1,Family,137,4.0
14742,1825,2024,9,Family,25,4.0
14743,394,2020,9,Business,13,4.0
14744,1947,2022,12,Solo,82,3.0
14745,1865,2023,2,Family,131,5.0
14746,38,2022,6,Family,11,3.0
14747,1479,2024,11,Couples,50,4.0
14748,1269,2019,1,Family,113,4.0
14749,462,2021,8,Couples,11,5.0
14750,1626,2023,3,Couples,26,4.0
14751,223,2020,5,Family,46,3.0
14752,498,2021,10,Couples,121,4.0
14753,1898,2024,10,Family,122,4.0
14754,1486,2022,1,Couples,107,
14755,225,2021,8,Couples,100,4.0
14756,289,2021,5,FRIENDS,4,4.0
14757,515,2020,10,Family,36,3.0
14758,142,2023,11,Family,139,3.0
14759,366,2019,11,Solo,108,4.0
14760,1144,2020,2,Couples,37,4.0
14761,15,2019,10,Friends,107,5.0
14762,575,2023,12,FRIENDS,109,4.0
14763,629,2024,10,COUPLES,112,4.0
14764,1942,2019,5,Family,148,4.0
14765,1949,2024,9,Business,82,4.0
14766,1691,2024,1,Couples,9,3.0
14767,684,2022,5,Couples,123,4.0
14768,1055,2019,10,Friends,3,4.0
14769,1009,2023,8,Couples,97,4.0
14770,1721,2022,4,BUSINESS,120,5.0
14771,1492,2023,7,Business,19,4.0
14772,1814,2020,1,Friends,120,3.0
14773,1103,2022,12,Business,122,2.0
14774,1839,2024,7,Family,99,5.0
14775,1488,2023,7,Couples,49,3.0
14776,1478,2022,5,Couples,31,4.0
14777,1324,2024,3,Friends,106,4.0
14778,672,2021,4,Family,24,5.0
14779,1218,2020,6,Family,102,3.0
14780,714,2024,6,Solo,26,3.0
14781,1300,2019,5,Friends,51,
14782,510,2022,7,Friends,76,3.0
14783,1599,2023,6,Business,25,3.0
14784,1143,2023,4,Couples,120,4.0
14785,1421,2023,7,Solo,105,3.0
14786,444,2021,3,Family,3,3.0
14787,1584,2020,12,Family,128,4.0
14788,1606,2019,9,Family,108,5.0
14789,292,2020,4,Friends,126,5.0
14790,701,2024,9,Family,91,5.0
14791,1356,2023,12,Business,94,3.0
14792,1748,2021,10,Business,58,4.0
14793,1475,2021,10,Couples,35,4.0
14794,944,2021,3,Friends,36,3.0
14795,600,2024,3,Family,48,3.0
14796,1820,2021,7,Friends,44,3.0
14797,1750,2024,4,Family,114,4.0
14798,1794,2019,2,SOLO,79,2.0
14799,610,2021,11,Friends,62,3.0
14800,873,2022,5,Couples,109,4.0
14801,488,2023,10,Family,110,3.0
14802,1910,2019,9,Friends,141,5.0
14803,1735,2022,2,Business,47,4.0
14804,347,2024,3,Couples,37,3.0
14805,495,2019,8,Friends,1,3.0
14806,1105,2020,8,Solo,24,4.0
14807,832,2021,4,Couples,91,4.0
14808,920,2020,2,Couples,122,4.0
14809,736,2021,8,Friends,91,4.0
14810,1348,2024,3,Couples,149,4.0
14811,1797,2024,3,Solo,95,3.0
14812,1835,2022,5,Business,133,4.0
14813,911,2024,5,Couples,41,4.0
14814,1656,2023,5,Business,49,3.0
14815,1389,2019,5,Business,122,3.0
14816,394,2021,7,Couples,100,4.0
14817,1589,2024,7,Family,74,3.0
14818,701,2021,1,Couples,144,4.0
14819,1256,2022,3,Solo,115,3.0
14820,1442,2021,7,Couples,45,4.0
14821,1888,2019,9,Family,92,5.0
14822,1897,2022,1,Family,60,4.0
14823,1606,2021,10,Business,63,3.0
14824,1012,2023,2,Family,121,3.0
14825,801,2024,8,Business,102,4.0
14826,883,2019,3,Friends,2,3.0
14827,1902,2021,11,Family,87,3.0
14828,411,2021,9,Business,98,3.0
14829,1050,2023,10,Friends,77,4.0
14830,1360,2021,10,Business,45,3.0
14831,46,2022,1,Solo,98,3.0
14832,1270,2024,11,Family,143,3.0
14833,521,2022,2,Couples,13,3.0
14834,562,2019,7,Couples,91,5.0
14835,1244,2021,8,Family,137,4.0
14836,18,2024,11,FRIENDS,61,3.0
14837,314,2021,9,Family,51,4.0
14838,910,2024,9,Family,38,4.0
14839,1169,2024,12,Business,34,3.0
14840,219,2020,1,Friends,59,3.0
14841,724,2021,1,Family,116,4.0
14842,616,2020,3,Family,28,4.0
14843,1069,2020,3,Couples,35,5.0
14844,602,2021,6,Business,150,4.0
14845,4,2021,10,Couples,150,4.0
14846,1061,2021,5,Friends,35,5.0
14847,1697,2023,11,Family,64,4.0
14848,1170,2019,8,Couples,61,4.0
14849,724,2021,6,FAMILY,45,4.0
14850,965,2024,10,Couples,23,4.0
14851,281,2023,6,COUPLES,10,4.0
14852,474,2020,1,FRIENDS,93,3.0
14853,876,2020,11,Couples,7,4.0
14854,1185,2024,2,Family,94,4.0
14855,973,2022,6,Friends,15,4.0
14856,1926,2024,2,Business,24,4.0
14857,1275,2024,10,Family,1,4.0
14858,46,2021,8,Business,60,3.0
14859,1050,2022,12,Friends,50,5.0
14860,1166,2021,11,Couples,50,3.0
14861,88,2022,4,Couples,47,3.0
14862,771,2022,4,Business,141,4.0
14863,1744,2023,4,Family,65,4.0
14864,714,2024,2,Couples,122,3.0
14865,914,2023,12,Family,35,3.0
14866,443,2019,1,Friends,73,3.0
14867,154,2021,6,Business,10,4.0
14868,637,2022,4,Couples,39,5.0
14869,1546,2022,1,Business,11,4.0
14870,1967,2024,10,Family,4,
14871,1321,2021,7,Family,28,4.0
14872,1662,2023,11,Friends,24,3.0
14873,1299,2021,8,Friends,48,3.0
14874,1318,2019,6,Family,112,3.0
14875,854,2021,3,Couples,23,
14876,123,2019,8,Friends,92,3.0
14877,821,2021,9,Business,55,4.0
14878,1730,2020,1,Friends,61,3.0
14879,1073,2019,3,Friends,139,3.0
14880,1524,2022,5,Couples,70,3.0
14881,102,2023,2,Couples,40,4.0
14882,403,2019,2,Couples,36,3.0
14883,598,2022,3,Friends,26,4.0
14884,719,2022,5,Family,121,3.0
14885,1976,2019,7,Couples,100,
14886,924,2022,10,Family,41,3.0
14887,1325,2020,11,Friends,74,3.0
14888,1289,2023,5,Family,76,3.0
14889,838,2022,7,Friends,8,4.0
14890,1933,2019,1,Solo,137,4.0
14891,445,2022,11,Couples,119,
14892,70,2019,3,Couples,81,5.0
14893,1491,2023,1,Family,108,3.0
14894,1308,2020,8,Business,17,5.0
14895,521,2021,5,Family,147,4.0
14896,1736,2023,5,Solo,97,3.0
14897,325,2024,6,Family,141,4.0
14898,502,2022,8,Couples,130,5.0
14899,310,2019,10,Solo,88,4.0
14900,373,2020,7,Couples,44,4.0
14901,1459,2022,8,Business,103,3.0
14902,1407,2019,10,Family,77,5.0
14903,1286,2021,10,Business,62,3.0
14904,1722,2020,3,Business,107,4.0
14905,140,2020,5,Business,134,4.0
14906,1241,2024,6,Family,26,3.0
14907,231,2024,12,Family,83,4.0
14908,1912,2024,8,Friends,117,4.0
14909,1268,2024,10,Family,49,4.0
14910,1520,2024,10,Friends,52,3.0
14911,1143,2020,11,Friends,2,4.0
14912,768,2021,7,Couples,49,4.0
14913,1372,2019,4,Business,88,3.0
14914,1672,2023,5,Friends,146,4.0
14915,357,2024,1,Business,79,3.0
14916,1744,2019,9,Couples,44,4.0
14917,1454,2020,8,Business,122,2.0
14918,172,2020,2,Family,29,4.0
14919,1873,2024,6,Family,29,4.0
14920,361,2023,9,Friends,79,4.0
14921,1203,2020,10,Family,123,2.0
14922,260,2019,10,Family,32,5.0
14923,393,2021,2,Family,3,4.0
14924,1286,2022,5,Family,109,4.0
14925,1360,2019,8,Couples,89,4.0
14926,1374,2021,2,Friends,103,3.0
14927,687,2022,3,Family,60,4.0
14928,1641,2024,12,Family,18,5.0
14929,99,2020,7,Business,50,4.0
14930,1709,2020,7,Business,71,4.0
14931,605,2021,2,Family,65,4.0
14932,1242,2020,8,Friends,134,4.0
14933,1812,2024,11,Couples,34,5.0
14934,511,2023,12,Solo,47,4.0
14935,823,2020,3,Friends,28,4.0
14936,1657,2021,3,Family,86,4.0
14937,1730,2022,7,Family,121,4.0
14938,471,2024,11,Family,133,3.0
14939,1018,2020,1,Couples,35,5.0
14940,667,2020,3,Business,65,3.0
14941,1034,2022,2,Friends,111,4.0
14942,759,2024,10,Family,7,3.0
14943,11,2020,6,FRIENDS,107,4.0
14944,1850,2021,9,COUPLES,21,3.0
14945,1275,2023,1,Business,6,2.0
14946,924,2021,2,Business,17,3.0
14947,216,2023,7,Couples,133,4.0
14948,143,2022,6,Friends,103,3.0
14949,958,2024,3,Business,119,3.0
14950,1299,2022,4,Friends,104,4.0
14951,521,2024,9,Family,120,4.0
14952,1489,2024,1,Couples,75,2.0
14953,785,2020,11,Family,122,3.0
14954,23,2024,2,Solo,9,4.0
14955,1075,2019,10,Business,88,3.0
14956,363,2020,8,Couples,114,4.0
14957,29,2019,1,Couples,150,4.0
14958,261,2019,10,Solo,54,2.0
14959,570,2023,6,Solo,27,4.0
14960,1030,2019,4,FRIENDS,109,3.0
14961,1980,2020,2,Couples,11,4.0
14962,437,2021,2,FRIENDS,117,4.0
14963,115,2023,5,Family,106,3.0
14964,383,2023,4,Family,104,4.0
14965,639,2024,11,Solo,45,3.0
14966,411,2019,7,Couples,19,5.0
14967,643,2019,1,Friends,92,5.0
14968,1939,2021,11,Couples,55,3.0
14969,759,2020,4,Friends,59,3.0
14970,1270,2019,8,Family,29,3.0
14971,1370,2022,10,COUPLES,51,3.0
14972,261,2021,9,Friends,125,2.0
14973,496,2021,5,Business,134,4.0
14974,832,2019,1,Business,53,3.0
14975,921,2021,3,Business,22,4.0
14976,27,2021,7,Friends,6,4.0
14977,1290,2020,12,Friends,29,3.0
14978,602,2023,1,Family,2,4.0
14979,645,2024,2,Couples,101,4.0
14980,1207,2024,5,Couples,97,3.0
14981,1898,2023,10,COUPLES,118,4.0
14982,1730,2023,12,Business,50,3.0
14983,1960,2019,3,Friends,125,3.0
14984,828,2021,7,Couples,26,4.0
14985,240,2019,12,Business,35,3.0
14986,432,2022,12,Business,138,3.0
14987,688,2023,10,Solo,133,2.0
14988,601,2023,10,Couples,90,5.0
14989,416,2019,4,Family,92,5.0
14990,302,2022,4,Business,106,4.0
14991,374,2024,12,Family,124,4.0
14992,1317,2019,8,Friends,35,4.0
14993,982,2022,2,Business,11,3.0
14994,76,2020,1,Couples,28,4.0
14995,1128,2024,11,Couples,54,4.0
14996,1685,2022,2,Friends,36,4.0
14997,852,2023,9,Family,79,3.0
14998,638,2022,4,Friends,21,4.0
14999,546,2024,3,Couples,87,4.0
15000,759,2020,2,Family,107,4.0
15001,558,2023,7,Family,15,3.0
15002,1849,2021,10,Couples,44,4.0
15003,1985,2022,1,Family,81,3.0
15004,687,2023,9,Couples,10,3.0
15005,1848,2020,7,Business,100,3.0
15006,1708,2024,10,Solo,114,4.0
15007,152,2023,7,Solo,55,3.0
15008,982,2021,2,Friends,2,3.0
15009,1314,2022,5,Couples,76,5.0
15010,845,2022,12,BUSINESS,131,3.0
15011,914,2021,10,Couples,44,4.0
15012,989,2022,5,FRIENDS,128,3.0
15013,1378,2022,12,COUPLES,131,4.0
15014,588,2023,1,Couples,43,4.0
15015,1194,2020,7,Family,90,4.0
15016,487,2019,10,Family,7,4.0
15017,1779,2021,9,Family,83,3.0
15018,170,2023,3,Family,132,4.0
15019,134,2019,2,Family,142,3.0
15020,76,2024,9,Friends,30,4.0
15021,700,2021,12,Couples,100,4.0
15022,1213,2020,10,Business,10,3.0
15023,1971,2021,11,Family,42,4.0
15024,910,2023,11,Family,126,4.0
15025,365,2024,12,Family,97,4.0
15026,737,2022,10,Family,59,4.0
15027,255,2022,10,Family,145,4.0
15028,944,2023,10,Family,114,4.0
15029,1458,2024,4,Solo,4,3.0
15030,72,2023,7,Business,12,2.0
15031,1555,2024,3,Solo,94,4.0
15032,458,2023,7,Family,132,4.0
15033,1345,2019,7,Business,24,
15034,1631,2019,1,Business,81,5.0
15035,1553,2022,1,Family,123,3.0
15036,1340,2024,12,Family,130,4.0
15037,1388,2020,7,Family,97,4.0
15038,376,2024,1,Family,150,4.0
15039,272,2024,5,Couples,141,5.0
15040,763,2019,11,Family,126,3.0
15041,1217,2021,9,Friends,101,3.0
15042,1237,2020,10,Family,148,3.0
15043,1554,2019,8,Family,3,5.0
15044,617,2023,9,Business,14,3.0
15045,1732,2020,3,Family,77,3.0
15046,899,2022,11,Friends,101,4.0
15047,493,2023,9,Friends,136,4.0
15048,1471,2021,3,Family,102,4.0
15049,255,2019,4,Family,35,4.0
15050,811,2019,10,Business,137,3.0
15051,1563,2021,3,Couples,13,4.0
15052,1543,2019,9,Family,15,3.0
15053,514,2024,6,Friends,108,5.0
15054,334,2019,4,Business,145,3.0
15055,64,2019,2,Solo,76,3.0
15056,179,2019,9,Solo,21,3.0
15057,1651,2023,4,Couples,8,3.0
15058,1568,2022,7,BUSINESS,147,4.0
15059,1012,2023,4,COUPLES,42,4.0
15060,1141,2021,2,Solo,96,3.0
15061,654,2020,1,Family,50,3.0
15062,385,2023,12,Couples,33,4.0
15063,23,2019,4,Friends,101,5.0
15064,1344,2021,7,Business,111,4.0
15065,71,2019,6,Solo,71,3.0
15066,211,2021,5,Friends,77,5.0
15067,1586,2024,10,Couples,74,4.0
15068,1166,2024,11,Friends,89,3.0
15069,980,2023,3,Friends,121,4.0
15070,437,2022,1,Family,107,5.0
15071,300,2021,4,Friends,42,4.0
15072,933,2023,2,Family,38,4.0
15073,718,2024,1,Friends,101,
15074,1069,2022,10,Friends,97,4.0
15075,331,2019,1,Solo,56,3.0
15076,463,2023,1,Friends,126,3.0
15077,226,2019,5,Solo,63,4.0
15078,849,2020,7,Couples,51,4.0
15079,553,2020,6,Couples,84,4.0
15080,447,2019,9,Family,29,4.0
15081,1100,2023,9,COUPLES,105,2.0
15082,995,2022,1,Friends,135,3.0
15083,421,2021,10,Couples,142,4.0
15084,1399,2021,1,Family,68,4.0
15085,688,2022,11,Family,41,3.0
15086,683,2022,4,Friends,72,4.0
15087,956,2020,11,COUPLES,16,4.0
15088,279,2021,12,Solo,101,3.0
15089,841,2023,2,Couples,65,4.0
15090,1165,2022,5,Couples,19,4.0
15091,258,2023,2,Couples,83,5.0
15092,1130,2022,12,Friends,108,4.0
15093,78,2021,6,Couples,35,3.0
15094,1207,2023,11,Business,61,4.0
15095,71,2020,8,Couples,134,4.0
15096,351,2022,11,Family,107,3.0
15097,701,2022,8,Couples,120,3.0
15098,1230,2020,1,Couples,68,5.0
15099,1438,2020,6,Couples,75,4.0
15100,938,2019,8,FAMILY,75,3.0
15101,263,2019,12,Family,68,5.0
15102,775,2019,10,Family,22,4.0
15103,1574,2022,7,Solo,7,3.0
15104,181,2019,10,Friends,125,4.0
15105,1432,2022,12,Friends,81,3.0
15106,772,2019,11,Couples,80,5.0
15107,8,2023,12,Family,90,3.0
15108,1390,2023,5,Couples,62,3.0
15109,54,2020,6,Family,134,4.0
15110,740,2023,1,Business,71,5.0
15111,391,2020,2,Family,76,2.0
15112,1168,2022,10,Family,80,4.0
15113,113,2022,4,Family,24,4.0
15114,183,2021,6,Couples,27,4.0
15115,1063,2023,5,Couples,28,5.0
15116,1988,2024,12,Couples,39,4.0
15117,80,2021,11,Family,24,4.0
15118,922,2020,9,Couples,34,3.0
15119,1606,2021,12,Friends,141,5.0
15120,582,2022,7,Family,55,4.0
15121,986,2019,3,Business,120,3.0
15122,1678,2024,8,Couples,59,4.0
15123,1456,2021,1,Family,124,4.0
15124,587,2024,6,Family,113,3.0
15125,1502,2024,10,Couples,127,5.0
15126,1352,2019,3,Couples,44,4.0
15127,1014,2019,7,Solo,15,3.0
15128,883,2020,10,Family,47,5.0
15129,1851,2022,10,Couples,106,5.0
15130,1749,2021,8,Friends,99,3.0
15131,1981,2019,4,Couples,106,5.0
15132,1351,2022,3,Couples,150,4.0
15133,719,2020,2,Friends,34,2.0
15134,220,2024,9,Solo,67,4.0
15135,252,2023,4,Family,74,3.0
15136,1903,2024,8,Family,23,5.0
15137,727,2022,1,Couples,100,
15138,221,2023,4,Family,8,4.0
15139,447,2019,5,Friends,135,3.0
15140,42,2023,10,Friends,14,3.0
15141,1063,2021,2,Business,17,2.0
15142,1182,2019,6,Business,27,4.0
15143,757,2019,6,Friends,134,4.0
15144,1489,2020,4,Family,130,4.0
15145,961,2021,10,Solo,139,4.0
15146,1920,2020,12,Business,125,3.0
15147,1527,2023,1,Solo,139,4.0
15148,151,2021,12,Business,71,4.0
15149,549,2020,11,Business,1,3.0
15150,1509,2023,11,Friends,66,5.0
15151,1075,2021,2,FAMILY,34,3.0
15152,1507,2023,5,Couples,37,2.0
15153,671,2022,8,Family,104,4.0
15154,77,2023,3,Couples,26,4.0
15155,1570,2024,3,Solo,49,3.0
15156,1571,2019,7,Friends,59,3.0
15157,1280,2019,11,Family,10,4.0
15158,809,2023,2,Couples,106,5.0
15159,18,2022,1,Business,115,2.0
15160,1456,2020,12,Friends,84,4.0
15161,1321,2019,6,Business,5,3.0
15162,1336,2024,1,Business,119,4.0
15163,341,2019,12,Family,67,4.0
15164,1463,2021,4,Friends,40,3.0
15165,1449,2020,2,Family,143,4.0
15166,1715,2021,9,Family,129,3.0
15167,1135,2023,10,Solo,67,3.0
15168,1464,2022,2,Couples,67,4.0
15169,803,2019,9,Business,137,3.0
15170,1394,2019,5,Couples,29,5.0
15171,1389,2024,4,Family,62,4.0
15172,1560,2020,9,Friends,86,3.0
15173,1714,2021,1,Family,53,4.0
15174,7,2023,3,Family,48,3.0
15175,1558,2024,10,Family,17,3.0
15176,1585,2020,12,Family,41,3.0
15177,1091,2020,11,Couples,54,4.0
15178,1040,2021,10,Business,126,3.0
15179,1446,2021,2,Couples,51,4.0
15180,911,2023,4,Couples,25,4.0
15181,828,2023,11,Couples,127,3.0
15182,1607,2020,9,Couples,53,4.0
15183,1579,2021,10,Family,138,4.0
15184,414,2023,5,Family,17,4.0
15185,1659,2022,7,Couples,4,4.0
15186,653,2022,9,Couples,139,4.0
15187,275,2023,10,Business,15,3.0
15188,1757,2022,9,Family,2,3.0
15189,477,2022,1,Family,97,4.0
15190,406,2021,3,Family,48,4.0
15191,540,2024,6,Couples,73,3.0
15192,984,2019,9,Business,62,3.0
15193,333,2019,12,Friends,45,5.0
15194,320,2023,4,Business,73,4.0
15195,786,2022,10,Couples,39,4.0
15196,436,2020,8,Family,34,4.0
15197,387,2022,4,Family,34,2.0
15198,1825,2019,3,Family,18,4.0
15199,1192,2022,8,Friends,79,3.0
15200,28,2021,4,Family,83,4.0
15201,204,2022,3,Friends,3,
15202,1628,2021,3,Couples,69,3.0
15203,540,2023,3,Family,111,2.0
15204,305,2019,2,Business,1,3.0
15205,1332,2024,3,Family,46,4.0
15206,1677,2021,12,Family,145,5.0
15207,798,2020,3,Family,65,5.0
15208,1486,2024,5,Friends,3,3.0
15209,843,2019,6,Family,80,4.0
15210,218,2022,9,Family,62,3.0
15211,1596,2019,4,Friends,32,3.0
15212,1838,2024,10,Friends,12,4.0
15213,1970,2019,10,Business,133,3.0
15214,201,2020,7,Family,122,5.0
15215,1131,2022,11,Solo,103,3.0
15216,1247,2024,5,Couples,3,3.0
15217,159,2021,6,Family,131,4.0
15218,1904,2020,8,Couples,71,3.0
15219,206,2021,3,Friends,72,4.0
15220,538,2024,1,Friends,132,4.0
15221,1938,2024,12,Solo,65,3.0
15222,1113,2019,1,Family,36,4.0
15223,1359,2024,1,Family,36,4.0
15224,988,2024,2,Family,140,4.0
15225,1505,2022,7,Friends,82,3.0
15226,163,2020,4,Friends,87,4.0
15227,1352,2021,3,BUSINESS,89,2.0
15228,134,2023,11,Couples,34,3.0
15229,360,2020,12,Family,63,4.0
15230,1013,2021,11,BUSINESS,143,4.0
15231,897,2021,4,Family,22,4.0
15232,306,2019,2,Friends,143,4.0
15233,1597,2021,12,Couples,41,3.0
15234,604,2019,7,Couples,45,4.0
15235,1733,2019,12,Friends,3,4.0
15236,30,2021,3,Family,100,
15237,475,2023,12,Friends,48,3.0
15238,594,2024,4,Business,69,2.0
15239,1192,2021,10,Couples,88,3.0
15240,803,2023,2,Business,96,3.0
15241,315,2020,9,Family,144,
15242,1143,2022,6,Friends,84,3.0
15243,1917,2022,12,Family,27,4.0
15244,268,2020,2,Business,106,3.0
15245,505,2021,3,Business,9,3.0
15246,957,2023,8,Friends,127,4.0
15247,1454,2020,10,Business,45,4.0
15248,274,2022,11,Couples,109,3.0
15249,463,2020,2,Family,24,4.0
15250,471,2022,1,Couples,62,4.0
15251,1233,2019,5,Family,105,3.0
15252,165,2021,2,Couples,94,4.0
15253,1319,2022,5,Couples,1,4.0
15254,851,2023,6,Couples,6,5.0
15255,657,2021,12,Family,148,5.0
15256,1725,2019,1,Couples,80,4.0
15257,1638,2019,4,Solo,129,3.0
15258,1606,2022,5,Couples,11,4.0
15259,1771,2023,7,FRIENDS,74,4.0
15260,468,2024,4,Couples,87,4.0
15261,1711,2023,8,Couples,139,3.0
15262,352,2021,11,Family,107,5.0
15263,662,2021,9,Friends,95,4.0
15264,1112,2024,8,Business,45,5.0
15265,1489,2024,2,Couples,150,3.0
15266,1156,2021,11,Friends,50,4.0
15267,1119,2021,7,Couples,42,4.0
15268,753,2019,2,Friends,109,3.0
15269,1186,2020,8,Business,150,2.0
15270,951,2022,6,Friends,129,3.0
15271,955,2022,11,Family,28,4.0
15272,1172,2022,8,Couples,123,4.0
15273,1201,2020,12,Business,54,3.0
15274,660,2020,12,Friends,34,3.0
15275,272,2021,3,Couples,141,4.0
15276,600,2024,4,Couples,143,4.0
15277,818,2024,3,Couples,56,4.0
15278,322,2019,3,Couples,4,4.0
15279,356,2021,9,Family,32,4.0
15280,1902,2022,12,Family,82,4.0
15281,561,2020,6,Friends,9,4.0
15282,1478,2021,10,Couples,35,5.0
15283,256,2019,9,Friends,23,4.0
15284,1945,2021,4,Solo,143,3.0
15285,425,2024,11,Business,54,3.0
15286,788,2024,6,Friends,58,5.0
15287,1564,2019,1,Couples,64,3.0
15288,403,2022,9,Family,2,4.0
15289,1100,2024,11,Business,82,5.0
15290,1572,2023,3,Couples,137,3.0
15291,48,2019,4,Business,123,4.0
15292,51,2021,9,Couples,38,5.0
15293,1578,2023,12,Business,3,3.0
15294,526,2024,4,Solo,117,2.0
15295,1819,2020,6,Friends,127,4.0
15296,1855,2020,9,Family,139,4.0
15297,1761,2020,11,Couples,87,4.0
15298,1994,2024,1,Solo,72,4.0
15299,1647,2020,3,Solo,114,3.0
15300,767,2021,11,Friends,104,3.0
15301,1985,2019,7,Family,114,4.0
15302,692,2024,10,Couples,43,4.0
15303,1173,2019,1,Friends,136,4.0
15304,12,2022,2,Family,6,
15305,1926,2019,9,Family,15,3.0
15306,1184,2021,5,Couples,99,5.0
15307,1898,2022,12,Business,86,3.0
15308,706,2023,6,Solo,84,4.0
15309,627,2022,11,Family,137,5.0
15310,1045,2021,7,Family,131,4.0
15311,1727,2020,9,BUSINESS,108,3.0
15312,1098,2023,8,FAMILY,25,4.0
15313,1585,2023,2,Couples,15,3.0
15314,429,2023,10,Friends,21,4.0
15315,1552,2023,12,Family,93,3.0
15316,1465,2020,5,Couples,107,5.0
15317,1793,2024,5,Business,120,4.0
15318,116,2024,8,Couples,16,3.0
15319,769,2021,8,Couples,42,5.0
15320,178,2020,5,Friends,51,4.0
15321,801,2021,4,Friends,95,3.0
15322,1518,2021,12,Couples,7,4.0
15323,1281,2024,10,Family,127,5.0
15324,1506,2020,7,Solo,13,2.0
15325,1476,2024,5,Couples,79,2.0
15326,1985,2020,5,Family,140,4.0
15327,1760,2024,5,Business,30,3.0
15328,1173,2024,8,Family,104,4.0
15329,1752,2022,1,Couples,83,3.0
15330,96,2019,8,Couples,123,3.0
15331,1443,2022,7,Couples,89,5.0
15332,1045,2024,2,Family,128,5.0
15333,1914,2024,4,Couples,61,2.0
15334,1008,2021,4,Friends,25,5.0
15335,358,2021,12,Family,102,5.0
15336,1449,2021,12,Business,146,3.0
15337,1901,2020,10,Family,65,3.0
15338,33,2022,9,Business,123,2.0
15339,129,2024,12,Business,132,2.0
15340,1323,2020,9,Business,97,3.0
15341,1112,2024,5,Friends,119,3.0
15342,1098,2019,5,FAMILY,85,4.0
15343,181,2019,8,Business,121,4.0
15344,1145,2024,5,Family,51,5.0
15345,1137,2019,6,Couples,79,3.0
15346,1699,2021,12,Friends,12,3.0
15347,781,2024,11,Solo,30,3.0
15348,696,2021,8,Couples,87,3.0
15349,164,2020,4,Couples,109,5.0
15350,1134,2019,6,Friends,5,3.0
15351,1297,2023,4,Family,11,4.0
15352,562,2020,6,Friends,1,5.0
15353,1463,2019,5,Family,78,5.0
15354,1877,2021,6,Couples,51,4.0
15355,349,2020,6,FRIENDS,8,4.0
15356,1146,2024,8,Couples,120,4.0
15357,1389,2023,11,Business,80,3.0
15358,37,2024,7,Solo,2,3.0
15359,359,2024,3,Family,103,5.0
15360,792,2024,3,Couples,137,4.0
15361,275,2022,8,Couples,63,4.0
15362,712,2020,12,Business,143,4.0
15363,295,2019,4,Family,63,3.0
15364,1794,2019,2,Friends,12,4.0
15365,1199,2020,1,Family,19,4.0
15366,659,2024,4,Friends,11,4.0
15367,1558,2020,12,Family,46,4.0
15368,37,2019,10,Business,58,3.0
15369,1194,2024,10,Family,67,
15370,1367,2021,4,Business,73,3.0
15371,1619,2021,12,Business,130,4.0
15372,445,2020,5,Couples,2,4.0
15373,1183,2024,5,Friends,135,3.0
15374,1536,2021,12,Couples,36,4.0
15375,1595,2024,10,Family,144,3.0
15376,352,2024,4,Friends,21,4.0
15377,1954,2021,8,Family,16,3.0
15378,548,2023,5,Business,19,2.0
15379,782,2019,8,Family,45,4.0
15380,385,2023,2,Friends,142,4.0
15381,300,2024,1,Family,70,4.0
15382,511,2020,12,Couples,25,5.0
15383,271,2019,1,Family,97,
15384,1466,2019,5,Family,77,4.0
15385,1195,2024,3,Family,106,4.0
15386,781,2020,1,Business,112,4.0
15387,1095,2021,9,Solo,118,3.0
15388,1209,2021,4,Solo,23,5.0
15389,369,2020,10,Couples,75,5.0
15390,594,2019,7,Couples,95,3.0
15391,1765,2021,8,Couples,84,5.0
15392,25,2024,9,Family,146,4.0
15393,1914,2021,3,Couples,145,4.0
15394,1929,2023,6,Family,122,3.0
15395,507,2023,10,Solo,37,3.0
15396,642,2023,3,Couples,80,5.0
15397,414,2022,2,Couples,121,3.0
15398,1122,2021,5,Business,41,4.0
15399,428,2020,11,Couples,107,4.0
15400,1582,2020,4,Friends,38,
15401,775,2022,5,Business,22,4.0
15402,1935,2021,2,Family,36,4.0
15403,1707,2021,9,Couples,139,4.0
15404,803,2021,5,Couples,150,4.0
15405,1192,2024,3,Couples,129,4.0
15406,49,2022,2,Friends,41,3.0
15407,136,2024,4,Friends,117,5.0
15408,1013,2024,3,Business,33,2.0
15409,946,2022,6,Family,20,3.0
15410,797,2019,6,Family,39,5.0
15411,181,2024,6,Business,21,3.0
15412,1680,2021,5,Couples,97,4.0
15413,813,2021,2,Couples,103,3.0
15414,941,2021,10,Friends,6,3.0
15415,808,2019,7,Family,17,4.0
15416,995,2022,3,Friends,72,4.0
15417,1297,2019,1,Solo,17,3.0
15418,1528,2023,12,Family,125,
15419,1099,2024,12,Family,61,3.0
15420,332,2021,3,Solo,62,4.0
15421,1750,2021,6,Couples,1,3.0
15422,570,2023,7,Business,106,4.0
15423,33,2024,6,Family,109,4.0
15424,79,2019,11,Family,114,3.0
15425,1548,2021,7,Solo,82,4.0
15426,774,2020,4,Family,41,3.0
15427,46,2019,10,Family,12,4.0
15428,1623,2019,11,Family,48,4.0
15429,609,2022,1,Family,82,4.0
15430,1956,2023,11,Friends,18,5.0
15431,1760,2022,9,Family,9,4.0
15432,97,2020,12,Friends,33,3.0
15433,1381,2021,11,Couples,11,4.0
15434,1207,2024,1,Friends,3,3.0
15435,344,2024,6,Solo,73,4.0
15436,687,2019,1,SOLO,112,4.0
15437,982,2022,1,Solo,75,4.0
15438,293,2022,12,Family,14,4.0
15439,1444,2021,3,Family,51,2.0
15440,555,2021,1,Business,6,4.0
15441,1875,2023,12,Couples,94,5.0
15442,1604,2024,5,Friends,35,3.0
15443,1269,2020,2,Couples,59,4.0
15444,240,2024,4,Family,136,4.0
15445,50,2024,1,FAMILY,89,4.0
15446,292,2019,9,Family,115,3.0
15447,1000,2020,12,Couples,53,4.0
15448,1563,2021,5,Friends,140,4.0
15449,306,2022,11,Couples,108,5.0
15450,1415,2020,5,Friends,78,4.0
15451,96,2021,6,Business,87,4.0
15452,532,2019,3,Friends,94,4.0
15453,1198,2019,1,Friends,25,4.0
15454,1657,2021,2,SOLO,38,3.0
15455,1554,2022,8,Business,103,4.0
15456,1066,2021,2,Friends,67,2.0
15457,73,2021,10,Couples,118,4.0
15458,587,2021,12,Couples,79,4.0
15459,1568,2022,4,Couples,10,4.0
15460,163,2023,4,Friends,100,4.0
15461,1413,2022,3,Solo,92,3.0
15462,1408,2019,5,Family,55,4.0
15463,1504,2019,11,Couples,119,4.0
15464,435,2021,5,Couples,53,3.0
15465,490,2020,10,Couples,18,5.0
15466,398,2022,4,Business,19,5.0
15467,788,2023,6,Friends,136,4.0
15468,1048,2020,6,Business,57,3.0
15469,240,2021,11,Family,63,4.0
15470,1135,2020,6,Family,46,4.0
15471,478,2021,8,Business,111,3.0
15472,1125,2021,11,Couples,91,3.0
15473,606,2019,12,Business,135,3.0
15474,1910,2022,11,Family,135,3.0
15475,639,2020,2,Family,149,5.0
15476,1743,2023,2,Friends,50,4.0
15477,351,2023,6,Couples,88,
15478,170,2020,5,Couples,52,4.0
15479,378,2024,9,Family,106,4.0
15480,839,2019,6,Friends,113,4.0
15481,1803,2022,5,Family,38,3.0
15482,353,2023,2,Solo,129,4.0
15483,1568,2022,5,Business,44,3.0
15484,1394,2022,7,Friends,148,5.0
15485,689,2021,9,Family,128,5.0
15486,673,2019,3,Couples,3,4.0
15487,1896,2023,8,Couples,60,5.0
15488,1430,2024,7,Couples,59,3.0
15489,478,2023,4,Couples,124,3.0
15490,1824,2019,11,Couples,109,5.0
15491,814,2020,6,Friends,8,5.0
15492,160,2023,4,Business,127,4.0
15493,1628,2023,9,Friends,33,3.0
15494,1738,2021,3,Family,56,3.0
15495,886,2020,8,Couples,26,3.0
15496,1408,2021,9,Family,24,3.0
15497,470,2019,6,Couples,80,4.0
15498,1701,2019,3,Business,13,3.0
15499,738,2019,4,Family,13,4.0
15500,535,2023,3,Couples,118,5.0
15501,1002,2019,2,Couples,52,5.0
15502,535,2022,12,Family,98,3.0
15503,1242,2020,11,FAMILY,148,3.0
15504,1496,2023,7,Friends,8,3.0
15505,812,2019,10,Family,120,5.0
15506,1567,2024,8,Family,17,4.0
15507,863,2019,8,Family,115,3.0
15508,1941,2024,9,Solo,46,3.0
15509,528,2019,7,Business,21,4.0
15510,1410,2019,7,Family,35,4.0
15511,1071,2019,2,Business,55,4.0
15512,1888,2023,8,Couples,110,4.0
15513,439,2021,6,Friends,103,4.0
15514,394,2021,3,Couples,110,4.0
15515,1736,2023,6,Business,4,3.0
15516,1803,2020,11,Family,147,4.0
15517,1495,2022,6,Family,66,4.0
15518,950,2020,6,Solo,17,4.0
15519,821,2019,3,Solo,140,5.0
15520,1334,2024,10,Couples,119,4.0
15521,1495,2021,2,Friends,13,5.0
15522,552,2024,11,Family,66,4.0
15523,14,2021,12,Family,136,4.0
15524,148,2024,3,Business,103,4.0
15525,689,2020,7,Friends,30,5.0
15526,1364,2022,8,Family,106,5.0
15527,881,2021,11,Solo,29,4.0
15528,1237,2024,4,Friends,53,4.0
15529,940,2021,9,Family,30,4.0
15530,504,2023,2,Friends,105,4.0
15531,1498,2021,10,Couples,140,5.0
15532,1447,2021,10,Friends,7,3.0
15533,1926,2023,3,Business,91,3.0
15534,1652,2022,2,Couples,38,4.0
15535,760,2021,2,Friends,113,4.0
15536,1410,2019,10,Business,21,2.0
15537,702,2019,8,Friends,55,3.0
15538,1746,2022,5,Business,31,3.0
15539,1222,2019,7,Family,131,4.0
15540,1670,2022,7,Family,13,4.0
15541,563,2024,2,Business,88,2.0
15542,30,2023,6,Friends,19,3.0
15543,283,2023,8,Business,90,4.0
15544,1063,2020,8,Friends,116,4.0
15545,1924,2022,3,SOLO,113,4.0
15546,1255,2020,12,Family,6,5.0
15547,1620,2024,2,Solo,117,3.0
15548,939,2019,11,Family,45,5.0
15549,1917,2022,12,Solo,103,3.0
15550,1882,2021,10,Friends,145,5.0
15551,436,2019,7,Family,18,4.0
15552,1725,2020,3,Solo,55,3.0
15553,36,2023,4,Family,131,5.0
15554,1186,2022,7,Family,22,4.0
15555,875,2019,2,Friends,40,3.0
15556,603,2019,9,Family,83,5.0
15557,1868,2022,12,Business,150,3.0
15558,1325,2022,9,Couples,45,4.0
15559,277,2021,12,Family,58,4.0
15560,279,2019,6,Business,120,3.0
15561,235,2019,4,Family,18,3.0
15562,609,2019,1,Couples,50,4.0
15563,138,2019,6,Couples,48,4.0
15564,529,2022,2,Friends,61,4.0
15565,1531,2021,8,Couples,87,4.0
15566,1748,2020,10,Friends,34,3.0
15567,1572,2022,2,Family,59,4.0
15568,993,2023,7,Solo,138,4.0
15569,1391,2020,7,Friends,125,3.0
15570,1888,2022,4,Family,144,4.0
15571,107,2019,3,Business,103,3.0
15572,1810,2022,9,Friends,88,3.0
15573,1447,2021,3,Friends,33,4.0
15574,773,2019,1,Business,24,4.0
15575,898,2023,8,Solo,81,3.0
15576,878,2020,1,Family,61,3.0
15577,316,2023,4,Business,119,3.0
15578,461,2021,2,Couples,2,4.0
15579,591,2023,7,Friends,134,4.0
15580,12,2023,3,Family,26,3.0
15581,1003,2021,4,Friends,60,5.0
15582,954,2023,5,Family,54,2.0
15583,660,2021,6,Business,139,4.0
15584,353,2022,9,Couples,109,4.0
15585,1940,2020,12,Friends,6,4.0
15586,1358,2021,8,Couples,128,4.0
15587,950,2019,6,Solo,102,4.0
15588,1446,2021,8,Couples,11,4.0
15589,745,2019,7,Solo,118,3.0
15590,432,2021,1,Business,6,3.0
15591,1347,2024,6,Family,64,4.0
15592,1542,2021,9,Business,25,4.0
15593,1302,2021,11,Couples,2,3.0
15594,1133,2024,2,Friends,84,4.0
15595,5,2019,9,Couples,104,3.0
15596,1276,2023,2,Friends,72,3.0
15597,1237,2022,1,Family,52,4.0
15598,825,2021,1,Friends,78,3.0
15599,488,2020,2,Couples,23,3.0
15600,1959,2022,2,Solo,8,4.0
15601,751,2021,7,Friends,24,
15602,545,2021,12,Solo,9,3.0
15603,1413,2023,10,Business,116,4.0
15604,964,2021,9,COUPLES,92,5.0
15605,1115,2023,2,Friends,29,3.0
15606,1297,2020,12,Family,86,
15607,738,2023,7,Couples,73,3.0
15608,305,2022,1,Family,17,4.0
15609,335,2024,8,Family,146,4.0
15610,1880,2021,9,Family,141,
15611,1011,2020,5,Family,114,3.0
15612,835,2021,9,Family,122,3.0
15613,639,2022,9,Couples,83,4.0
15614,1444,2021,7,Family,121,4.0
15615,1826,2024,5,Couples,80,4.0
15616,1538,2019,12,Couples,25,4.0
15617,1069,2020,8,Family,26,5.0
15618,951,2024,6,Solo,129,2.0
15619,1732,2023,10,Couples,67,4.0
15620,1713,2019,3,Solo,110,3.0
15621,781,2024,12,Family,22,4.0
15622,1929,2021,9,Solo,68,4.0
15623,1655,2022,8,COUPLES,13,3.0
15624,1693,2019,4,Family,34,3.0
15625,114,2019,5,Family,17,3.0
15626,261,2023,12,Solo,32,4.0
15627,597,2020,9,Business,91,3.0
15628,1523,2019,2,Business,1,4.0
15629,157,2023,10,Friends,30,4.0
15630,166,2020,2,Business,104,3.0
15631,64,2024,5,Solo,23,4.0
15632,384,2020,6,Business,84,4.0
15633,1838,2019,5,Business,131,3.0
15634,1443,2021,6,Couples,118,4.0
15635,1434,2020,2,Friends,19,2.0
15636,586,2022,8,Family,23,4.0
15637,1251,2020,9,Solo,106,3.0
15638,1558,2024,11,Family,52,5.0
15639,1065,2021,6,Family,63,4.0
15640,1713,2023,7,Family,72,4.0
15641,1140,2023,2,Family,87,4.0
15642,650,2024,5,Family,68,3.0
15643,1278,2022,7,Solo,4,4.0
15644,1887,2020,5,Solo,15,4.0
15645,1654,2022,12,Business,1,2.0
15646,997,2021,4,Family,40,4.0
15647,1194,2022,1,Family,123,3.0
15648,1952,2020,11,Friends,146,4.0
15649,1498,2022,7,Couples,72,4.0
15650,1006,2024,1,SOLO,5,4.0
15651,562,2023,12,Family,11,4.0
15652,1812,2024,3,Couples,123,3.0
15653,1954,2019,12,Friends,52,3.0
15654,142,2022,5,Family,133,3.0
15655,64,2019,5,Solo,76,4.0
15656,231,2020,3,Business,132,3.0
15657,774,2023,3,Business,21,3.0
15658,320,2019,10,Solo,129,3.0
15659,1765,2021,6,Family,82,4.0
15660,1829,2019,7,Couples,66,5.0
15661,362,2020,4,Friends,80,3.0
15662,1659,2019,6,Solo,50,4.0
15663,283,2021,6,Solo,91,4.0
15664,1575,2022,4,Solo,116,3.0
15665,731,2022,8,Couples,122,2.0
15666,81,2024,6,FRIENDS,147,3.0
15667,857,2019,10,Business,62,2.0
15668,1646,2021,10,Couples,116,3.0
15669,1867,2022,8,Couples,134,4.0
15670,243,2019,2,Couples,3,5.0
15671,1673,2019,11,Couples,72,4.0
15672,587,2020,9,Friends,106,3.0
15673,929,2024,9,Solo,69,3.0
15674,218,2022,8,Couples,16,4.0
15675,1946,2022,7,Business,99,4.0
15676,1581,2022,7,Couples,61,3.0
15677,1285,2023,2,Family,93,3.0
15678,1455,2022,12,FRIENDS,1,4.0
15679,1748,2023,10,Friends,2,4.0
15680,287,2020,11,Family,91,4.0
15681,493,2023,9,Solo,148,4.0
15682,75,2019,4,Family,96,
15683,978,2021,5,Friends,142,4.0
15684,989,2020,11,Family,128,4.0
15685,60,2019,3,Family,43,4.0
15686,1324,2022,8,Couples,16,3.0
15687,18,2024,8,Business,84,2.0
15688,1586,2019,3,Family,94,3.0
15689,1411,2024,2,Couples,116,2.0
15690,1631,2024,1,Family,79,4.0
15691,237,2024,10,Family,139,4.0
15692,1741,2019,4,Family,127,5.0
15693,1096,2024,3,Couples,88,4.0
15694,1727,2021,11,Friends,83,4.0
15695,1393,2022,8,Couples,3,4.0
15696,1313,2020,1,Business,118,3.0
15697,65,2022,4,Couples,103,4.0
15698,1384,2022,6,Business,135,4.0
15699,898,2023,6,Couples,14,5.0
15700,1699,2021,10,Friends,22,4.0
15701,1369,2019,10,Friends,101,5.0
15702,149,2022,1,Family,74,3.0
15703,1780,2023,4,Couples,89,3.0
15704,126,2019,8,Solo,66,4.0
15705,599,2023,1,Friends,97,3.0
15706,434,2023,7,Business,99,3.0
15707,1949,2022,1,Family,29,3.0
15708,307,2024,7,SOLO,115,3.0
15709,1690,2021,1,Solo,75,3.0
15710,445,2019,9,Couples,87,4.0
15711,1302,2022,6,Family,93,3.0
15712,181,2022,12,Family,112,4.0
15713,784,2024,1,Friends,46,3.0
15714,1247,2020,11,Solo,2,3.0
15715,1423,2019,5,Family,28,3.0
15716,1745,2023,6,Business,145,4.0
15717,1633,2020,9,Friends,34,3.0
15718,1038,2020,8,Solo,38,1.0
15719,607,2023,11,Friends,129,3.0
15720,523,2020,10,Business,36,4.0
15721,1986,2023,3,Friends,70,4.0
15722,1217,2020,4,BUSINESS,56,4.0
15723,1818,2022,11,Solo,100,3.0
15724,868,2022,10,Friends,90,4.0
15725,972,2022,12,Business,78,3.0
15726,1652,2020,11,Business,76,2.0
15727,1446,2019,8,Couples,126,4.0
15728,402,2022,12,Couples,88,3.0
15729,1049,2021,9,Business,77,5.0
15730,427,2024,11,Friends,134,3.0
15731,1522,2024,6,Business,14,3.0
15732,60,2019,12,Solo,126,3.0
15733,1654,2021,1,Couples,30,4.0
15734,1859,2021,11,Family,50,4.0
15735,47,2021,12,Family,2,3.0
15736,1261,2023,10,Couples,86,4.0
15737,159,2021,12,Family,125,4.0
15738,721,2019,6,Friends,58,2.0
15739,673,2021,4,Business,100,3.0
15740,1040,2023,2,Couples,59,3.0
15741,1836,2021,3,Friends,114,4.0
15742,924,2020,11,Couples,150,4.0
15743,797,2023,1,Business,108,4.0
15744,186,2019,3,Couples,52,5.0
15745,1776,2021,6,Family,124,3.0
15746,630,2019,5,Solo,6,4.0
15747,925,2022,12,Couples,149,5.0
15748,185,2024,1,Family,126,4.0
15749,578,2021,1,Couples,99,4.0
15750,1107,2024,4,Solo,94,4.0
15751,1802,2024,8,Solo,38,3.0
15752,658,2023,5,Couples,65,3.0
15753,1122,2020,11,BUSINESS,16,4.0
15754,1752,2019,2,Family,51,2.0
15755,721,2019,5,Family,89,3.0
15756,590,2021,8,Family,55,3.0
15757,89,2021,8,Couples,116,4.0
15758,1816,2020,7,Business,128,3.0
15759,222,2024,6,Business,85,3.0
15760,431,2023,2,Friends,52,4.0
15761,279,2023,1,Family,46,4.0
15762,1416,2022,1,Couples,83,4.0
15763,730,2022,7,Solo,108,4.0
15764,1410,2024,11,Friends,20,3.0
15765,1215,2021,2,Friends,68,3.0
15766,31,2019,1,Family,67,4.0
15767,616,2020,9,Family,43,3.0
15768,9,2020,7,Family,36,3.0
15769,132,2024,4,Couples,127,4.0
15770,947,2022,1,FRIENDS,65,4.0
15771,530,2021,10,Family,87,4.0
15772,179,2019,8,Family,6,4.0
15773,818,2023,8,FAMILY,43,5.0
15774,904,2022,3,Couples,34,3.0
15775,1985,2023,12,Friends,50,4.0
15776,1324,2019,1,Couples,127,4.0
15777,786,2022,9,Friends,86,4.0
15778,947,2021,9,Solo,136,3.0
15779,179,2020,9,Family,64,4.0
15780,774,2020,8,Couples,116,4.0
15781,1163,2020,4,Couples,25,4.0
15782,42,2023,6,Friends,123,4.0
15783,1840,2019,6,Couples,92,4.0
15784,1031,2024,11,Friends,6,2.0
15785,1574,2024,9,Family,104,5.0
15786,552,2024,6,Friends,72,4.0
15787,1673,2024,9,Family,1,4.0
15788,734,2020,12,Family,128,5.0
15789,1857,2021,9,Business,81,3.0
15790,1045,2019,5,Solo,91,3.0
15791,1274,2024,1,Family,87,3.0
15792,408,2023,11,Family,14,3.0
15793,1990,2019,1,Business,50,3.0
15794,386,2024,7,Family,106,4.0
15795,67,2019,1,Family,51,3.0
15796,880,2023,11,Family,134,3.0
15797,1670,2019,1,Family,48,4.0
15798,1843,2023,9,Family,69,4.0
15799,1715,2024,10,Friends,67,4.0
15800,1107,2024,9,Couples,3,4.0
15801,1834,2019,7,Friends,122,4.0
15802,985,2019,8,Business,21,4.0
15803,957,2019,7,Family,71,5.0
15804,362,2023,10,Family,137,4.0
15805,1576,2020,2,Solo,150,3.0
15806,633,2021,11,Couples,35,4.0
15807,391,2021,10,Family,57,4.0
15808,740,2021,12,Friends,85,3.0
15809,1207,2021,2,Friends,105,3.0
15810,541,2021,3,Solo,38,4.0
15811,718,2020,3,Couples,83,3.0
15812,661,2021,5,Friends,126,3.0
15813,1193,2023,10,Solo,115,3.0
15814,1429,2019,10,Family,124,3.0
15815,1352,2024,9,Family,134,4.0
15816,283,2021,5,Couples,130,5.0
15817,695,2020,2,Couples,77,4.0
15818,1297,2021,9,COUPLES,147,3.0
15819,433,2024,1,Business,75,2.0
15820,139,2023,3,Family,107,5.0
15821,644,2023,5,Friends,142,4.0
15822,1358,2020,10,Couples,7,4.0
15823,1328,2024,8,Business,141,3.0
15824,260,2023,2,Couples,124,4.0
15825,1354,2019,3,Friends,150,4.0
15826,389,2021,11,Family,116,3.0
15827,1483,2024,8,Friends,24,2.0
15828,1134,2022,8,Couples,46,3.0
15829,254,2022,5,Family,1,4.0
15830,701,2021,10,Friends,92,3.0
15831,1638,2019,8,Friends,66,4.0
15832,866,2024,1,Family,72,3.0
15833,1377,2023,9,Solo,111,3.0
15834,1497,2020,4,Business,124,2.0
15835,62,2020,11,Family,11,3.0
15836,1863,2022,8,Family,138,4.0
15837,672,2023,3,Solo,57,3.0
15838,1587,2019,1,Family,113,4.0
15839,934,2022,2,Family,88,4.0
15840,1154,2024,3,Solo,67,4.0
15841,722,2021,2,Business,32,4.0
15842,1707,2019,8,COUPLES,29,3.0
15843,235,2019,2,Couples,110,5.0
15844,1793,2019,6,Business,49,4.0
15845,415,2024,4,Family,35,4.0
15846,1767,2021,8,Couples,1,4.0
15847,50,2019,1,COUPLES,127,5.0
15848,28,2024,5,Business,60,3.0
15849,187,2023,10,Business,53,4.0
15850,1096,2019,3,Couples,56,4.0
15851,533,2023,11,FAMILY,90,4.0
15852,1196,2020,3,Couples,73,3.0
15853,1640,2019,9,SOLO,82,4.0
15854,55,2019,4,Couples,42,4.0
15855,1054,2022,5,Couples,45,4.0
15856,1479,2024,7,Couples,130,4.0
15857,849,2024,9,Couples,66,4.0
15858,1851,2023,7,Solo,146,3.0
15859,1325,2024,7,Friends,127,4.0
15860,70,2020,4,Couples,107,5.0
15861,1084,2019,8,Solo,83,3.0
15862,768,2019,1,Family,126,4.0
15863,264,2020,2,Friends,9,2.0
15864,1901,2023,2,Couples,75,3.0
15865,446,2019,11,Couples,107,5.0
15866,167,2021,8,Family,17,4.0
15867,446,2023,5,Family,28,
15868,1647,2024,8,Solo,10,3.0
15869,1200,2019,4,Business,73,4.0
15870,1640,2020,9,Business,82,3.0
15871,924,2019,5,Family,71,3.0
15872,234,2019,8,Family,9,3.0
15873,776,2021,3,Family,73,3.0
15874,400,2020,1,Family,134,4.0
15875,1114,2024,12,Couples,5,4.0
15876,539,2021,8,Business,117,3.0
15877,1941,2020,8,Friends,41,3.0
15878,755,2021,8,Family,12,4.0
15879,629,2023,11,Friends,8,4.0
15880,1969,2021,1,Family,2,4.0
15881,1041,2019,12,Solo,63,3.0
15882,341,2021,6,Solo,75,3.0
15883,961,2022,7,Family,94,4.0
15884,510,2020,12,Friends,13,4.0
15885,1434,2022,10,Business,99,4.0
15886,1148,2020,5,Business,111,3.0
15887,1461,2024,11,Friends,10,4.0
15888,1881,2024,1,Business,102,4.0
15889,1459,2023,2,Friends,18,3.0
15890,682,2024,3,Couples,66,4.0
15891,404,2019,4,Couples,100,3.0
15892,1059,2022,9,Couples,131,4.0
15893,899,2021,5,Solo,80,3.0
15894,627,2023,11,Friends,66,4.0
15895,1623,2019,8,Friends,126,4.0
15896,1819,2020,8,Friends,33,4.0
15897,764,2020,10,Friends,31,5.0
15898,1362,2022,5,Couples,70,3.0
15899,1969,2024,5,Solo,19,3.0
15900,24,2024,2,Couples,4,3.0
15901,730,2021,11,FAMILY,55,4.0
15902,1476,2019,3,Friends,23,3.0
15903,996,2024,8,Friends,96,3.0
15904,1584,2022,10,Family,83,3.0
15905,950,2019,5,Family,73,
15906,129,2022,2,Family,75,3.0
15907,868,2024,9,Business,15,2.0
15908,810,2024,4,Family,61,3.0
15909,1692,2024,11,Family,11,4.0
15910,295,2024,6,Family,54,3.0
15911,311,2022,5,Business,102,3.0
15912,283,2022,9,Family,148,4.0
15913,1136,2019,5,Business,45,2.0
15914,1992,2022,10,Family,40,3.0
15915,1238,2024,9,Friends,101,4.0
15916,1633,2023,11,Couples,138,4.0
15917,1703,2024,6,Solo,45,4.0
15918,1202,2020,2,Friends,126,4.0
15919,1219,2020,3,Couples,48,4.0
15920,487,2024,1,Couples,96,5.0
15921,1921,2024,11,Business,32,4.0
15922,1576,2022,3,Friends,40,2.0
15923,1745,2024,3,Business,148,4.0
15924,1968,2023,8,Family,59,
15925,698,2020,3,Friends,3,3.0
15926,288,2022,12,Couples,116,3.0
15927,1720,2021,11,Couples,20,3.0
15928,946,2023,6,Couples,17,4.0
15929,1917,2021,8,Friends,126,4.0
15930,1389,2020,5,Solo,53,3.0
15931,515,2021,6,Solo,21,3.0
15932,710,2021,6,Business,147,2.0
15933,1221,2024,5,Family,43,3.0
15934,789,2019,6,Family,95,3.0
15935,564,2024,3,Solo,40,2.0
15936,420,2020,8,Family,88,3.0
15937,1300,2020,1,Family,105,4.0
15938,71,2021,11,Family,114,3.0
15939,188,2022,11,Friends,62,3.0
15940,86,2024,3,Family,93,3.0
15941,1469,2022,1,Business,127,3.0
15942,59,2019,6,Solo,127,4.0
15943,840,2021,1,Family,113,5.0
15944,243,2024,5,Couples,60,4.0
15945,1175,2023,10,Family,80,4.0
15946,69,2020,4,COUPLES,146,4.0
15947,52,2022,11,Family,38,4.0
15948,823,2023,1,Family,104,4.0
15949,1391,2020,9,SOLO,119,4.0
15950,220,2022,7,Business,73,3.0
15951,992,2021,3,Family,130,4.0
15952,1621,2020,6,Couples,65,3.0
15953,1251,2024,4,Business,126,4.0
15954,1501,2020,8,Friends,97,3.0
15955,632,2020,12,FRIENDS,8,4.0
15956,1885,2019,7,Solo,124,2.0
15957,292,2021,9,Family,105,3.0
15958,1211,2022,8,Couples,34,4.0
15959,871,2024,10,Couples,106,4.0
15960,64,2023,7,Family,77,5.0
15961,1888,2024,6,Family,142,3.0
15962,1405,2024,2,Business,46,3.0
15963,456,2023,10,Solo,40,4.0
15964,105,2024,11,Solo,9,3.0
15965,1352,2020,12,Friends,118,4.0
15966,1091,2023,9,Couples,148,5.0
15967,100,2022,5,Couples,104,3.0
15968,1973,2021,9,Friends,56,5.0
15969,1437,2022,4,Couples,132,3.0
15970,926,2023,11,Couples,39,3.0
15971,477,2021,1,Family,104,3.0
15972,543,2024,11,Business,90,3.0
15973,904,2019,9,Business,128,3.0
15974,115,2020,11,Business,146,3.0
15975,736,2021,3,Couples,54,3.0
15976,435,2023,7,Family,15,3.0
15977,226,2022,4,Friends,24,5.0
15978,252,2024,9,Couples,111,4.0
15979,692,2024,8,COUPLES,55,4.0
15980,766,2021,9,Business,21,3.0
15981,701,2023,9,Family,123,3.0
15982,1380,2020,1,Business,98,3.0
15983,1045,2019,5,Couples,20,3.0
15984,386,2021,4,Friends,107,5.0
15985,1945,2020,12,Solo,96,3.0
15986,1461,2023,7,Couples,148,4.0
15987,941,2022,2,Couples,149,4.0
15988,99,2019,5,Friends,147,4.0
15989,1829,2021,7,Family,135,3.0
15990,1490,2021,4,Couples,119,5.0
15991,924,2019,8,Solo,101,3.0
15992,324,2022,10,FAMILY,82,5.0
15993,216,2024,8,Solo,119,4.0
15994,580,2024,7,Friends,145,4.0
15995,461,2024,8,Solo,18,4.0
15996,419,2024,4,Business,21,4.0
15997,816,2024,8,Couples,75,4.0
15998,94,2019,1,Couples,45,5.0
15999,651,2021,10,Friends,80,5.0
16000,1743,2022,5,Couples,47,4.0
16001,1732,2024,10,Couples,118,2.0
16002,17,2021,4,Couples,135,4.0
16003,1358,2023,12,Couples,43,5.0
16004,1983,2023,7,Friends,116,4.0
16005,1157,2022,12,Solo,16,3.0
16006,781,2020,4,Couples,120,4.0
16007,983,2019,7,Business,105,4.0
16008,427,2021,9,Friends,107,3.0
16009,795,2020,9,Family,74,2.0
16010,1874,2022,4,Family,17,3.0
16011,1225,2020,5,Couples,127,5.0
16012,862,2024,3,Family,17,3.0
16013,250,2024,8,Business,73,4.0
16014,1813,2024,5,Family,27,4.0
16015,326,2022,1,Solo,127,4.0
16016,1444,2019,4,Solo,87,2.0
16017,607,2024,5,Friends,77,4.0
16018,558,2019,7,Couples,48,3.0
16019,343,2022,11,Solo,118,3.0
16020,751,2023,12,Family,32,3.0
16021,1355,2019,9,Family,109,4.0
16022,834,2021,11,Couples,146,4.0
16023,50,2021,1,Friends,40,2.0
16024,529,2020,11,Friends,103,4.0
16025,321,2019,7,FAMILY,47,4.0
16026,804,2024,5,Couples,140,4.0
16027,1806,2024,5,Couples,135,4.0
16028,1926,2019,5,FAMILY,48,4.0
16029,1996,2020,10,Couples,35,4.0
16030,226,2021,6,Family,13,4.0
16031,976,2020,2,Business,105,2.0
16032,92,2019,11,Friends,138,4.0
16033,991,2022,8,Couples,22,3.0
16034,1154,2021,5,Family,123,3.0
16035,1547,2023,9,Friends,114,4.0
16036,673,2020,5,Couples,71,4.0
16037,73,2022,8,Family,34,4.0
16038,909,2020,1,Couples,98,3.0
16039,855,2019,4,Friends,90,4.0
16040,1249,2023,5,Family,122,4.0
16041,200,2023,10,Family,85,5.0
16042,1227,2022,10,Family,8,5.0
16043,802,2019,10,Family,31,4.0
16044,1479,2023,6,Family,58,3.0
16045,1968,2022,5,Family,74,3.0
16046,456,2021,7,Family,53,5.0
16047,1508,2022,4,Family,132,3.0
16048,256,2019,7,Friends,43,3.0
16049,1971,2020,8,Family,103,3.0
16050,962,2019,12,Solo,55,3.0
16051,1493,2021,5,Family,149,4.0
16052,1556,2024,2,Friends,138,3.0
16053,1217,2019,5,Family,118,4.0
16054,769,2021,10,Couples,115,3.0
16055,1509,2020,6,Family,97,4.0
16056,953,2024,5,Family,89,4.0
16057,1319,2022,6,Couples,85,4.0
16058,1227,2020,4,Friends,5,2.0
16059,929,2020,10,Family,141,4.0
16060,235,2022,9,Family,148,4.0
16061,586,2019,12,COUPLES,80,4.0
16062,1876,2019,2,Family,131,4.0
16063,1041,2023,9,Couples,61,3.0
16064,1273,2023,1,Family,17,4.0
16065,517,2023,2,Family,126,3.0
16066,1412,2020,11,Couples,77,5.0
16067,974,2024,5,Couples,142,4.0
16068,438,2020,4,Couples,32,4.0
16069,293,2024,3,COUPLES,72,4.0
16070,791,2020,2,Couples,101,4.0
16071,1131,2021,8,Friends,21,4.0
16072,561,2024,7,Couples,150,3.0
16073,491,2021,8,Family,92,5.0
16074,540,2023,2,Family,26,4.0
16075,588,2022,12,Couples,112,3.0
16076,1479,2019,1,Couples,132,4.0
16077,999,2023,6,Business,57,3.0
16078,939,2021,7,Business,92,
16079,326,2021,2,Couples,113,4.0
16080,1090,2020,7,Friends,22,3.0
16081,1925,2024,8,Couples,80,3.0
16082,1492,2022,7,Family,84,4.0
16083,894,2022,5,BUSINESS,46,4.0
16084,614,2022,12,Friends,45,3.0
16085,705,2020,3,Couples,95,4.0
16086,54,2022,9,Couples,113,5.0
16087,59,2023,5,Couples,59,4.0
16088,1553,2019,5,Solo,22,4.0
16089,1687,2019,3,FAMILY,119,4.0
16090,1938,2019,9,Business,27,4.0
16091,1252,2024,3,Couples,1,5.0
16092,1859,2022,5,Friends,49,4.0
16093,833,2021,6,Friends,123,4.0
16094,509,2020,1,Business,114,4.0
16095,492,2023,10,Couples,46,4.0
16096,474,2022,4,Business,78,3.0
16097,1491,2022,11,Business,144,4.0
16098,20,2023,8,Business,108,3.0
16099,1891,2019,4,Family,114,5.0
16100,1550,2023,8,Business,14,3.0
16101,762,2023,6,Friends,37,3.0
16102,1404,2020,6,Family,16,4.0
16103,270,2020,11,Family,147,4.0
16104,863,2022,8,Solo,52,
16105,219,2021,12,Couples,75,3.0
16106,225,2024,12,Business,83,3.0
16107,13,2019,11,Family,79,4.0
16108,1592,2020,6,Family,8,4.0
16109,1488,2023,6,Family,137,4.0
16110,1786,2023,11,FAMILY,58,4.0
16111,1963,2024,11,Couples,138,3.0
16112,1930,2019,5,Family,115,4.0
16113,1986,2019,9,Friends,105,4.0
16114,32,2024,8,Couples,106,4.0
16115,1569,2023,2,Family,147,4.0
16116,1447,2023,2,Friends,46,3.0
16117,325,2024,2,Couples,50,4.0
16118,274,2020,4,Business,101,4.0
16119,1956,2019,12,FAMILY,35,3.0
16120,1766,2020,4,Family,121,3.0
16121,656,2024,12,Friends,5,3.0
16122,150,2022,6,Friends,135,4.0
16123,668,2019,6,Friends,52,4.0
16124,11,2023,4,Couples,1,5.0
16125,1375,2024,8,Couples,91,4.0
16126,761,2019,8,Family,42,5.0
16127,99,2022,4,Couples,46,5.0
16128,1960,2023,10,Solo,73,3.0
16129,1652,2024,9,Business,87,3.0
16130,1810,2022,9,Family,21,3.0
16131,1995,2021,6,Couples,8,4.0
16132,29,2024,8,Friends,70,5.0
16133,1551,2021,5,Family,54,4.0
16134,1576,2022,12,Business,88,4.0
16135,1564,2024,6,Family,113,4.0
16136,531,2022,4,Family,93,4.0
16137,781,2023,6,Family,16,3.0
16138,1859,2024,12,Business,150,4.0
16139,132,2022,12,Family,108,3.0
16140,1283,2021,5,Family,8,3.0
16141,1586,2022,11,Business,115,2.0
16142,1597,2021,4,Family,133,4.0
16143,1195,2023,3,Solo,86,4.0
16144,1534,2019,3,Business,125,3.0
16145,1819,2019,4,Couples,133,4.0
16146,1532,2021,4,Couples,145,3.0
16147,232,2019,4,Family,144,4.0
16148,490,2023,5,Friends,30,4.0
16149,611,2020,1,Family,6,3.0
16150,687,2021,5,Family,98,3.0
16151,722,2020,7,Solo,102,3.0
16152,440,2024,5,Couples,86,4.0
16153,1367,2024,6,Friends,36,4.0
16154,221,2019,3,Friends,143,5.0
16155,1576,2021,2,Business,62,3.0
16156,1318,2024,11,Business,112,2.0
16157,1923,2021,12,Solo,94,4.0
16158,14,2024,5,Couples,135,4.0
16159,591,2019,10,Family,107,4.0
16160,1797,2021,2,Business,96,3.0
16161,988,2024,3,Friends,127,3.0
16162,1122,2020,7,Couples,9,4.0
16163,58,2019,9,Family,106,5.0
16164,1525,2023,9,Business,88,3.0
16165,506,2019,5,Business,117,3.0
16166,1927,2020,11,FRIENDS,34,4.0
16167,749,2023,8,Family,90,4.0
16168,378,2024,4,Friends,43,4.0
16169,1188,2019,6,Couples,18,4.0
16170,955,2021,4,Couples,87,3.0
16171,942,2023,2,Friends,4,4.0
16172,1900,2021,1,Family,14,5.0
16173,729,2021,6,Family,80,3.0
16174,796,2022,1,Couples,135,4.0
16175,1249,2023,12,Family,108,4.0
16176,341,2019,11,Friends,3,4.0
16177,1658,2019,9,Couples,17,3.0
16178,460,2019,10,Couples,65,4.0
16179,484,2021,8,Business,65,3.0
16180,22,2020,9,Solo,6,3.0
16181,686,2021,11,Friends,39,4.0
16182,1166,2020,7,Business,20,3.0
16183,1410,2022,10,Friends,86,4.0
16184,1798,2020,3,Family,99,4.0
16185,1556,2024,11,Solo,59,2.0
16186,643,2020,9,Family,86,
16187,1651,2020,2,Couples,31,4.0
16188,390,2024,3,Friends,128,3.0
16189,419,2022,2,Solo,1,3.0
16190,717,2019,3,Family,76,3.0
16191,1079,2019,10,Family,49,4.0
16192,407,2019,10,Friends,68,4.0
16193,1801,2023,12,Business,78,3.0
16194,541,2022,2,Friends,97,2.0
16195,784,2024,7,Friends,140,3.0
16196,1210,2020,10,Couples,85,4.0
16197,860,2019,12,Business,35,4.0
16198,808,2021,2,BUSINESS,79,4.0
16199,1970,2019,8,Solo,77,4.0
16200,872,2019,1,FRIENDS,130,4.0
16201,227,2023,2,Couples,85,5.0
16202,1461,2021,11,Friends,131,4.0
16203,1412,2024,12,Friends,98,2.0
16204,438,2022,3,Solo,86,4.0
16205,1701,2022,11,Family,50,4.0
16206,784,2024,11,Friends,39,4.0
16207,302,2021,7,Business,15,3.0
16208,345,2020,3,Couples,83,3.0
16209,1429,2023,9,FAMILY,139,4.0
16210,433,2023,7,Business,2,2.0
16211,940,2020,5,Business,143,3.0
16212,1469,2023,11,Business,129,3.0
16213,1706,2024,8,Family,66,4.0
16214,980,2020,4,Family,48,3.0
16215,1815,2024,5,Solo,88,3.0
16216,606,2019,4,Family,129,3.0
16217,1745,2024,7,Family,5,4.0
16218,501,2024,4,Friends,68,3.0
16219,129,2024,8,Friends,8,4.0
16220,1451,2021,6,Couples,97,3.0
16221,1514,2024,1,FRIENDS,12,3.0
16222,1853,2022,1,Friends,48,4.0
16223,1844,2019,2,Friends,111,5.0
16224,205,2024,2,Couples,113,4.0
16225,1243,2024,1,Friends,35,4.0
16226,1409,2020,8,Friends,77,4.0
16227,1202,2020,8,Couples,28,5.0
16228,38,2022,1,Family,89,1.0
16229,91,2021,5,Business,2,5.0
16230,1342,2022,4,Couples,123,4.0
16231,1713,2021,7,Business,4,2.0
16232,359,2020,8,Business,92,5.0
16233,93,2020,7,Business,61,1.0
16234,809,2022,5,Solo,34,2.0
16235,628,2021,1,Couples,82,3.0
16236,1966,2019,10,Business,22,3.0
16237,1852,2022,10,Friends,87,4.0
16238,1117,2023,11,Family,97,3.0
16239,1900,2019,9,Family,69,3.0
16240,458,2020,4,Friends,55,3.0
16241,1984,2021,9,Family,69,3.0
16242,894,2024,11,Family,144,5.0
16243,953,2021,1,Family,113,5.0
16244,102,2024,7,Family,1,
16245,355,2023,8,Friends,44,4.0
16246,389,2024,12,Couples,4,3.0
16247,976,2022,7,Business,36,4.0
16248,380,2020,11,Family,117,4.0
16249,205,2023,10,Couples,129,4.0
16250,1211,2019,10,Couples,69,4.0
16251,1746,2023,2,FRIENDS,104,5.0
16252,140,2020,7,Friends,56,3.0
16253,1122,2023,9,Couples,72,4.0
16254,1921,2022,2,Family,125,5.0
16255,810,2020,12,Couples,42,4.0
16256,366,2021,9,Family,48,4.0
16257,160,2022,11,Business,21,5.0
16258,1873,2023,8,Solo,33,3.0
16259,811,2021,11,Business,6,5.0
16260,211,2019,11,Friends,123,3.0
16261,1733,2019,1,Couples,128,4.0
16262,1605,2022,12,Friends,64,3.0
16263,1407,2024,7,Couples,90,4.0
16264,169,2021,6,Friends,38,4.0
16265,165,2019,3,Solo,7,3.0
16266,438,2020,5,Solo,78,3.0
16267,320,2024,7,Friends,24,4.0
16268,1064,2023,7,Family,128,3.0
16269,785,2019,9,Family,42,4.0
16270,1531,2020,9,Solo,111,4.0
16271,203,2023,9,Friends,40,3.0
16272,1456,2022,7,Family,19,3.0
16273,1869,2020,12,Couples,83,4.0
16274,262,2023,11,Business,28,3.0
16275,1305,2024,12,Couples,60,4.0
16276,1019,2024,9,Family,44,4.0
16277,190,2023,3,Friends,133,4.0
16278,586,2021,12,Couples,76,3.0
16279,1577,2019,11,Couples,108,5.0
16280,1739,2021,4,Business,89,3.0
16281,737,2019,11,Business,137,4.0
16282,214,2022,7,Friends,66,
16283,490,2022,9,Couples,130,3.0
16284,1687,2021,5,Solo,135,3.0
16285,1140,2019,4,Business,139,3.0
16286,861,2022,5,Friends,105,4.0
16287,27,2019,3,Business,148,3.0
16288,1566,2020,2,Family,112,3.0
16289,931,2024,6,Friends,47,4.0
16290,1091,2024,12,Couples,24,3.0
16291,1688,2022,1,Family,32,4.0
16292,1125,2021,4,Friends,87,5.0
16293,1857,2019,4,Couples,25,5.0
16294,1120,2022,3,Family,36,4.0
16295,686,2021,1,Family,95,3.0
16296,1846,2023,3,Friends,50,4.0
16297,1285,2019,7,Couples,103,4.0
16298,1521,2023,6,Family,150,3.0
16299,454,2023,8,Solo,14,3.0
16300,1343,2021,11,Friends,97,3.0
16301,1121,2019,2,Business,124,3.0
16302,211,2021,4,Couples,22,4.0
16303,509,2021,11,Couples,118,4.0
16304,1824,2023,3,Family,77,4.0
16305,1143,2020,2,Couples,95,5.0
16306,1549,2019,3,Family,8,4.0
16307,344,2024,5,Solo,66,4.0
16308,436,2020,4,Friends,56,4.0
16309,1883,2019,7,Business,24,3.0
16310,841,2024,3,Family,115,4.0
16311,1774,2023,7,Family,76,4.0
16312,1617,2020,11,Couples,132,3.0
16313,674,2021,4,Business,24,3.0
16314,1900,2023,7,Solo,110,3.0
16315,1554,2023,9,Friends,91,4.0
16316,256,2021,1,Friends,98,5.0
16317,192,2020,5,Friends,47,4.0
16318,254,2019,8,Family,104,4.0
16319,1481,2024,4,Friends,38,2.0
16320,287,2023,5,Family,115,4.0
16321,565,2024,6,Couples,67,5.0
16322,869,2023,12,BUSINESS,72,3.0
16323,272,2020,2,Family,88,4.0
16324,661,2020,8,Couples,13,3.0
16325,1357,2020,12,Friends,56,2.0
16326,1945,2021,11,Family,31,4.0
16327,940,2024,7,Solo,145,3.0
16328,1494,2023,5,Couples,64,4.0
16329,1061,2021,2,Family,1,4.0
16330,933,2023,4,Couples,4,3.0
16331,1042,2024,10,Couples,137,5.0
16332,1918,2021,1,Family,24,5.0
16333,119,2024,9,Business,1,4.0
16334,1027,2019,12,Friends,32,4.0
16335,103,2020,6,Business,33,3.0
16336,1751,2020,10,Solo,12,4.0
16337,1203,2020,12,Couples,150,3.0
16338,95,2020,10,Family,9,4.0
16339,1248,2021,7,Solo,110,3.0
16340,872,2023,7,Friends,126,3.0
16341,95,2022,3,Couples,97,4.0
16342,1957,2021,2,Couples,20,3.0
16343,757,2021,10,Business,109,3.0
16344,48,2020,7,FAMILY,50,3.0
16345,1226,2023,12,Family,62,4.0
16346,751,2023,9,Friends,38,3.0
16347,1314,2022,4,Couples,118,4.0
16348,325,2023,12,Business,87,3.0
16349,1657,2023,1,Couples,24,4.0
16350,841,2023,2,Solo,62,4.0
16351,842,2019,8,Solo,120,3.0
16352,1608,2019,8,Couples,141,4.0
16353,1097,2021,9,Family,141,2.0
16354,3,2019,8,Friends,21,3.0
16355,1158,2019,4,Family,129,3.0
16356,1292,2019,2,Solo,85,4.0
16357,625,2019,12,Friends,111,4.0
16358,362,2020,5,Friends,58,3.0
16359,108,2020,3,Family,98,5.0
16360,1693,2023,1,Couples,39,
16361,9,2024,10,Couples,79,
16362,1167,2020,11,Friends,34,3.0
16363,1673,2021,11,Couples,60,
16364,705,2022,11,Couples,62,4.0
16365,401,2020,3,Friends,130,4.0
16366,1430,2020,1,Business,95,3.0
16367,1261,2023,7,Friends,98,4.0
16368,30,2021,7,Family,43,3.0
16369,1155,2023,1,Business,66,5.0
16370,1,2019,11,Couples,71,5.0
16371,800,2021,8,Couples,118,2.0
16372,609,2020,9,Couples,28,4.0
16373,1667,2020,7,Couples,9,3.0
16374,1955,2021,12,Friends,76,4.0
16375,1397,2020,10,Solo,122,3.0
16376,1469,2023,7,Couples,111,2.0
16377,46,2020,7,Family,122,4.0
16378,128,2024,11,Family,60,2.0
16379,1554,2021,5,Couples,35,4.0
16380,857,2022,11,Solo,99,4.0
16381,1014,2020,2,Business,6,3.0
16382,1384,2024,1,Solo,135,4.0
16383,695,2022,1,Couples,108,4.0
16384,1364,2023,5,Family,76,3.0
16385,1454,2024,7,Solo,30,3.0
16386,481,2024,11,Family,38,5.0
16387,1373,2020,12,Friends,150,4.0
16388,339,2020,1,Business,3,4.0
16389,622,2020,10,Family,2,4.0
16390,1561,2022,3,Couples,53,3.0
16391,1967,2024,5,Family,35,3.0
16392,130,2023,11,Couples,102,4.0
16393,1298,2022,12,Family,7,4.0
16394,1140,2021,10,Family,118,4.0
16395,1212,2023,3,Business,118,2.0
16396,1574,2021,1,Friends,35,4.0
16397,140,2024,12,Couples,87,4.0
16398,1479,2022,3,Family,101,5.0
16399,559,2022,3,Friends,128,4.0
16400,309,2023,7,Couples,110,4.0
16401,894,2023,3,Family,145,4.0
16402,55,2021,8,Friends,18,4.0
16403,1262,2021,11,FAMILY,92,5.0
16404,1131,2021,5,Solo,116,3.0
16405,1026,2024,6,Business,35,3.0
16406,62,2019,11,Couples,33,4.0
16407,1527,2023,11,Friends,14,4.0
16408,71,2024,2,Family,148,5.0
16409,526,2019,9,Couples,130,5.0
16410,792,2022,1,Couples,19,4.0
16411,1405,2022,2,Friends,37,4.0
16412,816,2021,8,Friends,69,4.0
16413,1634,2019,2,Family,135,4.0
16414,1869,2023,3,Friends,124,3.0
16415,1531,2022,6,Family,132,4.0
16416,78,2023,5,Friends,125,
16417,1542,2019,7,Business,95,2.0
16418,413,2024,12,Solo,44,5.0
16419,1778,2022,6,Friends,91,3.0
16420,1958,2021,4,Friends,75,3.0
16421,169,2021,3,Friends,143,3.0
16422,198,2024,11,FRIENDS,68,5.0
16423,1395,2022,3,Business,114,3.0
16424,287,2022,1,Solo,27,4.0
16425,1938,2022,7,Couples,103,4.0
16426,1081,2020,9,Friends,69,4.0
16427,1148,2020,1,Family,66,4.0
16428,1721,2023,8,Couples,114,4.0
16429,435,2020,6,Couples,73,5.0
16430,1112,2019,10,Couples,9,3.0
16431,1998,2021,1,FRIENDS,59,3.0
16432,45,2019,11,Friends,145,4.0
16433,350,2022,11,Family,142,4.0
16434,293,2022,9,FAMILY,93,3.0
16435,672,2024,8,Couples,96,5.0
16436,260,2022,9,Couples,40,3.0
16437,345,2021,2,Family,118,3.0
16438,1706,2022,11,Family,90,4.0
16439,930,2022,10,Business,6,3.0
16440,717,2023,10,Friends,143,3.0
16441,838,2024,6,Solo,128,3.0
16442,1942,2019,2,Friends,13,5.0
16443,983,2023,7,Business,63,3.0
16444,938,2023,7,Friends,112,4.0
16445,1856,2020,4,Business,111,3.0
16446,75,2021,12,Business,26,4.0
16447,957,2021,5,Couples,7,4.0
16448,1497,2021,12,Family,148,4.0
16449,1030,2024,11,Friends,135,4.0
16450,1737,2020,1,Friends,111,4.0
16451,1774,2021,2,Couples,99,4.0
16452,673,2022,5,Family,103,4.0
16453,1636,2020,8,Couples,69,4.0
16454,488,2023,2,Solo,103,3.0
16455,480,2022,3,Couples,46,3.0
16456,1955,2020,11,Couples,13,3.0
16457,26,2020,6,Solo,47,3.0
16458,707,2019,7,Couples,45,3.0
16459,1259,2022,7,Couples,46,4.0
16460,828,2023,12,Solo,71,3.0
16461,1690,2024,2,Business,20,3.0
16462,504,2022,7,Business,62,4.0
16463,1106,2024,1,Family,70,5.0
16464,251,2024,1,Couples,29,3.0
16465,423,2022,6,Friends,69,3.0
16466,348,2021,11,Friends,102,3.0
16467,1483,2024,5,Family,62,4.0
16468,406,2022,9,Business,1,3.0
16469,1340,2023,12,Couples,106,4.0
16470,692,2020,1,Friends,87,4.0
16471,1131,2024,9,Couples,63,4.0
16472,1748,2021,11,Business,4,3.0
16473,1727,2024,11,Couples,14,4.0
16474,23,2021,9,Friends,12,4.0
16475,1569,2024,12,Friends,128,4.0
16476,1912,2023,8,Couples,47,3.0
16477,1336,2020,1,Couples,64,5.0
16478,375,2019,12,FRIENDS,105,3.0
16479,1330,2019,11,Couples,99,4.0
16480,1273,2021,3,Couples,10,4.0
16481,1325,2019,12,Couples,140,5.0
16482,858,2022,8,Couples,40,4.0
16483,1051,2022,6,Business,116,4.0
16484,1304,2023,10,Friends,125,3.0
16485,928,2024,8,Couples,81,3.0
16486,1548,2023,10,Couples,25,4.0
16487,1420,2024,5,Family,82,2.0
16488,607,2022,5,Friends,37,3.0
16489,1221,2024,2,Family,128,4.0
16490,1514,2023,11,Couples,114,3.0
16491,980,2023,4,Business,124,3.0
16492,1431,2021,2,Family,125,4.0
16493,254,2022,1,Family,27,4.0
16494,773,2024,5,Couples,5,4.0
16495,1404,2021,6,Family,94,3.0
16496,1791,2022,11,Friends,93,4.0
16497,1292,2022,8,Business,130,3.0
16498,1328,2020,10,Friends,96,4.0
16499,685,2019,1,Family,121,4.0
16500,1402,2023,1,Couples,53,3.0
16501,713,2023,3,Family,19,3.0
16502,105,2022,5,Friends,6,4.0
16503,494,2022,1,Friends,66,3.0
16504,1223,2019,11,Family,1,5.0
16505,1924,2020,12,Family,78,4.0
16506,992,2023,6,Family,61,3.0
16507,1721,2022,10,Couples,39,5.0
16508,1557,2020,3,Business,89,3.0
16509,1123,2022,1,Solo,102,3.0
16510,1609,2019,11,Business,6,4.0
16511,804,2023,10,Family,72,4.0
16512,886,2019,10,Couples,141,4.0
16513,1474,2024,10,Friends,45,3.0
16514,1278,2020,9,Family,118,2.0
16515,1056,2020,10,Couples,51,4.0
16516,867,2024,12,Couples,41,4.0
16517,1952,2023,11,Couples,129,3.0
16518,132,2021,11,Family,54,3.0
16519,111,2020,6,Family,130,4.0
16520,959,2019,10,Friends,99,4.0
16521,69,2021,3,Couples,122,3.0
16522,682,2022,4,Friends,123,4.0
16523,1138,2021,11,COUPLES,138,4.0
16524,811,2024,5,Friends,84,3.0
16525,407,2023,11,Business,143,2.0
16526,570,2020,6,FRIENDS,9,3.0
16527,1209,2024,4,Couples,74,3.0
16528,1903,2021,5,Family,60,5.0
16529,1563,2019,7,Family,15,3.0
16530,1095,2024,1,Family,131,3.0
16531,277,2023,7,Solo,121,3.0
16532,486,2021,2,Family,113,
16533,882,2024,6,COUPLES,96,4.0
16534,494,2024,4,Family,91,4.0
16535,1378,2024,8,Business,58,3.0
16536,733,2024,11,Couples,103,4.0
16537,1668,2020,2,Couples,147,4.0
16538,539,2022,2,Family,38,3.0
16539,993,2020,6,Solo,51,2.0
16540,1429,2023,10,Couples,17,5.0
16541,413,2021,4,Friends,137,5.0
16542,1523,2024,10,Friends,80,3.0
16543,1172,2024,1,Family,89,
16544,1296,2020,4,Family,40,4.0
16545,910,2020,7,Friends,6,4.0
16546,1871,2019,8,Couples,121,5.0
16547,1544,2022,5,Solo,130,3.0
16548,385,2021,11,Couples,52,4.0
16549,1112,2024,6,Business,115,3.0
16550,1807,2023,8,Friends,86,4.0
16551,559,2021,2,Couples,97,4.0
16552,1073,2022,12,Business,26,3.0
16553,1509,2022,7,Couples,93,3.0
16554,547,2024,6,Couples,25,4.0
16555,1036,2024,4,Couples,33,4.0
16556,1106,2021,8,Business,54,3.0
16557,356,2021,1,Couples,33,4.0
16558,356,2023,6,Family,137,4.0
16559,1127,2020,10,Business,5,2.0
16560,358,2019,10,Friends,136,5.0
16561,1897,2020,8,Friends,24,4.0
16562,1048,2020,5,Friends,131,5.0
16563,1412,2022,7,Couples,51,3.0
16564,794,2023,3,FAMILY,139,4.0
16565,598,2019,8,Business,82,3.0
16566,974,2019,3,Solo,74,3.0
16567,1422,2019,4,Business,20,3.0
16568,796,2024,9,Couples,66,5.0
16569,566,2020,2,Business,84,4.0
16570,288,2022,4,Solo,148,4.0
16571,1086,2022,5,Business,40,3.0
16572,1360,2020,12,Business,13,3.0
16573,1054,2024,10,Business,39,3.0
16574,510,2019,5,Friends,37,2.0
16575,495,2022,8,Family,143,4.0
16576,755,2021,3,Solo,23,4.0
16577,696,2023,10,Solo,149,4.0
16578,408,2020,5,Friends,17,4.0
16579,1885,2024,11,Couples,122,4.0
16580,660,2023,11,Solo,63,4.0
16581,502,2023,3,Family,9,3.0
16582,1214,2021,5,Family,93,3.0
16583,1603,2022,11,Family,110,3.0
16584,930,2020,2,Friends,126,3.0
16585,1335,2019,8,Solo,27,3.0
16586,191,2023,7,Solo,93,4.0
16587,1066,2021,7,Family,86,
16588,134,2021,7,Business,67,2.0
16589,276,2020,7,Solo,135,4.0
16590,1184,2022,5,Business,64,3.0
16591,410,2022,6,Family,58,4.0
16592,74,2023,12,Couples,79,4.0
16593,358,2024,1,Couples,140,3.0
16594,1546,2024,2,Family,131,4.0
16595,1174,2020,1,Friends,107,5.0
16596,764,2020,8,Solo,13,3.0
16597,1947,2019,4,Solo,46,3.0
16598,772,2022,1,Family,3,3.0
16599,1755,2023,3,Couples,15,4.0
16600,690,2020,4,Family,125,3.0
16601,51,2024,2,Couples,123,3.0
16602,221,2021,10,Family,16,4.0
16603,548,2023,1,Solo,69,4.0
16604,374,2020,11,Family,42,3.0
16605,315,2019,12,Business,11,3.0
16606,767,2022,12,Family,58,4.0
16607,1952,2022,3,Couples,16,4.0
16608,402,2021,3,Couples,111,4.0
16609,472,2021,12,Friends,146,4.0
16610,1991,2022,8,Couples,64,5.0
16611,403,2022,7,Family,37,3.0
16612,1661,2019,11,Friends,75,3.0
16613,1242,2023,3,Couples,145,4.0
16614,1856,2020,5,FAMILY,24,4.0
16615,1113,2023,2,Family,103,3.0
16616,1187,2021,10,Family,14,3.0
16617,452,2020,3,Solo,46,4.0
16618,1150,2020,2,Friends,66,4.0
16619,1341,2024,5,Couples,58,4.0
16620,1974,2023,7,Family,27,4.0
16621,195,2020,3,Couples,117,4.0
16622,314,2022,11,BUSINESS,101,3.0
16623,39,2019,10,Couples,66,4.0
16624,1581,2024,12,Couples,63,4.0
16625,165,2023,5,Family,12,4.0
16626,1831,2023,5,Family,100,3.0
16627,730,2021,7,Couples,35,4.0
16628,577,2019,11,Friends,46,4.0
16629,1951,2021,7,Friends,130,4.0
16630,1441,2022,5,Friends,97,2.0
16631,1095,2020,8,Couples,105,3.0
16632,1778,2021,2,Couples,40,4.0
16633,1510,2019,12,Business,76,3.0
16634,1275,2022,9,Couples,3,4.0
16635,643,2020,6,Solo,37,3.0
16636,1973,2024,2,FAMILY,121,4.0
16637,1439,2023,4,Family,72,5.0
16638,1892,2022,7,Family,96,3.0
16639,1933,2020,12,Family,119,5.0
16640,1099,2023,6,SOLO,141,4.0
16641,716,2024,12,Business,13,3.0
16642,1895,2022,7,Friends,88,3.0
16643,1999,2023,10,Family,150,4.0
16644,244,2024,2,Couples,30,5.0
16645,1277,2024,10,Family,129,3.0
16646,1205,2019,3,Family,88,4.0
16647,1498,2024,5,Business,48,3.0
16648,1951,2023,4,Business,118,3.0
16649,505,2023,7,Family,131,4.0
16650,1952,2020,8,Friends,22,3.0
16651,1287,2021,5,Family,103,4.0
16652,166,2024,1,Couples,141,4.0
16653,1023,2024,8,Family,100,4.0
16654,267,2019,6,SOLO,83,3.0
16655,1913,2021,10,Solo,21,3.0
16656,1527,2022,9,Couples,68,4.0
16657,1810,2019,5,Business,136,2.0
16658,1206,2020,1,Family,120,3.0
16659,794,2022,7,Couples,68,4.0
16660,857,2022,10,Friends,47,4.0
16661,1894,2019,10,Couples,121,3.0
16662,304,2021,5,COUPLES,146,4.0
16663,1770,2022,3,Friends,45,3.0
16664,845,2024,1,Couples,122,3.0
16665,1181,2024,8,Business,47,4.0
16666,1334,2020,4,Friends,125,4.0
16667,165,2023,10,Business,145,3.0
16668,298,2022,8,Family,100,3.0
16669,322,2020,1,Couples,75,4.0
16670,1558,2022,9,Business,48,3.0
16671,154,2019,4,Business,9,3.0
16672,1222,2019,11,Business,8,4.0
16673,216,2021,1,Family,126,4.0
16674,1536,2020,5,Solo,100,3.0
16675,1954,2019,1,Friends,35,4.0
16676,829,2019,8,Friends,83,5.0
16677,425,2022,6,Family,132,3.0
16678,890,2019,7,Friends,98,4.0
16679,1382,2023,9,Family,138,4.0
16680,1455,2019,11,Solo,18,4.0
16681,1274,2022,5,Family,11,4.0
16682,1164,2019,7,Family,100,4.0
16683,1263,2022,8,Business,88,
16684,435,2019,11,Friends,104,4.0
16685,414,2021,3,Couples,148,3.0
16686,1862,2022,7,Friends,17,3.0
16687,1159,2020,11,Friends,140,5.0
16688,1723,2019,4,Business,10,3.0
16689,1252,2022,5,Couples,79,4.0
16690,911,2022,6,Solo,125,4.0
16691,1141,2021,9,Business,103,3.0
16692,1384,2019,9,Friends,34,4.0
16693,373,2020,2,Couples,91,4.0
16694,925,2020,3,Family,136,3.0
16695,1447,2022,10,Solo,31,4.0
16696,175,2020,9,Family,141,3.0
16697,147,2021,7,Family,98,5.0
16698,321,2020,6,Family,14,4.0
16699,1183,2020,12,Couples,50,4.0
16700,477,2023,11,Business,130,4.0
16701,873,2021,5,FAMILY,51,3.0
16702,268,2022,5,Friends,143,3.0
16703,501,2020,11,Family,63,4.0
16704,36,2019,5,Family,52,4.0
16705,1615,2023,5,Business,128,3.0
16706,934,2023,12,Business,118,2.0
16707,352,2019,2,Couples,36,3.0
16708,1053,2024,9,Solo,118,3.0
16709,1866,2024,9,Family,38,3.0
16710,1650,2024,5,Friends,135,3.0
16711,1770,2021,3,Business,2,3.0
16712,813,2023,11,Family,100,4.0
16713,722,2019,10,Couples,24,4.0
16714,633,2022,11,Solo,102,4.0
16715,611,2019,5,Couples,147,3.0
16716,1840,2024,12,Business,101,3.0
16717,275,2024,10,Couples,66,4.0
16718,1703,2019,3,Business,124,3.0
16719,1833,2022,6,Couples,30,4.0
16720,1689,2022,4,Solo,82,5.0
16721,1256,2023,7,Solo,145,4.0
16722,1712,2021,3,Family,54,4.0
16723,64,2024,9,Friends,5,3.0
16724,1635,2021,6,Couples,67,3.0
16725,1022,2020,8,Friends,73,4.0
16726,1917,2023,8,Couples,122,4.0
16727,172,2022,8,Family,121,4.0
16728,1861,2019,10,Business,52,4.0
16729,1148,2022,8,Solo,116,4.0
16730,208,2020,7,Couples,22,4.0
16731,1018,2024,8,Couples,29,4.0
16732,75,2024,8,Couples,91,4.0
16733,166,2021,10,Family,107,5.0
16734,1064,2024,6,Family,122,4.0
16735,1632,2024,4,Family,94,4.0
16736,217,2023,4,Friends,20,4.0
16737,525,2022,3,Friends,102,4.0
16738,783,2024,8,Family,65,4.0
16739,1083,2024,9,Family,40,3.0
16740,2,2021,4,Solo,51,4.0
16741,1279,2019,7,Family,122,3.0
16742,996,2022,5,Couples,27,3.0
16743,1925,2021,11,Family,84,4.0
16744,603,2021,11,Family,13,4.0
16745,988,2020,12,Solo,109,4.0
16746,164,2023,11,Couples,23,4.0
16747,1835,2024,11,Family,141,5.0
16748,1668,2022,7,Family,133,3.0
16749,710,2020,7,FRIENDS,129,3.0
16750,921,2019,4,Business,53,3.0
16751,1715,2023,10,SOLO,118,3.0
16752,591,2019,4,Couples,21,3.0
16753,472,2019,5,Couples,44,3.0
16754,484,2020,12,Family,20,3.0
16755,1415,2020,1,Couples,9,4.0
16756,423,2021,2,Business,56,3.0
16757,178,2020,10,Solo,87,2.0
16758,331,2020,9,Family,130,5.0
16759,1973,2023,10,SOLO,6,4.0
16760,1746,2023,6,Business,62,4.0
16761,1908,2020,1,Business,108,3.0
16762,555,2021,4,Couples,31,3.0
16763,885,2023,11,Business,111,4.0
16764,982,2024,8,Family,86,3.0
16765,1048,2023,11,Solo,85,4.0
16766,54,2022,1,Couples,19,4.0
16767,1196,2024,4,Friends,26,4.0
16768,78,2023,9,Family,132,3.0
16769,551,2023,1,Business,132,3.0
16770,585,2019,6,Couples,68,
16771,1349,2022,11,Family,90,4.0
16772,1793,2020,2,Business,82,4.0
16773,1398,2022,1,Family,78,
16774,871,2022,8,Family,107,4.0
16775,1051,2019,3,Couples,86,4.0
16776,1025,2021,3,Couples,19,5.0
16777,296,2022,7,Friends,13,4.0
16778,1915,2019,8,Family,128,4.0
16779,1839,2024,10,Family,112,4.0
16780,481,2024,2,Couples,30,3.0
16781,231,2019,10,FRIENDS,10,3.0
16782,331,2019,9,Family,33,3.0
16783,1259,2019,9,Solo,87,3.0
16784,59,2021,3,Friends,88,3.0
16785,207,2022,10,Family,26,4.0
16786,1297,2020,2,Family,27,5.0
16787,293,2024,9,Couples,32,4.0
16788,138,2020,2,Family,67,4.0
16789,42,2020,8,Family,35,4.0
16790,1412,2022,6,Family,69,4.0
16791,727,2024,3,Solo,3,4.0
16792,569,2020,3,Family,141,4.0
16793,1280,2021,6,Business,134,3.0
16794,342,2021,5,Business,51,3.0
16795,1044,2021,6,Business,121,3.0
16796,968,2021,6,Solo,81,3.0
16797,1350,2024,1,Couples,5,4.0
16798,1248,2019,6,Friends,43,5.0
16799,1351,2021,5,Family,9,3.0
16800,427,2020,5,Solo,107,3.0
16801,281,2022,3,Family,118,3.0
16802,1068,2023,3,Friends,93,3.0
16803,115,2024,2,Family,2,3.0
16804,909,2021,8,Couples,36,4.0
16805,1251,2020,7,Family,71,5.0
16806,1642,2024,10,Couples,22,3.0
16807,1307,2019,3,Couples,17,3.0
16808,1990,2019,5,Couples,46,4.0
16809,1114,2024,3,Couples,89,4.0
16810,893,2024,12,Family,14,3.0
16811,492,2022,10,Family,150,4.0
16812,1347,2020,2,Solo,69,3.0
16813,1622,2024,10,Family,26,3.0
16814,642,2024,12,Friends,4,4.0
16815,152,2024,8,FAMILY,144,4.0
16816,21,2023,12,Family,90,4.0
16817,1265,2022,3,Family,130,3.0
16818,1327,2021,4,Friends,117,3.0
16819,241,2021,8,BUSINESS,148,
16820,46,2022,7,Couples,134,3.0
16821,1309,2021,9,FRIENDS,115,4.0
16822,796,2024,12,Couples,128,4.0
16823,836,2019,3,BUSINESS,129,3.0
16824,525,2019,11,Couples,39,5.0
16825,1437,2021,2,Business,90,3.0
16826,1490,2020,6,Couples,148,4.0
16827,105,2023,6,Couples,131,4.0
16828,179,2024,10,Solo,16,4.0
16829,1111,2024,6,Friends,17,4.0
16830,1207,2021,10,BUSINESS,31,4.0
16831,290,2024,2,BUSINESS,112,3.0
16832,317,2019,12,Solo,60,3.0
16833,1365,2024,3,Family,95,4.0
16834,910,2020,8,Family,21,4.0
16835,240,2019,6,Family,9,4.0
16836,1220,2023,2,Business,116,3.0
16837,148,2022,7,Couples,44,4.0
16838,462,2021,11,Family,7,3.0
16839,1427,2020,7,Family,33,4.0
16840,445,2021,9,Solo,49,3.0
16841,128,2022,12,Business,61,2.0
16842,1920,2019,4,Business,135,3.0
16843,450,2024,1,Solo,30,3.0
16844,1030,2023,9,Friends,91,4.0
16845,1650,2024,10,Couples,42,3.0
16846,1980,2019,2,Couples,75,3.0
16847,1620,2024,5,Family,45,3.0
16848,680,2024,5,Couples,52,3.0
16849,1709,2021,10,Friends,90,4.0
16850,26,2022,11,Couples,89,4.0
16851,653,2022,9,Business,21,3.0
16852,399,2023,4,Family,24,4.0
16853,1057,2020,8,Friends,37,4.0
16854,1784,2024,4,Solo,135,3.0
16855,1547,2022,8,Family,48,4.0
16856,1997,2019,12,Business,87,3.0
16857,274,2020,8,Family,68,4.0
16858,1505,2019,10,Business,54,2.0
16859,1449,2023,9,Couples,6,4.0
16860,913,2021,6,Couples,67,4.0
16861,195,2021,2,Business,150,3.0
16862,209,2021,12,Couples,142,4.0
16863,1827,2023,5,Friends,46,4.0
16864,591,2024,11,Business,80,3.0
16865,1275,2024,11,Family,44,
16866,1892,2024,9,COUPLES,139,4.0
16867,987,2020,7,Family,84,4.0
16868,420,2022,4,Family,139,4.0
16869,970,2022,2,Couples,129,4.0
16870,459,2020,11,Friends,50,4.0
16871,363,2024,12,Family,69,4.0
16872,1622,2024,9,SOLO,86,4.0
16873,692,2024,12,Solo,38,3.0
16874,1370,2024,3,COUPLES,125,4.0
16875,1455,2019,7,Friends,85,4.0
16876,1099,2019,3,Friends,32,3.0
16877,1082,2023,7,Family,73,4.0
16878,362,2023,11,Friends,124,3.0
16879,1059,2021,4,Family,64,4.0
16880,1504,2019,6,Family,107,3.0
16881,391,2020,7,Couples,148,5.0
16882,465,2019,6,Friends,51,3.0
16883,1381,2019,12,Solo,150,3.0
16884,1964,2020,6,Couples,63,4.0
16885,785,2022,4,FAMILY,85,4.0
16886,1657,2022,4,Business,116,3.0
16887,366,2021,4,Friends,11,3.0
16888,1140,2022,4,Couples,106,4.0
16889,1888,2023,11,Business,86,2.0
16890,884,2019,7,Friends,99,4.0
16891,1014,2020,5,Family,143,5.0
16892,311,2020,2,Family,73,5.0
16893,1057,2019,12,Family,139,4.0
16894,1172,2019,2,Friends,86,4.0
16895,1963,2023,5,Couples,33,5.0
16896,402,2024,9,Couples,98,4.0
16897,733,2019,1,Family,29,4.0
16898,1295,2023,4,Family,135,4.0
16899,1887,2020,12,Family,23,4.0
16900,476,2019,1,Family,75,3.0
16901,1390,2020,3,Family,123,4.0
16902,1759,2024,2,Business,2,4.0
16903,1267,2021,9,Couples,74,3.0
16904,854,2023,1,Family,76,3.0
16905,469,2021,1,Couples,51,4.0
16906,577,2021,6,Solo,101,3.0
16907,104,2023,9,Solo,49,4.0
16908,305,2024,11,Couples,57,5.0
16909,876,2022,3,Couples,42,3.0
16910,281,2024,7,Couples,94,3.0
16911,21,2019,10,Family,133,3.0
16912,1386,2024,9,Solo,27,3.0
16913,143,2020,12,Couples,62,3.0
16914,283,2020,1,Couples,34,4.0
16915,1191,2024,1,Family,37,3.0
16916,1844,2021,9,Family,146,4.0
16917,1449,2020,5,Family,107,4.0
16918,66,2019,9,Friends,142,3.0
16919,336,2020,9,Friends,96,3.0
16920,1481,2023,6,Family,100,4.0
16921,1466,2019,12,Business,108,5.0
16922,783,2024,11,Family,98,4.0
16923,1900,2023,5,Family,124,2.0
16924,1777,2020,1,Couples,49,4.0
16925,1487,2023,12,Friends,16,4.0
16926,1497,2022,12,Friends,74,3.0
16927,1570,2021,11,Family,1,4.0
16928,297,2022,1,Solo,8,4.0
16929,1402,2019,9,Family,8,4.0
16930,1880,2024,12,Solo,12,3.0
16931,450,2023,5,Friends,107,4.0
16932,30,2020,10,Friends,90,4.0
16933,722,2019,7,Couples,141,4.0
16934,540,2021,6,Family,44,5.0
16935,1899,2021,9,Family,50,5.0
16936,892,2023,7,Friends,74,4.0
16937,1323,2024,9,Solo,118,3.0
16938,1964,2019,3,Business,140,4.0
16939,1579,2020,4,Friends,110,4.0
16940,1499,2022,8,Couples,77,4.0
16941,1938,2021,7,Friends,147,4.0
16942,1378,2024,5,Couples,28,4.0
16943,463,2022,11,Family,71,4.0
16944,1454,2020,5,Family,38,3.0
16945,644,2023,6,Friends,25,4.0
16946,662,2021,4,Family,60,5.0
16947,1290,2021,7,Couples,115,3.0
16948,631,2023,7,Family,48,3.0
16949,49,2021,4,Family,123,3.0
16950,2000,2023,10,Couples,92,4.0
16951,1143,2021,2,Couples,107,5.0
16952,1341,2022,10,Solo,37,3.0
16953,1618,2021,1,Couples,130,4.0
16954,1270,2022,4,Business,31,3.0
16955,1221,2021,5,Family,56,2.0
16956,1584,2019,6,Couples,118,3.0
16957,591,2020,8,Family,104,3.0
16958,1657,2021,12,Couples,45,3.0
16959,1449,2020,10,Couples,40,3.0
16960,365,2021,7,Family,65,3.0
16961,293,2021,2,Family,67,4.0
16962,1760,2020,12,BUSINESS,9,3.0
16963,1790,2021,4,Family,37,3.0
16964,1988,2020,8,Family,24,4.0
16965,202,2022,10,Friends,24,2.0
16966,1792,2021,9,Couples,54,
16967,1727,2022,2,Family,6,5.0
16968,1536,2021,4,Couples,102,5.0
16969,996,2024,12,Business,101,4.0
16970,1018,2021,10,Family,34,3.0
16971,858,2022,8,Family,132,3.0
16972,59,2021,6,Solo,90,4.0
16973,1002,2023,12,Business,48,3.0
16974,475,2022,9,Family,30,4.0
16975,401,2019,9,Solo,65,4.0
16976,112,2023,11,Family,145,2.0
16977,916,2023,12,Friends,1,4.0
16978,96,2021,11,Family,4,3.0
16979,1700,2022,8,Friends,62,4.0
16980,1780,2019,3,Friends,138,5.0
16981,1602,2024,4,Business,43,4.0
16982,602,2023,2,Friends,113,5.0
16983,327,2024,10,Business,87,3.0
16984,1010,2022,5,Friends,30,4.0
16985,1347,2020,3,Family,137,3.0
16986,42,2020,9,Family,25,4.0
16987,1714,2024,7,Business,76,2.0
16988,878,2019,3,Business,100,3.0
16989,1640,2023,5,Business,102,3.0
16990,156,2019,6,Couples,129,3.0
16991,852,2023,10,Couples,106,4.0
16992,917,2022,1,Business,99,4.0
16993,97,2021,10,Friends,23,4.0
16994,1415,2023,1,Friends,46,4.0
16995,1863,2021,11,Family,52,4.0
16996,1082,2022,2,Friends,56,4.0
16997,792,2023,3,Couples,17,4.0
16998,1273,2021,5,Friends,15,3.0
16999,722,2019,12,Family,67,4.0
17000,720,2024,5,Business,109,3.0
17001,1520,2022,10,FAMILY,134,4.0
17002,1182,2021,4,Solo,142,4.0
17003,528,2019,5,Couples,73,4.0
17004,815,2019,7,Business,135,3.0
17005,1670,2020,2,Friends,69,3.0
17006,1058,2024,1,Couples,72,4.0
17007,153,2023,5,Family,32,4.0
17008,1715,2021,10,BUSINESS,95,3.0
17009,1482,2023,2,Business,47,4.0
17010,534,2021,10,Friends,73,4.0
17011,1932,2024,8,Solo,141,3.0
17012,1904,2020,4,Family,82,3.0
17013,1992,2023,2,Friends,46,5.0
17014,756,2021,7,Couples,101,5.0
17015,1848,2023,6,Business,110,3.0
17016,1613,2020,2,Couples,91,4.0
17017,1742,2024,9,Couples,7,3.0
17018,1095,2020,11,Family,34,2.0
17019,558,2022,6,Solo,20,3.0
17020,454,2023,6,Couples,144,3.0
17021,1934,2022,11,Solo,47,3.0
17022,1005,2022,5,Family,72,3.0
17023,1856,2024,3,Business,136,3.0
17024,1110,2024,11,Family,149,4.0
17025,1069,2023,7,Family,33,4.0
17026,147,2020,12,Friends,129,4.0
17027,805,2023,11,Friends,110,4.0
17028,1113,2022,10,Family,93,3.0
17029,219,2022,5,Family,26,3.0
17030,325,2024,9,Family,104,3.0
17031,1182,2022,6,Couples,92,5.0
17032,497,2024,10,Solo,67,5.0
17033,1402,2022,12,COUPLES,89,3.0
17034,921,2019,9,Family,32,3.0
17035,808,2023,6,Friends,94,4.0
17036,235,2021,12,Business,23,3.0
17037,813,2022,11,Family,43,4.0
17038,1085,2020,3,Business,75,3.0
17039,1147,2020,12,Couples,25,4.0
17040,541,2023,6,Family,138,3.0
17041,56,2020,4,Solo,133,3.0
17042,1870,2019,4,Couples,72,4.0
17043,1916,2021,10,Friends,86,2.0
17044,1809,2023,5,Family,44,4.0
17045,580,2020,8,Friends,32,4.0
17046,1206,2021,6,Friends,145,3.0
17047,282,2021,12,Family,62,4.0
17048,1812,2024,2,Family,144,3.0
17049,11,2019,8,Family,11,
17050,942,2024,5,Family,17,4.0
17051,1714,2019,10,Friends,72,4.0
17052,1452,2022,12,FAMILY,118,3.0
17053,1727,2024,5,Friends,64,4.0
17054,993,2024,11,Couples,126,
17055,191,2022,8,FRIENDS,20,3.0
17056,16,2021,1,Family,129,4.0
17057,305,2023,10,BUSINESS,67,4.0
17058,116,2024,7,Family,43,3.0
17059,896,2019,12,Friends,96,
17060,102,2020,6,Family,117,4.0
17061,372,2020,4,Family,140,5.0
17062,839,2024,3,Friends,14,3.0
17063,1472,2019,1,Solo,106,5.0
17064,1349,2019,9,Business,48,3.0
17065,117,2019,12,Couples,76,3.0
17066,1807,2024,8,Solo,70,3.0
17067,1100,2019,8,Couples,116,4.0
17068,698,2020,1,Friends,60,4.0
17069,766,2022,1,Family,42,3.0
17070,1697,2021,6,Couples,74,4.0
17071,930,2019,7,Friends,101,4.0
17072,492,2021,6,Friends,127,4.0
17073,850,2023,12,Couples,1,3.0
17074,137,2020,4,Business,86,3.0
17075,307,2022,12,Friends,11,5.0
17076,630,2021,4,Family,93,3.0
17077,441,2020,4,Business,94,2.0
17078,699,2019,4,Business,129,3.0
17079,130,2024,10,Family,29,4.0
17080,1221,2024,4,Family,120,3.0
17081,231,2022,6,Friends,104,4.0
17082,434,2023,2,Friends,100,3.0
17083,1956,2021,5,Family,96,3.0
17084,12,2024,3,Family,83,4.0
17085,560,2022,10,Family,10,5.0
17086,1001,2023,10,Family,122,5.0
17087,615,2023,4,SOLO,59,2.0
17088,642,2024,12,Business,16,3.0
17089,255,2022,6,Family,92,3.0
17090,847,2024,11,Couples,143,4.0
17091,1511,2024,3,Friends,108,4.0
17092,1176,2023,11,Friends,37,
17093,1849,2021,2,Couples,123,4.0
17094,1400,2019,5,Friends,127,4.0
17095,1580,2021,5,Family,50,4.0
17096,864,2023,3,Solo,79,3.0
17097,1226,2024,12,Friends,126,5.0
17098,1157,2023,4,Friends,24,4.0
17099,1627,2022,6,Business,54,3.0
17100,1003,2022,1,Solo,69,4.0
17101,809,2024,9,Friends,2,4.0
17102,141,2020,3,Friends,26,3.0
17103,1719,2023,4,Friends,92,5.0
17104,872,2022,12,Friends,40,3.0
17105,1598,2022,11,Family,37,4.0
17106,1357,2021,2,Business,45,4.0
17107,4,2022,8,FAMILY,19,5.0
17108,1303,2024,9,Couples,96,4.0
17109,976,2021,12,Couples,39,4.0
17110,480,2019,3,Couples,98,4.0
17111,530,2019,4,Family,125,3.0
17112,1276,2020,3,Friends,72,3.0
17113,173,2021,7,Friends,138,5.0
17114,1213,2019,8,Friends,30,3.0
17115,1693,2020,3,Business,145,4.0
17116,174,2023,1,Friends,49,5.0
17117,16,2023,2,Solo,46,3.0
17118,122,2023,3,Friends,147,3.0
17119,1461,2023,8,Business,69,2.0
17120,1696,2019,3,Solo,113,4.0
17121,1977,2024,10,Family,121,3.0
17122,58,2020,8,Family,68,4.0
17123,965,2019,3,Couples,48,4.0
17124,97,2023,12,FRIENDS,74,3.0
17125,743,2021,9,Friends,58,3.0
17126,616,2021,11,Friends,63,4.0
17127,1212,2021,9,Couples,36,3.0
17128,1818,2022,8,Business,138,4.0
17129,1610,2022,6,Solo,86,3.0
17130,128,2019,8,Friends,120,4.0
17131,481,2019,10,Friends,99,4.0
17132,550,2024,12,Friends,53,3.0
17133,502,2021,8,Business,48,3.0
17134,707,2024,10,Family,148,4.0
17135,1215,2022,12,Business,4,3.0
17136,1480,2023,8,Family,45,4.0
17137,1880,2020,10,Couples,111,3.0
17138,1406,2024,3,Family,82,4.0
17139,597,2022,11,Family,93,2.0
17140,369,2023,12,Friends,4,3.0
17141,754,2020,5,Business,33,3.0
17142,1600,2022,11,Friends,90,4.0
17143,1987,2021,10,Couples,48,3.0
17144,785,2024,3,Solo,71,3.0
17145,353,2024,12,FAMILY,144,4.0
17146,10,2021,8,Business,96,4.0
17147,154,2019,2,Friends,95,3.0
17148,1274,2020,2,Business,30,4.0
17149,1180,2020,7,Family,90,4.0
17150,1287,2019,7,Friends,145,5.0
17151,49,2024,11,Family,96,4.0
17152,874,2021,7,Family,118,3.0
17153,361,2019,5,Family,144,4.0
17154,674,2022,4,Business,136,3.0
17155,1245,2021,7,Family,51,4.0
17156,552,2020,4,Solo,45,3.0
17157,1320,2021,9,Couples,43,5.0
17158,579,2022,2,Business,116,4.0
17159,1021,2022,10,Couples,57,4.0
17160,919,2020,3,Family,124,3.0
17161,768,2022,3,Solo,121,3.0
17162,253,2023,12,Friends,100,3.0
17163,1153,2022,5,Friends,19,4.0
17164,1981,2024,9,Couples,107,4.0
17165,1287,2024,5,Family,32,5.0
17166,1492,2021,12,Family,83,3.0
17167,1607,2021,2,Business,35,3.0
17168,77,2021,6,Family,10,3.0
17169,1586,2021,2,Family,96,3.0
17170,485,2020,7,Friends,68,3.0
17171,1330,2024,9,Friends,97,4.0
17172,1968,2022,6,Family,74,3.0
17173,1789,2019,11,Family,56,4.0
17174,829,2024,10,FRIENDS,3,4.0
17175,1677,2024,12,Couples,42,4.0
17176,1238,2022,12,Couples,133,3.0
17177,267,2024,12,Solo,114,4.0
17178,480,2024,6,Friends,70,4.0
17179,1914,2024,12,Solo,5,3.0
17180,1831,2024,8,Friends,148,4.0
17181,1784,2019,1,Friends,111,3.0
17182,769,2019,1,COUPLES,4,5.0
17183,642,2022,5,Family,32,4.0
17184,1613,2023,7,Family,26,
17185,41,2024,1,Couples,136,4.0
17186,1795,2022,7,Friends,144,
17187,1208,2020,9,Couples,63,5.0
17188,1266,2024,9,Business,27,2.0
17189,877,2022,12,Couples,97,4.0
17190,1959,2023,5,Friends,41,4.0
17191,1500,2020,1,Family,19,5.0
17192,108,2023,12,Business,39,5.0
17193,1050,2019,7,Family,39,3.0
17194,1720,2024,8,Couples,9,4.0
17195,153,2024,7,Business,106,4.0
17196,1474,2023,6,Couples,53,5.0
17197,490,2024,2,Friends,83,4.0
17198,1014,2024,7,Business,83,4.0
17199,1766,2019,11,Couples,116,3.0
17200,985,2020,2,Couples,115,5.0
17201,76,2019,5,Friends,85,3.0
17202,42,2020,12,Couples,126,3.0
17203,1474,2022,6,Family,86,3.0
17204,1862,2019,2,Business,4,3.0
17205,584,2019,12,Friends,129,3.0
17206,1871,2022,2,Couples,116,3.0
17207,906,2022,3,Family,64,3.0
17208,118,2021,6,Couples,58,3.0
17209,1063,2023,5,Family,135,4.0
17210,1948,2022,5,Couples,64,4.0
17211,501,2021,10,Business,56,2.0
17212,1922,2019,7,Family,110,4.0
17213,1304,2023,6,Solo,50,3.0
17214,793,2022,9,Friends,61,
17215,1387,2019,8,Solo,117,3.0
17216,802,2020,8,Family,34,4.0
17217,171,2020,6,Family,2,5.0
17218,1742,2020,7,Friends,51,4.0
17219,748,2023,4,Couples,26,3.0
17220,1132,2024,5,Business,55,3.0
17221,1489,2019,2,Couples,11,4.0
17222,166,2020,1,Solo,89,2.0
17223,1444,2020,11,Friends,77,4.0
17224,731,2024,10,Couples,41,4.0
17225,1090,2022,4,Friends,95,5.0
17226,915,2024,6,Friends,22,5.0
17227,1556,2020,12,Family,2,4.0
17228,376,2019,7,Business,72,4.0
17229,216,2021,1,Friends,25,4.0
17230,822,2023,7,Couples,129,3.0
17231,237,2024,11,Couples,46,3.0
17232,486,2021,3,Family,65,3.0
17233,1315,2020,12,Couples,45,4.0
17234,1638,2019,10,FRIENDS,66,4.0
17235,1387,2021,1,Couples,15,4.0
17236,636,2022,12,Friends,141,3.0
17237,1630,2019,8,Family,26,3.0
17238,813,2024,3,Family,60,4.0
17239,363,2023,10,Business,128,3.0
17240,1513,2020,10,Business,64,3.0
17241,1034,2021,8,Couples,106,4.0
17242,742,2021,12,Couples,11,5.0
17243,1322,2024,11,Couples,45,4.0
17244,1450,2023,4,Family,114,4.0
17245,448,2019,2,Family,40,2.0
17246,235,2020,10,FRIENDS,63,
17247,1034,2023,12,Family,13,4.0
17248,104,2021,4,Couples,76,4.0
17249,1277,2023,7,Solo,53,2.0
17250,880,2022,7,Family,130,4.0
17251,429,2023,5,Couples,60,4.0
17252,1198,2022,7,Business,125,2.0
17253,752,2023,7,Couples,136,3.0
17254,777,2021,12,Family,126,3.0
17255,433,2020,5,Couples,112,3.0
17256,1353,2024,2,Couples,88,4.0
17257,1806,2021,6,Business,72,3.0
17258,1238,2019,2,Couples,13,4.0
17259,474,2021,2,Family,21,5.0
17260,1667,2021,8,COUPLES,58,4.0
17261,242,2020,11,Business,99,3.0
17262,580,2024,2,Friends,1,4.0
17263,71,2021,5,Friends,141,3.0
17264,1697,2021,3,Solo,149,3.0
17265,90,2023,6,BUSINESS,12,3.0
17266,1093,2022,8,Family,15,4.0
17267,384,2021,11,Couples,128,4.0
17268,425,2024,11,Family,30,4.0
17269,1217,2024,11,Friends,28,3.0
17270,1608,2021,6,Couples,29,5.0
17271,36,2023,10,Family,106,4.0
17272,318,2019,4,Couples,20,4.0
17273,574,2021,1,Couples,28,4.0
17274,1888,2021,12,Friends,60,5.0
17275,117,2021,11,Couples,91,4.0
17276,358,2024,3,Family,149,5.0
17277,808,2022,3,Family,36,4.0
17278,652,2021,11,Family,39,4.0
17279,98,2021,6,Business,82,4.0
17280,1081,2022,10,Business,63,3.0
17281,1216,2020,11,Couples,91,4.0
17282,354,2020,7,Solo,37,3.0
17283,1377,2022,2,Solo,93,
17284,114,2020,8,Family,139,4.0
17285,1463,2023,2,Family,103,4.0
17286,519,2024,9,Family,111,5.0
17287,449,2021,7,Friends,11,3.0
17288,393,2022,6,Family,136,4.0
17289,1738,2020,6,Friends,106,4.0
17290,1005,2023,12,Business,95,3.0
17291,1381,2020,5,Friends,24,4.0
17292,408,2022,11,Family,84,4.0
17293,114,2021,10,Family,102,4.0
17294,77,2023,12,COUPLES,94,4.0
17295,882,2020,11,Business,19,3.0
17296,653,2020,8,Couples,7,4.0
17297,1536,2023,12,Solo,72,4.0
17298,1577,2022,9,Family,108,4.0
17299,622,2022,2,Family,59,3.0
17300,868,2023,2,Business,104,3.0
17301,764,2020,9,Business,146,4.0
17302,1351,2020,7,Family,134,3.0
17303,1260,2024,11,Solo,95,4.0
17304,1303,2019,7,Family,110,3.0
17305,111,2022,3,Couples,14,3.0
17306,676,2021,11,Couples,13,4.0
17307,1934,2019,6,Family,106,3.0
17308,684,2024,12,Friends,121,4.0
17309,349,2023,1,FAMILY,30,4.0
17310,400,2020,1,Solo,89,3.0
17311,54,2023,2,Family,43,5.0
17312,1562,2023,12,Business,17,4.0
17313,11,2022,2,Business,57,3.0
17314,1193,2024,9,Family,68,4.0
17315,800,2020,9,Friends,117,3.0
17316,190,2019,11,Family,130,5.0
17317,1769,2023,8,Friends,142,3.0
17318,1484,2021,1,Business,16,
17319,1640,2019,1,Couples,139,4.0
17320,1874,2024,1,Business,78,3.0
17321,1825,2021,8,Couples,26,5.0
17322,1402,2024,6,Family,98,5.0
17323,1068,2023,1,Solo,10,2.0
17324,1394,2020,1,Family,70,4.0
17325,898,2023,3,Couples,125,4.0
17326,363,2021,6,Family,146,4.0
17327,772,2022,11,Friends,44,4.0
17328,934,2020,10,Couples,27,4.0
17329,93,2019,6,Friends,88,2.0
17330,1695,2020,4,Family,24,5.0
17331,1820,2020,10,Family,147,4.0
17332,840,2022,12,SOLO,50,3.0
17333,993,2024,4,Friends,28,
17334,1682,2020,6,Friends,36,4.0
17335,911,2023,2,Friends,57,4.0
17336,1377,2023,2,Family,112,4.0
17337,1031,2023,11,Business,131,4.0
17338,543,2023,3,Couples,111,4.0
17339,1589,2019,2,Friends,98,3.0
17340,386,2020,4,Couples,41,4.0
17341,449,2024,5,Solo,141,4.0
17342,1383,2022,3,Business,150,3.0
17343,1420,2020,9,Family,95,4.0
17344,1909,2024,7,Business,118,3.0
17345,1422,2020,8,Friends,46,4.0
17346,50,2020,12,Family,68,4.0
17347,1700,2024,12,Family,121,4.0
17348,828,2024,4,Business,64,4.0
17349,18,2021,12,Family,114,4.0
17350,1159,2022,9,Couples,129,4.0
17351,341,2022,2,Couples,141,4.0
17352,832,2020,4,Couples,44,4.0
17353,943,2022,3,Friends,72,5.0
17354,149,2019,10,Couples,58,5.0
17355,1702,2024,8,Business,76,3.0
17356,1021,2023,10,Couples,112,4.0
17357,1931,2019,2,Family,49,4.0
17358,930,2022,7,COUPLES,35,
17359,1190,2019,7,Business,41,3.0
17360,1625,2019,9,Business,115,4.0
17361,425,2022,5,Business,150,2.0
17362,1818,2023,1,Friends,16,3.0
17363,370,2024,11,Friends,147,4.0
17364,1992,2020,6,Friends,5,4.0
17365,1279,2024,12,Family,80,4.0
17366,1038,2022,5,Couples,21,4.0
17367,421,2021,4,Couples,144,4.0
17368,1139,2021,6,Friends,115,3.0
17369,1107,2023,2,Friends,54,4.0
17370,1968,2021,7,Solo,103,4.0
17371,1670,2021,12,Solo,128,3.0
17372,966,2021,4,Friends,33,4.0
17373,780,2020,2,Couples,96,4.0
17374,775,2021,2,Solo,45,4.0
17375,757,2019,3,Business,108,4.0
17376,28,2024,5,Couples,86,5.0
17377,73,2020,4,FRIENDS,108,4.0
17378,1503,2021,9,Family,96,4.0
17379,509,2020,5,Couples,96,3.0
17380,823,2022,5,Family,13,4.0
17381,1397,2020,2,Friends,128,3.0
17382,1216,2020,7,Couples,26,4.0
17383,721,2020,4,Family,59,4.0
17384,1505,2024,9,Couples,77,4.0
17385,317,2024,1,Couples,128,5.0
17386,946,2023,8,Couples,95,4.0
17387,212,2020,10,Friends,28,3.0
17388,1064,2022,9,Couples,43,4.0
17389,191,2023,4,FAMILY,30,4.0
17390,1884,2022,9,FRIENDS,89,3.0
17391,1319,2024,10,Business,108,4.0
17392,491,2020,7,Family,107,4.0
17393,1226,2021,8,Couples,113,4.0
17394,700,2020,10,Family,106,5.0
17395,1038,2023,6,Friends,136,4.0
17396,335,2019,2,Solo,136,3.0
17397,1001,2020,12,Friends,42,4.0
17398,214,2023,4,SOLO,46,4.0
17399,307,2019,5,Business,9,3.0
17400,1169,2020,8,Family,41,4.0
17401,1002,2023,3,Friends,77,4.0
17402,588,2020,5,Friends,99,4.0
17403,120,2022,7,Family,132,4.0
17404,848,2021,9,Couples,90,3.0
17405,1852,2021,2,Family,146,3.0
17406,1417,2021,10,Friends,83,3.0
17407,117,2024,4,Family,129,3.0
17408,1876,2023,11,Couples,122,3.0
17409,848,2023,11,Business,74,3.0
17410,1152,2023,9,Friends,131,4.0
17411,2,2021,11,Family,130,4.0
17412,621,2019,2,Friends,47,5.0
17413,1573,2019,6,Friends,33,4.0
17414,662,2021,2,Solo,19,3.0
17415,333,2024,6,Couples,139,5.0
17416,182,2021,7,Family,67,2.0
17417,1850,2024,7,FAMILY,86,4.0
17418,1626,2022,1,Couples,41,4.0
17419,88,2022,2,Family,59,3.0
17420,1851,2019,12,Family,61,4.0
17421,1642,2023,4,Couples,88,3.0
17422,720,2024,6,Couples,27,4.0
17423,1314,2022,7,Family,118,3.0
17424,516,2024,2,Friends,59,4.0
17425,500,2020,4,Friends,37,3.0
17426,1430,2021,8,Friends,3,4.0
17427,405,2024,3,Friends,16,3.0
17428,711,2022,10,Business,41,4.0
17429,716,2023,8,Family,110,4.0
17430,301,2021,12,Couples,129,4.0
17431,1657,2022,7,Family,143,4.0
17432,1348,2021,10,Friends,45,4.0
17433,1724,2023,4,Solo,96,4.0
17434,1048,2019,9,Couples,41,5.0
17435,351,2022,12,Family,22,2.0
17436,560,2024,10,Business,82,4.0
17437,707,2019,10,Family,97,3.0
17438,1884,2021,6,COUPLES,115,3.0
17439,475,2022,8,Family,18,4.0
17440,1387,2019,8,Couples,113,4.0
17441,246,2019,3,Business,46,3.0
17442,1912,2019,4,Friends,42,3.0
17443,1293,2020,8,Family,5,4.0
17444,862,2024,8,Friends,31,3.0
17445,692,2019,9,Solo,74,2.0
17446,710,2022,8,FAMILY,29,4.0
17447,451,2021,7,Friends,49,4.0
17448,1200,2022,7,COUPLES,80,4.0
17449,1732,2024,8,Family,15,4.0
17450,483,2024,5,Friends,132,3.0
17451,1497,2019,2,Friends,47,4.0
17452,1133,2019,9,Couples,114,4.0
17453,1548,2021,5,Friends,98,4.0
17454,1540,2023,10,Friends,113,3.0
17455,79,2023,11,Couples,44,4.0
17456,43,2022,5,Family,26,4.0
17457,1831,2024,2,Family,22,4.0
17458,311,2020,1,Business,35,4.0
17459,1150,2023,8,Family,82,5.0
17460,1507,2024,11,SOLO,94,4.0
17461,1008,2024,11,Friends,113,4.0
17462,13,2023,11,Couples,145,4.0
17463,22,2023,1,Couples,125,3.0
17464,1340,2020,1,Couples,54,3.0
17465,1796,2023,12,Business,71,4.0
17466,687,2020,9,Business,144,3.0
17467,1088,2021,11,Friends,107,4.0
17468,1868,2019,12,Family,63,5.0
17469,1651,2020,9,Family,125,4.0
17470,1082,2019,5,FRIENDS,21,3.0
17471,1312,2021,9,Business,101,3.0
17472,1923,2019,8,Solo,143,4.0
17473,1594,2023,11,SOLO,80,3.0
17474,832,2022,11,Business,92,4.0
17475,1386,2022,3,Business,9,3.0
17476,658,2023,11,Friends,91,3.0
17477,1842,2023,9,FAMILY,44,4.0
17478,188,2023,9,Solo,150,4.0
17479,451,2022,5,Couples,48,4.0
17480,693,2020,6,Friends,48,4.0
17481,405,2023,11,Family,60,4.0
17482,1191,2021,2,Family,105,3.0
17483,1426,2019,7,Couples,143,4.0
17484,1781,2021,12,Family,52,3.0
17485,1003,2020,10,Family,32,4.0
17486,1243,2020,2,Couples,115,
17487,1199,2022,3,Friends,82,2.0
17488,7,2024,7,Couples,69,3.0
17489,1418,2019,3,Couples,149,4.0
17490,47,2019,11,Business,75,3.0
17491,1095,2024,11,Family,93,3.0
17492,2000,2023,12,Couples,148,5.0
17493,1576,2020,5,Solo,32,3.0
17494,1013,2021,4,Friends,136,4.0
17495,638,2019,7,Solo,145,3.0
17496,1675,2024,2,Couples,71,3.0
17497,1718,2022,9,Family,51,4.0
17498,737,2020,11,Friends,25,3.0
17499,216,2020,3,Solo,8,3.0
17500,1165,2023,3,Family,148,4.0
17501,1269,2022,4,Solo,65,4.0
17502,1869,2023,10,Business,101,3.0
17503,1781,2020,4,Business,37,2.0
17504,459,2024,9,Family,49,
17505,506,2019,12,Couples,123,4.0
17506,1994,2020,6,Solo,99,4.0
17507,654,2023,2,Business,33,3.0
17508,917,2022,11,Couples,1,3.0
17509,611,2021,5,Couples,123,4.0
17510,787,2023,8,Friends,13,3.0
17511,1129,2022,12,Business,6,4.0
17512,585,2021,11,Friends,46,3.0
17513,826,2020,11,Solo,140,4.0
17514,706,2023,5,Family,97,3.0
17515,216,2022,9,Business,7,4.0
17516,1574,2024,5,Business,138,3.0
17517,1783,2021,7,Couples,141,4.0
17518,985,2020,5,Business,105,2.0
17519,410,2019,11,Family,12,3.0
17520,1287,2020,10,Family,3,4.0
17521,1069,2023,12,Couples,131,3.0
17522,1103,2020,4,FRIENDS,124,3.0
17523,1190,2022,12,Family,125,
17524,1436,2020,3,Family,73,3.0
17525,82,2024,8,Family,90,4.0
17526,199,2024,3,Friends,26,4.0
17527,192,2023,9,Family,6,4.0
17528,310,2023,10,Business,34,2.0
17529,1944,2022,10,Couples,94,3.0
17530,1461,2019,4,Family,61,3.0
17531,1330,2019,10,Couples,93,4.0
17532,1398,2021,2,Solo,67,3.0
17533,68,2023,9,Couples,84,4.0
17534,427,2019,6,Friends,143,3.0
17535,1589,2022,3,Solo,95,3.0
17536,926,2024,12,Couples,144,5.0
17537,1018,2024,10,Family,146,5.0
17538,1501,2022,2,Couples,93,4.0
17539,151,2022,5,Friends,150,3.0
17540,1598,2019,9,Friends,38,3.0
17541,1362,2019,3,Friends,79,4.0
17542,808,2020,6,Business,12,3.0
17543,999,2023,2,Friends,14,4.0
17544,149,2019,1,Family,20,2.0
17545,410,2023,3,Family,21,4.0
17546,493,2020,9,Friends,62,4.0
17547,1756,2019,7,Friends,109,4.0
17548,226,2019,4,Family,148,3.0
17549,583,2023,3,Couples,148,4.0
17550,264,2019,10,Couples,27,5.0
17551,570,2022,8,Couples,66,4.0
17552,22,2024,11,Couples,65,4.0
17553,546,2022,12,Friends,15,3.0
17554,1448,2021,8,Couples,6,4.0
17555,1535,2024,1,Couples,53,3.0
17556,759,2019,12,Couples,129,4.0
17557,1413,2020,2,BUSINESS,58,3.0
17558,1238,2020,9,Couples,58,4.0
17559,1807,2019,3,Business,150,3.0
17560,1610,2024,10,Family,57,4.0
17561,459,2020,10,Couples,103,5.0
17562,1178,2019,10,Couples,148,4.0
17563,1573,2024,4,Family,18,4.0
17564,612,2024,8,Couples,77,4.0
17565,1147,2020,3,Couples,51,5.0
17566,801,2021,11,Solo,18,4.0
17567,618,2023,2,Business,8,4.0
17568,399,2021,11,Friends,98,4.0
17569,71,2023,2,Solo,98,4.0
17570,1500,2020,4,Solo,85,3.0
17571,1638,2023,9,FRIENDS,101,5.0
17572,1304,2022,12,Friends,108,3.0
17573,483,2019,9,Couples,9,4.0
17574,38,2022,5,Couples,6,4.0
17575,1264,2019,4,Family,51,3.0
17576,400,2024,8,Family,86,4.0
17577,1098,2024,6,Friends,136,5.0
17578,1941,2019,3,Business,147,3.0
17579,9,2022,8,Couples,125,5.0
17580,1155,2021,6,Family,44,3.0
17581,1989,2019,12,Family,87,3.0
17582,669,2023,1,Couples,18,3.0
17583,1629,2019,9,Business,73,4.0
17584,1657,2019,10,Friends,15,3.0
17585,973,2023,10,Friends,149,3.0
17586,614,2020,9,Business,68,4.0
17587,1361,2024,12,Friends,109,4.0
17588,1239,2022,4,Business,16,4.0
17589,954,2022,5,Family,143,5.0
17590,386,2021,12,Family,79,4.0
17591,1490,2021,1,FAMILY,11,5.0
17592,423,2020,10,Couples,56,3.0
17593,269,2023,9,Family,32,3.0
17594,135,2022,8,Friends,11,4.0
17595,893,2019,2,Couples,5,3.0
17596,241,2020,8,Family,107,4.0
17597,672,2024,6,Couples,131,5.0
17598,484,2021,2,Solo,100,3.0
17599,920,2020,9,Family,105,3.0
17600,1556,2020,10,Friends,6,4.0
17601,901,2020,7,Family,27,5.0
17602,1115,2024,2,Couples,6,4.0
17603,287,2020,5,Business,147,4.0
17604,227,2020,7,Friends,111,3.0
17605,1953,2019,7,Family,144,5.0
17606,1240,2024,8,Friends,136,4.0
17607,31,2021,3,Family,34,4.0
17608,1131,2023,10,Business,77,4.0
17609,21,2023,1,Family,98,2.0
17610,155,2021,12,Couples,112,4.0
17611,747,2021,5,Family,101,4.0
17612,1313,2019,10,Family,68,4.0
17613,1241,2023,1,Family,1,4.0
17614,1582,2023,9,Family,141,5.0
17615,360,2020,12,Couples,104,5.0
17616,384,2020,12,Family,126,4.0
17617,1067,2021,6,Couples,34,4.0
17618,1738,2023,5,Family,16,3.0
17619,1446,2022,11,Couples,136,4.0
17620,1339,2019,8,Couples,121,4.0
17621,189,2022,12,Solo,126,4.0
17622,1757,2023,3,Couples,67,3.0
17623,1969,2020,6,Family,136,3.0
17624,1165,2021,4,Family,34,4.0
17625,674,2023,6,Family,114,
17626,1326,2020,11,Friends,75,4.0
17627,1285,2019,11,Family,25,5.0
17628,1859,2024,8,Friends,108,4.0
17629,222,2019,1,BUSINESS,55,4.0
17630,1031,2019,6,Business,24,3.0
17631,1419,2020,6,Family,107,4.0
17632,699,2023,9,Couples,116,4.0
17633,1681,2022,4,Couples,49,4.0
17634,130,2020,7,Couples,146,4.0
17635,211,2019,10,Family,107,4.0
17636,1582,2024,7,Friends,4,4.0
17637,252,2019,11,Couples,51,2.0
17638,838,2024,4,Couples,147,3.0
17639,563,2021,8,Business,27,3.0
17640,1377,2020,6,SOLO,144,3.0
17641,24,2021,5,Business,78,3.0
17642,714,2020,6,Couples,102,4.0
17643,1973,2019,7,Couples,103,4.0
17644,738,2021,7,Couples,77,5.0
17645,1197,2022,7,Family,78,4.0
17646,1977,2021,12,Business,86,4.0
17647,1216,2022,8,Family,97,4.0
17648,1510,2024,7,Couples,111,5.0
17649,1918,2019,12,Family,66,3.0
17650,1235,2023,3,Business,66,4.0
17651,1665,2020,3,Couples,117,4.0
17652,1017,2019,2,Friends,114,4.0
17653,1629,2021,3,Solo,98,3.0
17654,1284,2021,1,Couples,70,4.0
17655,680,2024,3,Family,87,4.0
17656,1117,2021,8,Family,86,3.0
17657,670,2023,9,Friends,66,4.0
17658,795,2024,8,Family,27,4.0
17659,584,2021,11,Family,81,4.0
17660,983,2020,11,Friends,67,3.0
17661,694,2024,4,Family,8,3.0
17662,1253,2021,3,Family,144,5.0
17663,740,2021,6,Couples,101,4.0
17664,983,2023,12,Friends,18,4.0
17665,281,2021,12,Family,31,3.0
17666,774,2022,3,Family,86,3.0
17667,712,2024,2,Family,130,4.0
17668,1923,2019,9,Family,73,4.0
17669,894,2023,11,Family,122,3.0
17670,44,2021,12,Family,20,4.0
17671,619,2022,12,Business,80,3.0
17672,1459,2024,4,Friends,125,4.0
17673,331,2022,10,Business,128,5.0
17674,326,2021,9,SOLO,37,4.0
17675,747,2024,5,Solo,101,3.0
17676,714,2022,1,Friends,6,
17677,962,2019,8,Business,22,3.0
17678,69,2019,5,Business,136,3.0
17679,1442,2021,4,Family,112,4.0
17680,428,2023,1,Couples,32,4.0
17681,1423,2021,2,Solo,150,3.0
17682,1130,2020,3,Family,149,4.0
17683,406,2024,2,Friends,7,3.0
17684,940,2020,12,Solo,4,3.0
17685,74,2019,1,Solo,37,3.0
17686,1404,2021,5,Business,120,3.0
17687,608,2019,12,Solo,90,4.0
17688,767,2022,2,Business,77,4.0
17689,315,2021,8,Friends,63,4.0
17690,730,2024,4,Friends,72,4.0
17691,792,2020,4,Couples,96,4.0
17692,450,2020,6,Couples,10,4.0
17693,1959,2023,7,Family,88,4.0
17694,560,2023,10,Family,34,3.0
17695,363,2021,8,Friends,119,4.0
17696,1097,2024,1,Business,30,2.0
17697,638,2024,3,Family,11,3.0
17698,908,2022,8,Friends,66,4.0
17699,1451,2023,4,Business,67,2.0
17700,157,2022,1,Family,78,5.0
17701,1019,2021,7,Family,130,4.0
17702,44,2022,4,Solo,105,2.0
17703,88,2024,11,Solo,55,
17704,186,2019,11,Family,109,2.0
17705,324,2019,2,Family,76,2.0
17706,699,2021,10,Family,34,3.0
17707,1871,2022,11,Family,4,3.0
17708,1813,2020,8,Friends,1,3.0
17709,207,2022,8,Couples,34,3.0
17710,1983,2019,6,COUPLES,123,4.0
17711,1271,2020,6,Family,70,4.0
17712,1108,2021,1,Couples,68,4.0
17713,1585,2019,2,Friends,60,4.0
17714,969,2022,9,Couples,39,4.0
17715,531,2022,7,Family,108,4.0
17716,1060,2022,3,Couples,2,4.0
17717,1451,2022,5,FAMILY,92,4.0
17718,1366,2023,8,Couples,141,2.0
17719,340,2022,3,Family,133,3.0
17720,1877,2022,3,Friends,56,4.0
17721,570,2020,11,Friends,129,3.0
17722,1640,2023,6,COUPLES,36,4.0
17723,624,2020,6,Family,37,3.0
17724,127,2019,1,Couples,52,4.0
17725,1993,2024,1,Family,3,4.0
17726,1178,2020,8,Friends,40,3.0
17727,430,2019,4,Friends,129,3.0
17728,1,2020,4,Friends,115,3.0
17729,259,2024,3,Family,50,3.0
17730,340,2024,10,Friends,47,3.0
17731,1852,2023,12,Couples,53,4.0
17732,355,2020,4,Business,18,3.0
17733,324,2022,3,Family,24,4.0
17734,1676,2023,10,Family,149,4.0
17735,1759,2021,7,Friends,104,5.0
17736,418,2020,10,Friends,102,4.0
17737,1301,2024,9,Friends,43,3.0
17738,1069,2019,10,Friends,129,3.0
17739,1154,2024,2,Family,27,4.0
17740,623,2021,7,Business,146,5.0
17741,1503,2023,6,Business,76,3.0
17742,1762,2021,11,Business,50,5.0
17743,1452,2023,8,Couples,113,4.0
17744,1807,2024,9,Friends,63,3.0
17745,222,2021,11,Friends,41,3.0
17746,1315,2020,9,Family,103,4.0
17747,1999,2019,8,Business,109,3.0
17748,1072,2024,7,Family,91,4.0
17749,1884,2024,1,Friends,70,4.0
17750,697,2022,9,Couples,50,4.0
17751,1794,2019,4,Couples,61,3.0
17752,1878,2024,2,Family,132,3.0
17753,1245,2021,5,Business,54,1.0
17754,1410,2020,5,Family,146,5.0
17755,1046,2021,5,Solo,22,4.0
17756,634,2024,4,Business,25,3.0
17757,1073,2023,12,Couples,50,4.0
17758,1925,2022,11,Family,1,3.0
17759,30,2023,1,Business,132,3.0
17760,411,2024,6,Friends,52,5.0
17761,999,2022,4,Business,16,4.0
17762,679,2020,11,Couples,93,4.0
17763,1248,2019,6,Family,144,3.0
17764,722,2019,8,FRIENDS,150,4.0
17765,1318,2020,2,Couples,17,4.0
17766,213,2023,9,Business,119,3.0
17767,665,2019,6,Couples,55,4.0
17768,1386,2019,11,Business,126,4.0
17769,943,2024,2,Couples,91,4.0
17770,1428,2021,4,Family,110,4.0
17771,1273,2019,11,Friends,126,4.0
17772,657,2024,3,Friends,135,4.0
17773,857,2024,4,Friends,22,4.0
17774,1930,2022,4,FRIENDS,109,3.0
17775,1925,2019,7,Family,22,3.0
17776,72,2022,1,Solo,142,4.0
17777,1411,2024,8,Friends,95,3.0
17778,982,2024,10,Family,29,
17779,3,2022,4,COUPLES,44,5.0
17780,1269,2024,3,Friends,135,4.0
17781,47,2023,5,Friends,97,4.0
17782,638,2019,8,Family,35,4.0
17783,1381,2022,7,Couples,124,4.0
17784,1626,2022,8,Couples,108,5.0
17785,826,2023,10,Friends,12,3.0
17786,1618,2022,12,Solo,43,4.0
17787,1679,2023,6,Family,127,4.0
17788,896,2022,10,Business,53,3.0
17789,347,2020,6,Business,6,3.0
17790,1319,2021,2,Friends,91,4.0
17791,28,2024,8,Couples,135,3.0
17792,1787,2024,12,Friends,84,4.0
17793,777,2022,6,Business,147,3.0
17794,1521,2020,7,Business,18,4.0
17795,1473,2020,9,Couples,101,5.0
17796,946,2020,10,Couples,98,5.0
17797,1944,2020,1,Solo,148,4.0
17798,1593,2024,1,Couples,79,5.0
17799,1768,2022,6,Friends,124,3.0
17800,188,2021,2,Solo,22,3.0
17801,969,2024,12,Friends,7,3.0
17802,1904,2021,9,SOLO,108,3.0
17803,1626,2023,8,Couples,1,3.0
17804,909,2022,8,Family,132,3.0
17805,141,2020,6,Family,4,4.0
17806,565,2024,1,Friends,104,4.0
17807,1145,2023,10,Friends,68,3.0
17808,1284,2024,6,Friends,97,4.0
17809,1849,2019,5,Couples,94,4.0
17810,186,2020,6,Family,67,2.0
17811,793,2020,6,Friends,73,3.0
17812,545,2023,12,Couples,76,4.0
17813,1921,2024,3,Business,102,2.0
17814,333,2019,3,Couples,107,3.0
17815,442,2019,2,Friends,68,3.0
17816,596,2023,8,Family,53,4.0
17817,212,2021,1,Couples,7,4.0
17818,1287,2023,10,Solo,117,2.0
17819,1050,2019,9,Business,34,3.0
17820,1116,2022,9,Friends,66,4.0
17821,1815,2019,6,Friends,149,3.0
17822,867,2024,5,Family,118,3.0
17823,623,2019,12,Couples,52,4.0
17824,751,2020,10,Family,72,3.0
17825,1601,2019,3,Couples,49,3.0
17826,1057,2020,4,Business,94,3.0
17827,339,2021,3,Family,23,4.0
17828,1380,2022,6,Couples,143,4.0
17829,1492,2024,8,Solo,149,4.0
17830,500,2024,3,Family,45,4.0
17831,1115,2019,1,Business,35,3.0
17832,1128,2021,5,Family,81,3.0
17833,351,2024,7,Couples,98,4.0
17834,19,2019,9,Couples,97,3.0
17835,1437,2023,2,Couples,7,4.0
17836,1231,2021,9,COUPLES,107,4.0
17837,1428,2020,2,Family,10,4.0
17838,755,2019,4,Couples,52,4.0
17839,1031,2020,7,Business,108,4.0
17840,1964,2019,2,Friends,134,3.0
17841,451,2020,7,Couples,96,4.0
17842,1306,2022,1,Couples,24,3.0
17843,265,2023,3,Family,103,4.0
17844,132,2022,7,Friends,6,5.0
17845,1915,2023,4,Family,35,4.0
17846,260,2019,6,Business,19,3.0
17847,1312,2020,4,Family,148,3.0
17848,1029,2022,7,Friends,56,5.0
17849,1619,2019,2,Business,84,4.0
17850,1094,2022,2,Business,119,3.0
17851,1394,2020,12,Friends,146,4.0
17852,1789,2021,4,Family,150,4.0
17853,1659,2022,9,Couples,25,5.0
17854,1444,2024,1,Family,60,4.0
17855,325,2019,2,Business,61,3.0
17856,339,2022,10,Family,120,4.0
17857,994,2022,5,FRIENDS,51,3.0
17858,1318,2019,4,Couples,35,4.0
17859,1335,2022,3,Family,114,3.0
17860,1574,2019,4,Couples,75,4.0
17861,207,2023,3,Friends,113,4.0
17862,347,2020,10,Family,57,3.0
17863,300,2019,12,Couples,73,4.0
17864,1083,2019,1,Family,2,3.0
17865,1268,2021,2,Family,3,4.0
17866,232,2020,8,Solo,1,4.0
17867,1738,2021,11,Friends,27,3.0
17868,607,2024,4,Friends,53,3.0
17869,1321,2024,11,Solo,8,3.0
17870,1504,2023,1,Couples,25,5.0
17871,73,2021,9,Family,128,4.0
17872,1730,2019,12,Solo,129,3.0
17873,1941,2021,6,Friends,44,3.0
17874,1918,2019,8,Couples,142,4.0
17875,280,2019,4,Family,18,4.0
17876,786,2020,10,Couples,5,4.0
17877,466,2023,10,Friends,54,3.0
17878,902,2023,10,Family,40,3.0
17879,1950,2022,11,Family,12,3.0
17880,1527,2020,1,Solo,128,4.0
17881,1543,2023,7,Business,147,4.0
17882,844,2024,7,Solo,41,2.0
17883,1874,2022,1,Family,48,3.0
17884,1841,2023,10,Business,108,3.0
17885,1614,2024,3,Solo,140,4.0
17886,1629,2023,6,Solo,44,4.0
17887,1304,2024,1,Solo,103,4.0
17888,191,2020,10,Friends,4,4.0
17889,570,2020,3,Couples,85,3.0
17890,1538,2020,7,Couples,149,4.0
17891,654,2020,7,Couples,72,3.0
17892,345,2022,2,Couples,97,4.0
17893,1895,2024,11,Solo,104,4.0
17894,977,2020,1,Family,95,4.0
17895,1722,2023,8,Couples,103,3.0
17896,569,2019,3,Friends,134,4.0
17897,719,2024,8,Family,2,3.0
17898,687,2022,3,Couples,133,4.0
17899,747,2021,9,Solo,137,3.0
17900,876,2021,7,Family,136,4.0
17901,596,2024,8,Family,56,3.0
17902,1629,2021,12,Business,88,3.0
17903,653,2019,6,Family,53,4.0
17904,884,2022,10,Family,127,4.0
17905,1722,2022,10,Friends,61,4.0
17906,875,2023,4,Business,47,3.0
17907,22,2021,4,Couples,103,5.0
17908,1,2020,9,Business,8,3.0
17909,873,2019,12,Solo,57,4.0
17910,1298,2024,1,Family,31,5.0
17911,1886,2020,2,Business,57,
17912,262,2021,3,Friends,68,3.0
17913,1086,2019,8,Friends,10,3.0
17914,578,2020,6,Friends,130,3.0
17915,901,2019,7,Friends,63,4.0
17916,886,2021,4,Friends,54,4.0
17917,625,2024,6,Solo,23,4.0
17918,37,2020,10,Couples,150,4.0
17919,148,2024,6,Couples,129,3.0
17920,1045,2022,5,Business,73,5.0
17921,449,2024,1,Friends,51,3.0
17922,655,2022,5,Solo,71,3.0
17923,181,2024,10,Couples,145,4.0
17924,100,2022,2,Family,34,2.0
17925,254,2023,5,Couples,103,4.0
17926,755,2019,4,FRIENDS,136,4.0
17927,328,2024,6,Business,114,3.0
17928,463,2019,10,Family,131,5.0
17929,605,2020,11,Family,143,3.0
17930,583,2023,5,Couples,9,4.0
17931,23,2020,7,Solo,36,3.0
17932,235,2019,10,Family,22,4.0
17933,1901,2024,11,Family,86,4.0
17934,1336,2022,8,Business,62,3.0
17935,248,2021,2,Family,7,3.0
17936,568,2020,5,Couples,84,3.0
17937,767,2023,4,Family,16,4.0
17938,1812,2020,9,Family,62,3.0
17939,1760,2022,3,Couples,55,3.0
17940,1541,2019,1,Solo,135,3.0
17941,214,2020,11,Couples,103,2.0
17942,981,2019,2,Family,94,4.0
17943,968,2020,10,Solo,125,3.0
17944,1276,2021,12,Friends,28,4.0
17945,1690,2023,11,Friends,39,4.0
17946,642,2023,6,Business,113,4.0
17947,1114,2022,7,Family,113,4.0
17948,528,2024,9,Friends,4,4.0
17949,421,2021,3,Family,34,4.0
17950,627,2021,6,Family,35,4.0
17951,1472,2022,5,Solo,1,4.0
17952,876,2020,4,Family,100,3.0
17953,1363,2021,7,Friends,9,4.0
17954,1383,2024,6,Friends,127,4.0
17955,725,2021,1,Friends,88,3.0
17956,1911,2024,2,Business,115,3.0
17957,93,2023,8,Friends,75,5.0
17958,1794,2020,7,Friends,146,5.0
17959,16,2021,11,Family,41,3.0
17960,765,2021,1,Couples,84,4.0
17961,1651,2024,4,Couples,1,5.0
17962,1369,2021,5,Family,125,3.0
17963,644,2021,9,Friends,86,3.0
17964,1772,2023,6,Solo,27,5.0
17965,276,2024,6,Couples,123,3.0
17966,1342,2022,12,Couples,149,3.0
17967,1038,2024,1,Friends,11,3.0
17968,415,2019,11,Solo,127,3.0
17969,1842,2024,4,Couples,111,4.0
17970,1532,2020,1,Couples,54,3.0
17971,17,2023,7,Friends,96,3.0
17972,174,2022,3,Couples,118,2.0
17973,113,2022,9,Family,72,4.0
17974,831,2019,10,Solo,100,3.0
17975,835,2022,5,Friends,8,5.0
17976,1448,2019,10,Couples,139,4.0
17977,1352,2022,3,Solo,139,3.0
17978,31,2021,5,Friends,32,3.0
17979,953,2020,1,Solo,72,3.0
17980,1570,2021,8,Family,36,
17981,1796,2020,9,Family,60,4.0
17982,585,2019,10,Couples,42,3.0
17983,89,2019,5,Family,130,5.0
17984,306,2021,11,Family,105,3.0
17985,681,2023,8,Family,127,4.0
17986,887,2022,7,Family,119,5.0
17987,703,2019,3,Family,110,4.0
17988,182,2021,11,Business,25,3.0
17989,681,2022,10,Solo,125,3.0
17990,580,2020,11,Friends,118,4.0
17991,976,2019,5,Family,19,3.0
17992,159,2020,7,Friends,14,4.0
17993,1582,2019,1,Solo,115,3.0
17994,835,2020,8,Family,59,3.0
17995,636,2022,7,Friends,50,5.0
17996,1814,2023,10,Business,60,2.0
17997,1489,2024,9,Solo,131,3.0
17998,274,2023,12,Couples,55,4.0
17999,293,2021,12,Friends,56,4.0
18000,5,2024,3,Family,60,3.0
18001,1122,2024,12,Family,9,4.0
18002,710,2021,1,Family,6,4.0
18003,751,2019,6,Family,63,4.0
18004,1019,2021,12,Solo,3,3.0
18005,1079,2021,8,Couples,114,4.0
18006,2,2023,12,Couples,64,5.0
18007,216,2019,7,Friends,76,3.0
18008,1579,2022,9,Couples,51,3.0
18009,1907,2020,7,Business,115,3.0
18010,1675,2021,12,Couples,65,3.0
18011,1813,2019,2,Couples,6,5.0
18012,928,2022,5,Friends,74,3.0
18013,1653,2019,9,Family,27,4.0
18014,1765,2024,6,Business,90,4.0
18015,1786,2023,12,FAMILY,85,5.0
18016,299,2024,7,Family,72,4.0
18017,294,2022,2,Friends,58,4.0
18018,806,2024,8,Family,90,5.0
18019,1008,2020,4,Couples,103,3.0
18020,1917,2019,6,Solo,132,3.0
18021,636,2024,1,Couples,145,5.0
18022,1664,2022,11,Solo,13,3.0
18023,1775,2023,5,Couples,99,4.0
18024,1931,2020,10,Family,13,3.0
18025,379,2021,6,Business,63,3.0
18026,484,2023,12,Friends,112,4.0
18027,440,2021,5,Family,82,4.0
18028,1471,2019,2,Friends,122,4.0
18029,1374,2020,6,Friends,137,4.0
18030,815,2021,1,Couples,147,4.0
18031,178,2023,10,Business,101,4.0
18032,1042,2021,12,Solo,102,3.0
18033,1465,2021,3,Family,121,3.0
18034,949,2022,1,Friends,35,2.0
18035,537,2019,10,Family,46,3.0
18036,1185,2022,9,Friends,52,2.0
18037,1322,2020,10,Family,112,4.0
18038,1183,2024,7,Friends,53,4.0
18039,1747,2020,7,Solo,21,3.0
18040,628,2020,4,Friends,120,2.0
18041,1220,2021,4,Solo,113,3.0
18042,1711,2021,8,Couples,90,4.0
18043,426,2022,12,Friends,133,4.0
18044,564,2023,4,Family,119,4.0
18045,99,2024,5,Business,136,3.0
18046,750,2024,8,Family,39,4.0
18047,90,2020,1,Family,18,5.0
18048,1493,2022,8,Solo,52,4.0
18049,178,2020,2,Family,125,3.0
18050,1385,2023,9,Business,139,3.0
18051,1160,2019,11,Solo,17,3.0
18052,1976,2024,11,Couples,129,3.0
18053,697,2021,2,Family,72,3.0
18054,690,2023,8,Family,123,5.0
18055,487,2023,6,Couples,103,3.0
18056,1075,2021,6,Family,10,3.0
18057,439,2024,9,Family,73,5.0
18058,227,2020,12,Friends,14,4.0
18059,1898,2023,7,Solo,51,3.0
18060,1359,2024,7,Solo,114,4.0
18061,238,2019,8,Business,103,3.0
18062,1237,2024,7,Couples,106,4.0
18063,610,2024,5,Couples,100,4.0
18064,361,2021,10,Solo,3,4.0
18065,943,2024,8,Business,88,2.0
18066,1576,2019,7,Family,73,4.0
18067,1,2020,1,Solo,80,2.0
18068,711,2023,4,Family,32,3.0
18069,1842,2024,4,Business,106,4.0
18070,789,2019,8,Business,92,3.0
18071,199,2023,2,Friends,61,3.0
18072,858,2019,5,Couples,9,2.0
18073,1365,2023,6,Family,11,3.0
18074,1993,2024,9,Business,54,2.0
18075,1258,2021,2,Friends,81,3.0
18076,102,2019,8,Solo,150,3.0
18077,1619,2020,7,Family,109,4.0
18078,1561,2022,9,Family,73,5.0
18079,1303,2023,3,Couples,45,5.0
18080,1794,2022,8,Couples,26,5.0
18081,1539,2021,5,Solo,22,4.0
18082,465,2022,4,Family,11,4.0
18083,843,2024,1,Business,137,4.0
18084,1015,2023,5,Friends,3,3.0
18085,978,2019,6,Solo,130,4.0
18086,1278,2020,1,Couples,88,3.0
18087,1404,2021,10,Family,93,3.0
18088,208,2020,9,Solo,144,2.0
18089,1137,2023,4,Business,118,1.0
18090,78,2024,1,Friends,23,4.0
18091,1024,2022,9,Family,146,4.0
18092,845,2024,1,Family,27,4.0
18093,412,2021,6,Couples,86,3.0
18094,1982,2023,3,Couples,97,3.0
18095,517,2023,3,Family,37,3.0
18096,113,2020,10,Couples,95,4.0
18097,717,2023,4,Family,96,4.0
18098,1515,2022,3,Business,147,3.0
18099,19,2022,4,Friends,138,4.0
18100,986,2020,2,Couples,60,4.0
18101,835,2020,9,Friends,104,2.0
18102,1732,2024,6,Couples,124,4.0
18103,6,2022,3,Friends,4,3.0
18104,35,2019,4,BUSINESS,103,3.0
18105,1131,2022,12,Couples,138,4.0
18106,359,2022,7,Couples,19,5.0
18107,1409,2023,9,Friends,114,3.0
18108,557,2024,11,Business,10,3.0
18109,1125,2022,5,Friends,61,4.0
18110,76,2019,5,Couples,123,4.0
18111,1388,2021,12,Solo,149,4.0
18112,1037,2020,7,Couples,110,4.0
18113,1,2019,3,Business,109,4.0
18114,532,2024,11,Family,39,4.0
18115,119,2020,10,Couples,124,3.0
18116,90,2020,5,Family,99,3.0
18117,1397,2021,4,Friends,142,3.0
18118,856,2021,8,Friends,91,
18119,1606,2022,7,Couples,6,5.0
18120,516,2020,3,Couples,77,4.0
18121,1436,2023,1,Couples,117,3.0
18122,1231,2019,10,Couples,119,4.0
18123,1327,2024,11,Friends,58,4.0
18124,1657,2024,11,Family,26,3.0
18125,1415,2022,5,Friends,131,5.0
18126,1492,2019,9,Family,124,4.0
18127,1480,2023,8,Family,132,3.0
18128,895,2023,4,Family,101,4.0
18129,1449,2022,12,Family,125,3.0
18130,1685,2020,5,Couples,61,4.0
18131,1477,2021,1,Couples,117,3.0
18132,1216,2021,2,Couples,74,3.0
18133,149,2022,12,Solo,120,4.0
18134,874,2020,1,Friends,22,3.0
18135,127,2021,7,Business,45,4.0
18136,208,2024,6,Couples,33,
18137,723,2021,10,Friends,61,2.0
18138,929,2022,10,Family,123,3.0
18139,1056,2024,6,Business,18,3.0
18140,1801,2024,8,Friends,110,4.0
18141,1526,2022,10,Friends,125,3.0
18142,846,2020,10,COUPLES,101,3.0
18143,670,2019,11,Friends,97,4.0
18144,1426,2024,9,Friends,21,4.0
18145,551,2022,5,Family,92,4.0
18146,1768,2022,7,Friends,34,3.0
18147,1563,2024,9,Business,37,4.0
18148,1366,2021,4,Family,130,4.0
18149,499,2019,12,Friends,93,2.0
18150,1244,2023,6,FAMILY,150,4.0
18151,1642,2024,10,Family,69,4.0
18152,144,2020,7,Family,54,3.0
18153,355,2024,12,Family,150,3.0
18154,1031,2022,9,Friends,94,4.0
18155,719,2022,9,Friends,130,2.0
18156,1420,2024,10,Friends,7,3.0
18157,803,2020,4,Solo,79,3.0
18158,1994,2023,5,Family,123,3.0
18159,600,2019,10,Family,122,3.0
18160,721,2023,6,Couples,108,3.0
18161,7,2019,8,Business,25,4.0
18162,495,2019,7,Couples,83,5.0
18163,472,2021,1,Couples,16,3.0
18164,1526,2021,6,Family,121,4.0
18165,676,2023,3,Solo,95,3.0
18166,407,2024,2,Friends,30,4.0
18167,628,2024,4,Friends,110,4.0
18168,1126,2022,4,Couples,108,4.0
18169,1572,2019,9,Business,8,4.0
18170,1958,2023,4,Business,14,4.0
18171,95,2021,10,Family,31,4.0
18172,1682,2022,3,Business,11,4.0
18173,778,2022,10,Couples,81,3.0
18174,1617,2024,7,Couples,132,4.0
18175,76,2021,1,Friends,10,4.0
18176,1253,2024,2,Solo,93,4.0
18177,1862,2022,1,Business,64,2.0
18178,79,2023,5,Business,126,4.0
18179,1581,2024,4,Couples,73,4.0
18180,229,2023,1,Family,101,5.0
18181,1965,2021,9,COUPLES,139,4.0
18182,1489,2020,11,COUPLES,21,4.0
18183,1821,2019,11,Business,48,3.0
18184,1796,2021,2,Family,41,3.0
18185,632,2022,11,Business,26,2.0
18186,832,2023,6,FAMILY,98,4.0
18187,1384,2019,3,Friends,2,3.0
18188,350,2021,2,Solo,58,3.0
18189,614,2024,10,Couples,19,4.0
18190,199,2023,4,Friends,93,4.0
18191,1777,2024,8,Family,113,4.0
18192,496,2024,7,Couples,71,3.0
18193,822,2019,12,BUSINESS,67,3.0
18194,906,2023,9,Family,68,4.0
18195,752,2022,10,Friends,30,4.0
18196,1556,2021,6,Solo,57,3.0
18197,1829,2023,7,Family,140,3.0
18198,1146,2024,2,Friends,7,4.0
18199,1674,2021,10,Couples,119,4.0
18200,222,2022,10,Friends,25,3.0
18201,1933,2021,4,Business,18,3.0
18202,232,2022,2,Family,43,4.0
18203,133,2024,10,Friends,41,4.0
18204,45,2023,10,Couples,48,3.0
18205,487,2020,10,Business,128,2.0
18206,1675,2024,1,Solo,136,2.0
18207,602,2022,11,Couples,104,3.0
18208,1582,2022,5,Business,22,3.0
18209,849,2019,3,FAMILY,142,3.0
18210,208,2021,7,Family,128,5.0
18211,947,2020,11,Couples,12,3.0
18212,465,2019,10,Solo,59,2.0
18213,583,2024,3,Couples,117,5.0
18214,1035,2019,12,Family,14,3.0
18215,1581,2023,10,Business,12,3.0
18216,1174,2023,12,Business,91,4.0
18217,447,2022,12,Couples,51,4.0
18218,1435,2024,7,Couples,67,4.0
18219,1394,2019,1,Family,113,4.0
18220,475,2019,1,Friends,82,3.0
18221,1704,2024,8,Friends,107,
18222,1687,2020,2,Family,19,
18223,1208,2020,8,Family,1,4.0
18224,593,2023,2,Couples,38,5.0
18225,709,2022,10,Couples,31,4.0
18226,879,2020,4,Family,49,4.0
18227,376,2020,2,Family,117,4.0
18228,612,2024,5,Family,23,4.0
18229,269,2022,11,Friends,19,4.0
18230,310,2024,7,Business,31,3.0
18231,1489,2022,12,Business,49,2.0
18232,257,2022,4,Solo,30,3.0
18233,939,2021,9,Couples,28,3.0
18234,859,2019,3,Solo,87,3.0
18235,93,2022,6,Couples,17,4.0
18236,1663,2023,5,Business,24,3.0
18237,1968,2021,8,FAMILY,126,3.0
18238,1277,2024,9,Couples,3,3.0
18239,1343,2023,1,Friends,10,3.0
18240,466,2022,9,Family,11,4.0
18241,1689,2022,10,Family,81,4.0
18242,1569,2020,5,Couples,105,4.0
18243,877,2024,1,Business,104,3.0
18244,1412,2019,6,Family,104,4.0
18245,1911,2019,4,Couples,9,4.0
18246,1206,2023,10,Family,52,4.0
18247,400,2019,2,Family,96,4.0
18248,661,2022,4,Friends,103,3.0
18249,371,2020,9,Family,51,4.0
18250,664,2023,12,Friends,128,5.0
18251,1781,2019,8,Business,126,4.0
18252,380,2020,1,Friends,115,4.0
18253,1784,2022,9,Family,120,3.0
18254,571,2021,1,Couples,147,4.0
18255,999,2020,1,Business,120,4.0
18256,1057,2019,9,Friends,88,3.0
18257,252,2019,5,Couples,60,4.0
18258,369,2020,1,Business,55,3.0
18259,611,2020,5,Family,124,2.0
18260,120,2019,5,Couples,45,5.0
18261,1509,2022,8,Couples,95,4.0
18262,1093,2024,12,Business,76,2.0
18263,1692,2023,2,FAMILY,57,4.0
18264,1727,2020,8,Solo,68,3.0
18265,696,2021,8,FRIENDS,13,3.0
18266,1635,2023,12,Couples,107,4.0
18267,123,2024,5,Couples,11,5.0
18268,860,2022,2,Friends,12,4.0
18269,1332,2020,11,Friends,38,4.0
18270,933,2024,1,Couples,80,3.0
18271,1479,2022,6,Friends,45,4.0
18272,1718,2019,8,Solo,133,3.0
18273,849,2020,2,Couples,140,4.0
18274,549,2022,4,Friends,59,3.0
18275,1167,2023,2,Family,150,3.0
18276,1737,2024,11,Friends,14,2.0
18277,1975,2020,4,Couples,22,3.0
18278,1632,2023,8,Couples,53,3.0
18279,490,2024,3,Family,142,3.0
18280,411,2023,9,Couples,76,3.0
18281,1146,2023,10,Family,106,4.0
18282,805,2023,1,Family,98,3.0
18283,1222,2022,9,Couples,75,5.0
18284,1847,2022,8,Friends,140,4.0
18285,1099,2022,1,Business,144,4.0
18286,712,2024,4,Friends,68,3.0
18287,1739,2021,11,Family,108,4.0
18288,879,2023,6,Family,94,4.0
18289,1211,2019,2,Friends,90,
18290,271,2021,8,Family,16,3.0
18291,1016,2024,10,Couples,32,4.0
18292,853,2020,6,Couples,149,4.0
18293,247,2023,2,Family,37,3.0
18294,424,2022,2,Friends,98,4.0
18295,1407,2019,5,Family,137,4.0
18296,362,2019,6,Couples,91,5.0
18297,265,2019,10,Solo,33,4.0
18298,116,2021,9,Family,129,3.0
18299,54,2020,4,Family,5,3.0
18300,869,2024,9,Friends,109,4.0
18301,978,2023,2,Couples,40,3.0
18302,1249,2019,3,Friends,97,3.0
18303,1145,2022,10,COUPLES,73,
18304,1074,2023,11,Couples,86,3.0
18305,1999,2022,9,Couples,58,4.0
18306,500,2019,6,Friends,80,5.0
18307,1425,2019,11,Friends,141,4.0
18308,160,2022,5,COUPLES,124,4.0
18309,1698,2024,8,Business,63,4.0
18310,726,2019,9,Couples,142,4.0
18311,693,2019,1,Couples,134,5.0
18312,271,2020,12,Family,95,
18313,1018,2020,8,Family,90,
18314,800,2024,3,Business,6,3.0
18315,1949,2024,10,Family,79,4.0
18316,357,2020,5,FAMILY,32,4.0
18317,835,2023,2,Couples,25,5.0
18318,1801,2019,9,Friends,129,3.0
18319,1615,2022,2,Family,41,4.0
18320,1530,2022,8,Friends,93,4.0
18321,1052,2024,9,Family,131,5.0
18322,1747,2023,2,Friends,90,4.0
18323,448,2019,10,Family,117,3.0
18324,1620,2021,6,Friends,117,3.0
18325,1161,2019,5,Family,68,4.0
18326,700,2019,2,Couples,139,3.0
18327,437,2019,9,Business,137,3.0
18328,1044,2024,2,Family,51,3.0
18329,7,2020,3,Friends,123,4.0
18330,1430,2023,4,Family,28,5.0
18331,472,2023,6,Business,17,2.0
18332,779,2024,11,Couples,80,4.0
18333,387,2022,9,Family,91,5.0
18334,931,2024,9,Family,88,3.0
18335,742,2021,3,Family,120,4.0
18336,376,2023,8,Couples,59,4.0
18337,1778,2023,5,Couples,122,4.0
18338,1519,2022,6,Family,136,4.0
18339,776,2020,8,Solo,14,2.0
18340,116,2019,2,Solo,68,3.0
18341,1691,2019,5,Couples,34,4.0
18342,1394,2021,5,Couples,99,3.0
18343,1112,2021,11,Solo,62,3.0
18344,1210,2020,12,Friends,43,3.0
18345,16,2023,12,Friends,38,4.0
18346,948,2019,7,Family,54,3.0
18347,378,2021,8,Friends,17,4.0
18348,1303,2021,9,Friends,16,5.0
18349,1863,2024,10,Friends,95,4.0
18350,1062,2019,9,Friends,142,3.0
18351,1209,2024,11,Family,77,4.0
18352,1335,2023,5,Solo,140,3.0
18353,1860,2023,9,Solo,24,3.0
18354,77,2023,8,Family,146,4.0
18355,621,2023,10,Solo,88,3.0
18356,537,2021,12,Couples,112,4.0
18357,1434,2022,1,Couples,10,4.0
18358,896,2021,11,Couples,91,4.0
18359,1545,2024,10,Business,58,3.0
18360,945,2020,11,Couples,135,4.0
18361,1952,2022,4,Solo,119,4.0
18362,1534,2020,7,Couples,130,5.0
18363,37,2021,1,Solo,134,4.0
18364,1977,2024,1,Business,109,3.0
18365,1905,2020,8,Business,37,2.0
18366,87,2024,12,Couples,43,4.0
18367,784,2023,3,Family,129,2.0
18368,1942,2021,10,Solo,91,3.0
18369,1676,2021,1,Couples,134,4.0
18370,937,2019,1,Couples,120,4.0
18371,1090,2023,8,Friends,92,4.0
18372,60,2022,4,Family,23,3.0
18373,1130,2024,2,Couples,148,3.0
18374,1333,2020,11,Family,37,4.0
18375,719,2021,11,Friends,37,3.0
18376,614,2023,1,COUPLES,22,4.0
18377,1657,2021,12,Family,11,4.0
18378,898,2020,1,Friends,57,4.0
18379,529,2020,9,Business,127,4.0
18380,750,2024,10,Friends,130,4.0
18381,985,2021,4,Solo,74,4.0
18382,519,2023,2,BUSINESS,48,3.0
18383,1121,2022,7,Business,52,4.0
18384,1723,2022,11,Family,138,4.0
18385,1486,2020,1,Family,9,2.0
18386,463,2020,11,Family,9,4.0
18387,944,2021,8,Solo,10,4.0
18388,1088,2019,12,BUSINESS,134,4.0
18389,1361,2022,4,Business,14,3.0
18390,1513,2019,8,Business,142,3.0
18391,971,2020,6,Friends,28,3.0
18392,631,2022,8,Business,83,4.0
18393,1319,2019,3,Family,146,4.0
18394,252,2019,6,Solo,18,4.0
18395,1349,2020,12,Business,43,3.0
18396,1793,2023,11,Business,110,4.0
18397,1419,2023,3,Friends,123,2.0
18398,868,2019,1,Couples,137,4.0
18399,1647,2020,6,Family,3,
18400,1065,2019,3,Family,117,
18401,1082,2019,4,Friends,49,2.0
18402,1705,2024,3,Couples,84,4.0
18403,387,2021,7,FRIENDS,136,4.0
18404,1560,2023,2,Friends,136,3.0
18405,1360,2023,11,Business,28,4.0
18406,1059,2021,1,Business,71,4.0
18407,155,2023,2,Friends,43,4.0
18408,1532,2020,7,Family,93,4.0
18409,438,2021,2,Family,124,3.0
18410,1791,2021,7,Couples,48,4.0
18411,1585,2022,1,Friends,19,3.0
18412,728,2020,11,Business,10,3.0
18413,871,2023,8,COUPLES,8,4.0
18414,52,2024,4,Friends,55,4.0
18415,997,2024,8,Solo,145,3.0
18416,116,2024,7,Couples,38,4.0
18417,1975,2022,10,Family,61,3.0
18418,1281,2023,9,Business,102,3.0
18419,471,2023,11,Couples,99,5.0
18420,1608,2024,11,Business,41,
18421,40,2019,2,Friends,20,2.0
18422,1099,2020,10,Family,24,4.0
18423,223,2021,11,Friends,34,3.0
18424,109,2022,3,Business,13,3.0
18425,490,2024,10,Family,69,3.0
18426,589,2019,8,Family,97,3.0
18427,1452,2019,8,Family,102,4.0
18428,1782,2024,9,Solo,137,4.0
18429,1552,2020,5,Solo,44,4.0
18430,1480,2019,11,Friends,99,4.0
18431,1131,2023,9,Couples,133,4.0
18432,743,2024,6,Friends,5,3.0
18433,511,2024,8,Solo,118,3.0
18434,1892,2024,12,COUPLES,14,4.0
18435,1044,2019,5,Couples,83,
18436,1129,2019,11,Family,125,4.0
18437,30,2024,1,Family,69,4.0
18438,916,2023,10,Couples,84,3.0
18439,1364,2020,8,Couples,93,3.0
18440,991,2021,9,Couples,87,4.0
18441,1229,2024,7,Family,110,3.0
18442,1620,2024,6,Business,129,3.0
18443,44,2024,2,Solo,21,3.0
18444,1809,2021,3,Family,63,4.0
18445,1635,2023,11,Business,128,4.0
18446,840,2019,5,Friends,58,3.0
18447,1527,2024,2,Couples,74,2.0
18448,134,2020,2,Friends,112,2.0
18449,617,2024,4,Friends,141,4.0
18450,216,2019,9,Family,38,4.0
18451,1271,2024,5,Couples,144,3.0
18452,1713,2022,6,Family,107,5.0
18453,1203,2022,9,Family,5,4.0
18454,1424,2023,8,Couples,130,4.0
18455,287,2021,1,Friends,58,4.0
18456,1869,2024,5,Couples,43,3.0
18457,387,2019,9,Friends,79,4.0
18458,1053,2022,9,Family,87,2.0
18459,1367,2020,5,Family,81,3.0
18460,1714,2019,3,Business,9,2.0
18461,1868,2022,3,Couples,124,4.0
18462,1198,2023,2,Family,52,4.0
18463,1153,2019,2,Friends,22,4.0
18464,835,2023,12,Solo,85,4.0
18465,1136,2024,5,Business,94,3.0
18466,1350,2023,4,Solo,16,3.0
18467,1294,2020,6,Couples,142,4.0
18468,1185,2019,7,Solo,91,4.0
18469,882,2019,2,Business,150,3.0
18470,392,2022,11,Family,101,4.0
18471,109,2020,6,Friends,2,5.0
18472,842,2021,7,Couples,32,4.0
18473,794,2019,7,Solo,146,4.0
18474,1217,2021,12,Solo,84,3.0
18475,1801,2019,12,Couples,19,4.0
18476,1404,2021,2,Business,12,4.0
18477,1610,2022,9,Couples,81,4.0
18478,1157,2024,2,Business,90,3.0
18479,1855,2020,1,Family,37,2.0
18480,1880,2020,7,Business,30,3.0
18481,306,2023,6,Family,91,4.0
18482,1279,2024,6,Couples,66,3.0
18483,1012,2021,1,Friends,6,5.0
18484,1945,2021,8,COUPLES,9,4.0
18485,1170,2023,7,Family,36,5.0
18486,32,2023,1,Family,85,4.0
18487,420,2023,5,Couples,46,2.0
18488,260,2022,2,Friends,3,3.0
18489,402,2019,11,Business,138,3.0
18490,192,2020,9,Friends,105,
18491,1565,2019,6,Couples,88,4.0
18492,989,2021,2,Business,37,2.0
18493,1344,2024,11,Solo,107,3.0
18494,2000,2020,5,Couples,142,3.0
18495,1295,2023,8,Couples,102,4.0
18496,959,2021,9,Business,45,3.0
18497,534,2020,5,Family,59,3.0
18498,1510,2020,12,Friends,140,4.0
18499,1014,2023,3,Business,3,4.0
18500,1514,2023,5,Family,34,4.0
18501,47,2020,3,Friends,17,4.0
18502,327,2024,5,Friends,97,4.0
18503,260,2019,10,Friends,69,2.0
18504,1363,2022,6,Business,20,3.0
18505,1037,2020,11,Couples,142,4.0
18506,634,2024,11,Family,83,2.0
18507,620,2023,4,Family,38,3.0
18508,1214,2019,10,Friends,142,3.0
18509,1932,2021,6,Solo,105,2.0
18510,1991,2023,6,Friends,20,3.0
18511,943,2022,4,Family,124,2.0
18512,1342,2021,1,Family,9,4.0
18513,168,2019,6,BUSINESS,137,5.0
18514,1891,2022,9,Family,60,4.0
18515,36,2019,11,Business,45,3.0
18516,685,2020,5,Friends,9,
18517,1451,2020,2,Friends,140,4.0
18518,1940,2022,6,Solo,84,4.0
18519,344,2021,4,Family,92,4.0
18520,1323,2021,12,Business,128,3.0
18521,376,2024,9,Business,77,4.0
18522,101,2021,11,Solo,44,5.0
18523,848,2023,4,Couples,117,3.0
18524,1154,2024,6,Couples,80,4.0
18525,529,2019,1,Business,36,4.0
18526,1947,2023,2,Friends,127,5.0
18527,1234,2019,5,Couples,122,4.0
18528,877,2022,5,Couples,38,4.0
18529,972,2020,9,Friends,98,3.0
18530,929,2020,3,Family,139,5.0
18531,223,2024,12,Family,120,4.0
18532,1213,2020,10,Business,30,4.0
18533,1570,2022,11,Couples,129,3.0
18534,843,2023,4,Couples,9,3.0
18535,852,2023,7,Solo,93,2.0
18536,1821,2020,7,Couples,77,4.0
18537,1222,2021,10,Couples,6,3.0
18538,596,2022,11,Couples,109,4.0
18539,8,2022,7,Family,45,3.0
18540,1647,2019,12,Business,128,2.0
18541,1253,2022,6,Friends,132,3.0
18542,1253,2019,4,Friends,89,4.0
18543,566,2022,3,Family,95,4.0
18544,373,2023,5,Friends,8,4.0
18545,989,2021,4,Business,134,3.0
18546,1516,2020,3,Family,103,4.0
18547,596,2020,6,Couples,58,5.0
18548,1055,2023,4,Couples,13,3.0
18549,1993,2021,12,Family,76,3.0
18550,439,2024,4,Family,136,3.0
18551,462,2024,8,Friends,130,5.0
18552,472,2021,10,Solo,15,3.0
18553,1826,2020,12,Couples,115,4.0
18554,1058,2023,9,Family,13,3.0
18555,1836,2023,4,Friends,57,3.0
18556,1896,2019,7,Family,68,4.0
18557,843,2024,1,Family,4,4.0
18558,110,2020,4,Family,21,3.0
18559,609,2022,12,Business,133,4.0
18560,1088,2020,1,Family,95,4.0
18561,763,2021,4,Family,118,4.0
18562,5,2022,1,COUPLES,86,3.0
18563,1979,2019,7,Solo,68,3.0
18564,607,2020,10,Business,3,4.0
18565,1238,2023,1,Solo,82,3.0
18566,1894,2024,2,Family,116,3.0
18567,1090,2024,11,Business,31,3.0
18568,1389,2023,4,Couples,74,4.0
18569,72,2024,1,Friends,62,3.0
18570,1394,2019,2,Couples,131,3.0
18571,1696,2020,11,Business,25,5.0
18572,1837,2021,12,Family,16,4.0
18573,168,2024,2,Solo,32,4.0
18574,457,2023,4,Couples,24,4.0
18575,94,2021,3,Family,127,5.0
18576,1836,2019,6,Friends,40,3.0
18577,550,2022,10,Family,55,2.0
18578,1064,2020,10,Couples,39,5.0
18579,952,2020,5,Family,123,5.0
18580,1378,2020,9,FAMILY,100,3.0
18581,1791,2020,4,Business,72,2.0
18582,648,2020,11,Business,120,
18583,1581,2022,8,Family,11,3.0
18584,582,2019,12,Business,102,3.0
18585,396,2021,4,Friends,55,3.0
18586,213,2024,12,Family,57,3.0
18587,745,2024,4,Business,24,4.0
18588,1121,2023,9,Solo,15,3.0
18589,1561,2020,1,Friends,105,4.0
18590,1697,2019,3,Family,128,4.0
18591,1055,2024,7,Friends,137,5.0
18592,818,2021,7,Family,37,5.0
18593,349,2021,2,Business,115,3.0
18594,1829,2021,1,Family,17,4.0
18595,793,2019,11,Couples,117,4.0
18596,1530,2023,3,SOLO,85,4.0
18597,1252,2020,10,Family,130,5.0
18598,1863,2020,3,Friends,11,3.0
18599,1947,2023,4,Business,117,4.0
18600,1414,2023,1,Family,71,4.0
18601,1324,2023,7,Business,86,3.0
18602,275,2023,7,Family,81,4.0
18603,33,2019,7,Family,108,4.0
18604,1093,2021,9,Family,90,3.0
18605,1411,2021,8,Couples,63,3.0
18606,1493,2020,3,Couples,66,4.0
18607,502,2021,6,Family,11,4.0
18608,1007,2021,1,Business,109,3.0
18609,1725,2022,8,Friends,106,4.0
18610,192,2024,5,Family,86,3.0
18611,768,2022,3,Friends,109,3.0
18612,1890,2024,11,Solo,41,4.0
18613,400,2023,6,Couples,34,4.0
18614,634,2023,1,Family,139,3.0
18615,936,2020,2,Family,144,4.0
18616,1377,2022,4,Family,128,3.0
18617,511,2019,12,Family,8,4.0
18618,1585,2024,2,Solo,83,3.0
18619,472,2020,5,Family,111,3.0
18620,737,2020,5,Friends,6,4.0
18621,1147,2024,8,Family,146,3.0
18622,25,2019,8,Friends,119,4.0
18623,1535,2022,6,Couples,47,4.0
18624,1338,2022,10,Couples,76,3.0
18625,1670,2020,1,Solo,137,4.0
18626,550,2021,5,Friends,129,4.0
18627,796,2023,1,Family,124,3.0
18628,1798,2023,4,Family,148,4.0
18629,134,2022,4,Couples,112,4.0
18630,983,2022,11,Couples,141,4.0
18631,968,2021,9,COUPLES,144,4.0
18632,895,2022,3,Solo,3,3.0
18633,868,2019,8,Couples,99,4.0
18634,1495,2019,10,Family,51,
18635,394,2023,3,Family,75,4.0
18636,1783,2020,7,Family,26,3.0
18637,1793,2023,6,Friends,102,3.0
18638,359,2019,11,Couples,126,4.0
18639,1949,2020,5,Couples,62,5.0
18640,525,2024,9,Family,105,3.0
18641,104,2020,7,Family,49,4.0
18642,797,2024,4,Solo,113,4.0
18643,1592,2020,5,Family,13,4.0
18644,1690,2022,11,Friends,133,3.0
18645,1292,2023,11,Solo,57,3.0
18646,1623,2022,4,Business,76,4.0
18647,523,2020,6,Couples,121,5.0
18648,1758,2023,2,Business,5,3.0
18649,1271,2020,6,Solo,142,4.0
18650,268,2023,11,Couples,93,2.0
18651,258,2021,9,Family,147,4.0
18652,535,2024,6,Family,83,4.0
18653,139,2024,10,Friends,31,4.0
18654,566,2023,7,Couples,88,3.0
18655,1987,2021,6,Business,86,3.0
18656,481,2021,1,Couples,139,
18657,1273,2021,2,Family,87,4.0
18658,1956,2021,7,Family,61,
18659,507,2021,2,Couples,27,
18660,1393,2021,1,Business,49,3.0
18661,901,2023,4,Business,88,2.0
18662,571,2024,7,Solo,56,3.0
18663,1901,2024,9,Business,55,3.0
18664,1314,2022,12,Couples,3,4.0
18665,878,2024,8,Business,142,4.0
18666,1625,2024,12,Business,126,3.0
18667,1801,2021,4,Family,39,4.0
18668,1563,2021,8,Solo,21,3.0
18669,1738,2021,1,Couples,126,4.0
18670,645,2019,2,Friends,126,3.0
18671,689,2020,8,Friends,135,4.0
18672,466,2021,4,Family,83,4.0
18673,1393,2023,7,FRIENDS,111,3.0
18674,1607,2020,12,Couples,110,3.0
18675,1321,2022,10,BUSINESS,33,3.0
18676,1199,2020,5,Family,79,3.0
18677,1543,2021,9,Family,40,4.0
18678,363,2019,12,Couples,114,3.0
18679,732,2022,3,Solo,146,4.0
18680,1415,2019,7,Business,12,2.0
18681,105,2020,9,SOLO,12,3.0
18682,1822,2022,8,Family,40,3.0
18683,343,2023,6,Friends,18,4.0
18684,1574,2021,6,Couples,2,5.0
18685,1234,2020,7,Family,147,4.0
18686,1696,2024,6,Family,88,4.0
18687,1551,2021,5,Family,117,4.0
18688,1032,2020,11,Friends,85,5.0
18689,1513,2019,10,Family,112,5.0
18690,693,2021,8,Business,103,3.0
18691,1168,2020,3,Friends,25,4.0
18692,1831,2021,7,Family,23,5.0
18693,170,2020,3,Family,74,3.0
18694,712,2020,2,Couples,56,4.0
18695,35,2023,3,Family,127,4.0
18696,1069,2021,2,Friends,46,3.0
18697,1565,2023,10,Solo,50,4.0
18698,78,2022,7,Couples,80,3.0
18699,1099,2022,9,Couples,29,3.0
18700,831,2021,12,Family,129,5.0
18701,1566,2021,4,Family,2,3.0
18702,441,2020,3,Family,128,4.0
18703,326,2024,2,Friends,94,3.0
18704,190,2021,1,Solo,134,3.0
18705,815,2024,1,SOLO,45,3.0
18706,976,2023,8,Business,136,3.0
18707,1839,2022,9,Couples,130,5.0
18708,932,2024,4,Couples,69,5.0
18709,344,2022,7,Solo,43,3.0
18710,1399,2023,3,Friends,30,3.0
18711,124,2023,9,Business,23,3.0
18712,691,2022,9,Family,88,3.0
18713,1307,2023,9,Solo,145,4.0
18714,508,2023,7,Couples,85,4.0
18715,1190,2020,11,Family,145,5.0
18716,907,2024,2,Family,114,4.0
18717,1905,2022,5,Business,103,4.0
18718,575,2019,1,Family,109,4.0
18719,1813,2019,10,Solo,140,4.0
18720,1252,2023,1,Business,129,3.0
18721,1499,2023,6,Family,25,
18722,338,2022,3,FRIENDS,88,3.0
18723,39,2022,9,Family,70,4.0
18724,1462,2024,5,Couples,132,3.0
18725,961,2024,7,Friends,31,5.0
18726,618,2023,12,Couples,123,4.0
18727,1793,2019,12,Couples,72,4.0
18728,653,2023,6,Couples,140,4.0
18729,868,2022,5,Solo,119,3.0
18730,1449,2023,4,Friends,52,3.0
18731,1925,2023,9,Business,127,3.0
18732,1798,2023,12,Couples,29,4.0
18733,1305,2024,8,Friends,1,4.0
18734,221,2019,7,Friends,77,4.0
18735,219,2024,12,Couples,59,3.0
18736,1386,2021,3,Friends,19,5.0
18737,1019,2020,1,Business,150,3.0
18738,267,2023,2,Business,6,3.0
18739,1392,2024,8,Solo,89,3.0
18740,1885,2019,11,Family,40,4.0
18741,131,2024,3,Business,45,3.0
18742,1652,2021,9,Family,32,4.0
18743,690,2024,11,Family,59,3.0
18744,796,2019,11,SOLO,101,3.0
18745,1435,2022,10,Business,49,2.0
18746,494,2022,5,Friends,109,4.0
18747,315,2023,8,Friends,68,3.0
18748,1928,2021,7,Friends,118,4.0
18749,697,2019,6,Friends,67,3.0
18750,340,2020,9,Friends,55,4.0
18751,1380,2020,9,Family,77,5.0
18752,434,2024,10,Business,103,3.0
18753,1552,2019,7,Solo,70,3.0
18754,141,2024,8,Couples,136,5.0
18755,1038,2022,4,COUPLES,78,4.0
18756,806,2022,6,Couples,45,5.0
18757,1914,2024,10,Couples,5,3.0
18758,1043,2023,10,Couples,59,3.0
18759,1851,2022,7,Couples,9,
18760,498,2023,7,Family,6,4.0
18761,947,2021,4,Family,56,3.0
18762,1628,2024,5,Solo,44,4.0
18763,321,2023,8,Family,133,3.0
18764,1856,2024,2,Solo,110,4.0
18765,1546,2022,1,Business,119,3.0
18766,1354,2022,8,Couples,82,4.0
18767,487,2021,9,BUSINESS,17,3.0
18768,1637,2024,12,Family,128,4.0
18769,1686,2022,6,Solo,75,4.0
18770,586,2019,2,COUPLES,65,3.0
18771,1175,2022,8,Friends,91,
18772,122,2019,4,Friends,25,5.0
18773,789,2022,2,Business,73,5.0
18774,302,2023,8,Family,91,5.0
18775,1113,2023,9,Business,105,1.0
18776,1098,2019,1,Couples,76,4.0
18777,1066,2021,9,Friends,150,
18778,1355,2021,7,Couples,149,5.0
18779,1850,2021,9,Solo,15,3.0
18780,394,2024,8,Friends,13,3.0
18781,429,2022,6,Couples,78,3.0
18782,431,2021,5,Family,125,3.0
18783,1857,2024,8,Family,77,3.0
18784,186,2022,3,Family,33,4.0
18785,63,2021,7,Family,85,4.0
18786,321,2022,10,Couples,142,5.0
18787,1539,2024,3,Solo,26,4.0
18788,1160,2021,2,Business,67,3.0
18789,1840,2022,1,Family,96,3.0
18790,409,2020,7,Business,59,1.0
18791,789,2019,5,FAMILY,7,3.0
18792,1111,2019,8,Couples,101,4.0
18793,147,2021,10,Business,112,3.0
18794,1838,2023,12,Business,99,3.0
18795,1610,2020,4,Solo,100,2.0
18796,288,2024,2,Business,99,3.0
18797,1686,2019,9,Couples,50,
18798,898,2023,1,Family,3,3.0
18799,673,2020,8,Business,149,2.0
18800,1893,2019,4,Solo,31,3.0
18801,1038,2023,5,Business,125,3.0
18802,455,2022,2,Solo,82,4.0
18803,1619,2022,1,Business,81,3.0
18804,1432,2024,3,Family,4,4.0
18805,385,2022,6,Friends,149,5.0
18806,1355,2024,4,Business,80,2.0
18807,1258,2021,5,Friends,125,3.0
18808,551,2021,2,Family,117,4.0
18809,862,2021,2,Family,21,4.0
18810,1679,2021,9,Couples,143,3.0
18811,349,2024,10,Couples,89,5.0
18812,1445,2022,9,Friends,28,3.0
18813,1663,2024,12,Business,88,3.0
18814,1874,2020,9,Couples,93,4.0
18815,650,2023,2,Couples,98,5.0
18816,534,2019,9,Couples,49,3.0
18817,1869,2020,3,Couples,142,4.0
18818,926,2019,10,Business,36,3.0
18819,1138,2024,8,Couples,74,3.0
18820,1027,2020,11,Family,126,3.0
18821,1030,2023,12,Family,12,3.0
18822,1250,2021,9,Solo,61,3.0
18823,847,2019,12,Family,72,3.0
18824,785,2021,7,Family,116,4.0
18825,802,2021,12,Business,119,3.0
18826,1313,2022,2,Friends,120,4.0
18827,1636,2020,6,Family,54,3.0
18828,1111,2023,10,Friends,74,3.0
18829,1356,2023,12,Couples,5,4.0
18830,827,2019,11,Family,124,3.0
18831,1548,2022,5,Friends,46,3.0
18832,788,2022,8,Couples,71,5.0
18833,843,2020,2,Family,103,3.0
18834,111,2023,2,Business,117,4.0
18835,523,2020,9,Couples,13,4.0
18836,1477,2024,4,Couples,116,3.0
18837,174,2021,7,Couples,57,4.0
18838,448,2021,3,Business,63,4.0
18839,1554,2022,10,Friends,20,3.0
18840,1747,2022,2,Friends,108,3.0
18841,831,2022,8,Friends,72,4.0
18842,814,2023,9,SOLO,16,3.0
18843,1019,2020,10,Family,22,5.0
18844,1541,2023,4,Friends,109,4.0
18845,939,2022,5,Family,17,4.0
18846,347,2020,7,Friends,79,3.0
18847,863,2024,4,Family,105,3.0
18848,510,2024,9,Friends,137,4.0
18849,1368,2020,10,Couples,24,4.0
18850,286,2023,10,Family,45,3.0
18851,1218,2022,6,Family,24,3.0
18852,260,2023,8,Couples,132,3.0
18853,1945,2021,3,Family,89,3.0
18854,1281,2020,3,Couples,148,5.0
18855,278,2020,5,Family,7,3.0
18856,1918,2019,3,Family,106,4.0
18857,1148,2024,10,Family,5,3.0
18858,1214,2020,4,Family,17,4.0
18859,127,2024,12,Family,65,3.0
18860,376,2020,5,Family,56,3.0
18861,1616,2021,10,Solo,55,3.0
18862,936,2024,1,Business,11,3.0
18863,1233,2021,9,Friends,82,5.0
18864,1975,2023,6,Business,52,4.0
18865,857,2019,10,Family,150,3.0
18866,762,2024,3,Couples,119,4.0
18867,1605,2022,3,Friends,66,4.0
18868,133,2023,11,BUSINESS,115,3.0
18869,911,2019,7,Friends,87,3.0
18870,1710,2024,7,Family,75,4.0
18871,456,2021,8,Couples,138,4.0
18872,609,2020,5,Solo,89,3.0
18873,946,2019,12,Couples,73,4.0
18874,149,2019,7,Couples,85,4.0
18875,142,2023,1,Family,118,5.0
18876,503,2020,4,Couples,112,
18877,1796,2024,12,Friends,83,3.0
18878,444,2020,6,Business,27,4.0
18879,1462,2019,9,Family,96,4.0
18880,853,2024,1,Family,65,4.0
18881,1521,2023,1,Friends,140,5.0
18882,661,2022,3,Couples,137,3.0
18883,1749,2023,7,Business,1,4.0
18884,742,2023,8,Friends,150,3.0
18885,1584,2020,1,Business,136,3.0
18886,1663,2021,12,Family,137,4.0
18887,864,2024,8,Friends,75,5.0
18888,1334,2023,5,Solo,41,3.0
18889,238,2022,6,Couples,92,4.0
18890,993,2020,7,Friends,133,4.0
18891,747,2022,10,Friends,68,4.0
18892,1909,2019,2,SOLO,148,3.0
18893,1869,2023,7,Friends,40,3.0
18894,1567,2020,7,Business,128,3.0
18895,1899,2020,10,Solo,10,2.0
18896,1952,2022,5,Business,126,3.0
18897,1536,2019,5,Couples,142,3.0
18898,1188,2023,10,Couples,106,3.0
18899,409,2021,11,Family,94,3.0
18900,1631,2022,10,Couples,62,3.0
18901,389,2023,11,Business,132,3.0
18902,371,2023,2,Friends,19,3.0
18903,1760,2024,8,Family,44,4.0
18904,229,2020,9,Family,20,2.0
18905,284,2021,4,Friends,42,4.0
18906,1022,2019,6,Solo,79,4.0
18907,1169,2020,12,Couples,51,3.0
18908,92,2022,2,Couples,64,4.0
18909,757,2019,10,Solo,35,2.0
18910,451,2021,4,Family,53,3.0
18911,605,2024,11,Couples,75,4.0
18912,362,2019,7,Couples,33,4.0
18913,1355,2020,1,Solo,141,5.0
18914,946,2020,2,Family,135,4.0
18915,1920,2024,10,FRIENDS,132,4.0
18916,17,2023,10,Family,1,3.0
18917,1556,2020,3,Family,75,4.0
18918,1820,2023,8,Friends,120,3.0
18919,973,2019,7,Couples,53,5.0
18920,1399,2023,1,Friends,35,4.0
18921,882,2020,9,Family,92,4.0
18922,1191,2023,2,Friends,1,2.0
18923,1816,2021,5,Family,92,2.0
18924,1061,2023,1,Couples,68,5.0
18925,1157,2021,3,Friends,103,5.0
18926,1974,2022,12,Friends,103,4.0
18927,994,2024,7,Friends,81,5.0
18928,347,2023,9,Family,88,3.0
18929,1366,2022,4,Family,5,3.0
18930,1386,2024,1,Business,148,4.0
18931,475,2019,8,Business,12,3.0
18932,1458,2023,3,Solo,147,3.0
18933,128,2022,2,Friends,147,4.0
18934,641,2020,6,Family,108,4.0
18935,1711,2021,5,Family,112,3.0
18936,1236,2021,2,Business,5,2.0
18937,1215,2023,8,Family,143,4.0
18938,1242,2022,6,Solo,80,4.0
18939,330,2023,12,Family,51,
18940,1923,2022,2,Family,101,4.0
18941,597,2024,6,Couples,81,3.0
18942,1573,2023,10,Business,55,3.0
18943,1980,2022,6,Couples,49,5.0
18944,482,2019,3,Business,18,3.0
18945,1269,2021,12,Family,137,4.0
18946,85,2019,4,Solo,100,4.0
18947,1273,2021,12,Couples,44,4.0
18948,883,2024,11,Friends,109,3.0
18949,145,2021,9,Business,105,3.0
18950,1345,2023,10,Family,21,3.0
18951,1938,2021,7,Family,27,4.0
18952,167,2022,9,COUPLES,35,4.0
18953,1786,2019,4,Business,16,3.0
18954,1688,2023,1,Couples,124,4.0
18955,1096,2020,8,Business,24,3.0
18956,1803,2021,10,Friends,122,4.0
18957,619,2024,11,Business,80,3.0
18958,1441,2020,10,Business,18,4.0
18959,1397,2024,12,Friends,127,
18960,1161,2023,8,COUPLES,27,5.0
18961,1667,2019,3,Couples,150,4.0
18962,1753,2021,3,COUPLES,3,4.0
18963,1573,2024,4,FRIENDS,94,4.0
18964,1177,2021,12,Solo,48,3.0
18965,1955,2023,11,Solo,81,4.0
18966,1112,2024,9,Couples,126,3.0
18967,1274,2019,11,Couples,119,4.0
18968,378,2023,5,FRIENDS,43,5.0
18969,643,2024,9,Friends,10,3.0
18970,1810,2022,3,Couples,43,4.0
18971,996,2024,2,Family,122,4.0
18972,1023,2023,8,Couples,78,3.0
18973,1633,2022,9,Business,114,2.0
18974,653,2019,8,Family,75,3.0
18975,531,2023,6,Friends,80,3.0
18976,18,2024,8,Friends,10,3.0
18977,463,2020,5,Business,4,3.0
18978,1025,2019,4,Couples,106,5.0
18979,1450,2022,4,Business,31,3.0
18980,659,2024,5,Couples,55,4.0
18981,889,2023,4,Couples,56,3.0
18982,444,2023,2,Business,95,4.0
18983,1634,2022,7,Friends,142,4.0
18984,1050,2021,5,Friends,114,4.0
18985,288,2020,2,Solo,96,2.0
18986,1220,2023,11,Friends,126,3.0
18987,672,2022,7,FRIENDS,77,5.0
18988,1731,2023,2,Friends,22,3.0
18989,537,2024,1,Family,74,3.0
18990,1730,2024,2,Couples,147,4.0
18991,1396,2024,5,Couples,117,4.0
18992,271,2021,3,Family,53,4.0
18993,1519,2019,12,Family,49,4.0
18994,1442,2022,6,Business,138,3.0
18995,913,2021,9,Family,15,3.0
18996,322,2024,3,Friends,140,4.0
18997,957,2019,1,Business,102,4.0
18998,1218,2024,5,Couples,122,3.0
18999,265,2022,9,Solo,50,4.0
19000,683,2019,10,Couples,98,4.0
19001,1404,2020,3,Business,49,3.0
19002,1106,2019,4,Family,3,3.0
19003,1985,2024,6,Solo,69,2.0
19004,434,2022,5,Couples,147,4.0
19005,1556,2022,4,Couples,37,3.0
19006,851,2022,12,Family,25,4.0
19007,447,2021,12,Family,139,4.0
19008,1903,2020,5,Friends,137,3.0
19009,1247,2023,1,Solo,128,3.0
19010,1071,2019,5,Friends,147,3.0
19011,590,2020,11,Couples,149,4.0
19012,1763,2024,11,Friends,138,4.0
19013,61,2019,9,Family,145,4.0
19014,231,2024,9,Family,112,4.0
19015,360,2019,5,Family,48,4.0
19016,1307,2021,6,Family,69,5.0
19017,206,2022,11,Family,58,4.0
19018,1595,2019,3,Friends,77,4.0
19019,392,2024,5,BUSINESS,105,2.0
19020,1353,2024,11,Family,37,3.0
19021,1592,2020,9,Couples,3,4.0
19022,1758,2020,2,Couples,91,5.0
19023,586,2023,10,Family,150,3.0
19024,150,2021,1,Solo,130,4.0
19025,1515,2019,4,Couples,2,4.0
19026,898,2023,12,Friends,90,4.0
19027,1898,2021,1,Couples,80,3.0
19028,377,2021,3,Couples,64,4.0
19029,1149,2022,11,Family,101,4.0
19030,239,2022,9,Business,64,4.0
19031,971,2023,3,FRIENDS,138,4.0
19032,3,2023,5,FAMILY,137,5.0
19033,1501,2024,12,Family,97,4.0
19034,1210,2024,8,Friends,69,4.0
19035,195,2022,4,Family,90,4.0
19036,999,2022,2,Family,136,4.0
19037,857,2021,5,COUPLES,46,3.0
19038,1348,2022,4,Friends,131,3.0
19039,998,2019,6,Friends,89,3.0
19040,918,2021,1,Family,10,3.0
19041,1663,2020,6,Business,113,3.0
19042,1039,2022,3,Friends,31,4.0
19043,1629,2024,12,Family,78,5.0
19044,1771,2021,4,Couples,143,3.0
19045,1697,2022,3,Family,117,4.0
19046,1912,2021,4,Family,105,3.0
19047,1396,2021,8,Friends,11,3.0
19048,1124,2023,9,Family,129,5.0
19049,1062,2020,4,Family,51,4.0
19050,410,2024,9,Friends,8,4.0
19051,1656,2019,2,Friends,144,4.0
19052,1387,2020,3,Business,29,5.0
19053,1747,2023,4,BUSINESS,49,3.0
19054,1403,2019,9,Family,22,5.0
19055,961,2021,7,Friends,94,4.0
19056,591,2021,6,Business,131,4.0
19057,1972,2024,8,Friends,78,3.0
19058,1468,2019,3,Business,131,3.0
19059,1750,2021,4,Family,141,4.0
19060,1171,2021,9,Friends,131,5.0
19061,1021,2023,12,Business,25,3.0
19062,69,2022,1,Friends,31,4.0
19063,139,2019,5,Friends,45,4.0
19064,1414,2024,11,Business,96,3.0
19065,449,2019,10,Couples,130,5.0
19066,165,2023,4,Friends,47,3.0
19067,1553,2020,1,Solo,100,4.0
19068,1242,2019,7,Family,29,4.0
19069,223,2020,9,Business,82,4.0
19070,1000,2024,4,Couples,117,4.0
19071,940,2024,4,Couples,60,4.0
19072,8,2022,9,Family,25,2.0
19073,1210,2023,7,Friends,62,3.0
19074,794,2024,4,Family,115,3.0
19075,1757,2021,11,Friends,141,4.0
19076,232,2023,11,Business,93,3.0
19077,1695,2022,9,Couples,101,3.0
19078,13,2020,12,Couples,63,4.0
19079,1529,2022,5,Friends,140,4.0
19080,1566,2019,2,Family,131,4.0
19081,816,2022,9,Friends,146,4.0
19082,562,2020,7,Couples,130,4.0
19083,285,2019,5,Friends,83,5.0
19084,680,2023,4,Family,145,4.0
19085,1340,2021,1,Couples,92,4.0
19086,1450,2021,3,Friends,91,4.0
19087,363,2019,8,Couples,99,4.0
19088,23,2019,3,FRIENDS,28,3.0
19089,1123,2024,12,Family,126,4.0
19090,1162,2022,6,Family,55,4.0
19091,1962,2021,2,Family,99,4.0
19092,1523,2022,8,Solo,127,4.0
19093,1101,2023,9,Family,18,3.0
19094,1184,2019,3,Business,46,4.0
19095,1292,2024,11,Solo,142,3.0
19096,904,2022,9,Couples,55,4.0
19097,1356,2020,8,Family,100,4.0
19098,391,2020,2,Friends,85,5.0
19099,1661,2019,6,Business,131,2.0
19100,1724,2020,12,Couples,77,5.0
19101,870,2021,3,Friends,64,5.0
19102,914,2020,12,Business,3,4.0
19103,996,2023,3,Family,72,4.0
19104,1635,2020,8,Couples,88,4.0
19105,352,2021,5,Couples,104,5.0
19106,684,2022,1,Friends,118,3.0
19107,1230,2019,8,Solo,117,4.0
19108,1387,2020,6,Family,69,4.0
19109,592,2019,4,Couples,12,5.0
19110,235,2023,3,Business,39,4.0
19111,1016,2023,6,Family,62,4.0
19112,1278,2019,2,Friends,147,2.0
19113,1534,2023,8,Friends,116,3.0
19114,6,2023,2,Couples,135,4.0
19115,36,2019,3,Couples,149,4.0
19116,774,2019,7,Family,20,2.0
19117,1128,2023,9,Friends,2,
19118,8,2020,5,Family,87,3.0
19119,347,2021,8,Family,40,3.0
19120,838,2022,12,Friends,131,4.0
19121,559,2019,8,Business,70,4.0
19122,1422,2021,10,Family,2,3.0
19123,70,2021,6,Business,34,3.0
19124,1777,2023,4,Couples,52,3.0
19125,339,2023,5,Business,5,3.0
19126,882,2020,5,Family,48,4.0
19127,1974,2022,7,Solo,81,3.0
19128,1326,2021,2,Business,134,3.0
19129,1998,2021,10,Family,98,5.0
19130,40,2023,2,Friends,14,3.0
19131,1440,2020,9,Friends,63,4.0
19132,152,2022,6,FAMILY,116,3.0
19133,1224,2021,9,Friends,56,5.0
19134,652,2022,3,Business,85,4.0
19135,1555,2021,3,Friends,148,3.0
19136,249,2024,4,Friends,21,3.0
19137,1794,2021,10,Family,72,3.0
19138,962,2019,4,Business,92,5.0
19139,1039,2021,5,Couples,120,4.0
19140,1143,2020,2,Couples,126,5.0
19141,71,2021,3,Business,44,4.0
19142,621,2024,11,Friends,71,3.0
19143,1419,2019,2,Couples,125,3.0
19144,1922,2019,11,Couples,126,4.0
19145,1970,2020,10,Friends,124,3.0
19146,1072,2021,12,Couples,101,4.0
19147,517,2019,8,Family,41,4.0
19148,956,2023,9,Business,56,1.0
19149,927,2022,11,Solo,99,4.0
19150,795,2023,9,Solo,39,4.0
19151,723,2021,7,Couples,103,3.0
19152,1737,2024,6,Couples,78,4.0
19153,781,2023,11,Friends,67,4.0
19154,59,2024,4,Friends,54,3.0
19155,1443,2019,7,Couples,117,4.0
19156,1331,2023,1,Family,70,4.0
19157,757,2021,8,Couples,47,5.0
19158,1260,2020,2,Couples,58,3.0
19159,1883,2020,1,FAMILY,73,5.0
19160,1849,2020,4,Couples,93,4.0
19161,1580,2019,9,FAMILY,149,4.0
19162,1167,2021,10,Couples,52,4.0
19163,56,2023,8,Business,27,3.0
19164,1025,2021,8,Business,147,3.0
19165,1638,2019,3,Couples,23,4.0
19166,1690,2023,2,Family,136,4.0
19167,1546,2020,2,Couples,22,5.0
19168,1974,2024,1,Family,55,4.0
19169,1033,2021,5,Friends,150,3.0
19170,220,2019,9,Friends,25,5.0
19171,994,2020,1,Solo,24,3.0
19172,638,2023,5,Couples,92,4.0
19173,1672,2024,8,Solo,29,4.0
19174,1555,2021,1,Friends,4,2.0
19175,850,2024,7,COUPLES,105,3.0
19176,777,2020,5,Couples,144,4.0
19177,319,2021,12,Couples,114,4.0
19178,87,2021,6,Friends,145,4.0
19179,626,2020,7,Family,80,2.0
19180,483,2021,11,COUPLES,93,3.0
19181,531,2021,9,Friends,148,3.0
19182,1997,2023,7,Friends,76,3.0
19183,1363,2021,8,Family,6,4.0
19184,1103,2019,5,Couples,36,4.0
19185,358,2021,9,Couples,94,4.0
19186,1683,2024,4,Friends,129,3.0
19187,1290,2019,4,Friends,91,4.0
19188,1030,2024,10,Family,61,3.0
19189,932,2019,5,Friends,49,3.0
19190,1106,2019,7,Couples,103,4.0
19191,1680,2019,2,Family,135,3.0
19192,1441,2020,5,Couples,42,4.0
19193,970,2021,8,Solo,83,3.0
19194,1336,2023,7,Family,65,3.0
19195,1860,2022,4,Couples,37,3.0
19196,653,2022,1,Couples,61,3.0
19197,1801,2024,7,SOLO,14,4.0
19198,1214,2019,5,Solo,80,3.0
19199,371,2020,12,Friends,17,4.0
19200,1934,2024,1,FAMILY,72,3.0
19201,1373,2023,9,Family,135,2.0
19202,772,2019,5,Friends,22,4.0
19203,430,2020,4,Business,38,2.0
19204,1832,2021,9,Business,109,3.0
19205,1647,2019,7,Couples,137,4.0
19206,90,2022,1,Couples,144,4.0
19207,1272,2022,8,Family,19,4.0
19208,230,2021,3,COUPLES,36,3.0
19209,589,2020,11,Family,148,3.0
19210,1137,2021,3,Friends,76,3.0
19211,499,2024,10,Friends,126,5.0
19212,1025,2023,4,Family,3,4.0
19213,860,2024,4,Couples,18,4.0
19214,1163,2022,1,Couples,31,5.0
19215,1602,2019,12,Family,13,4.0
19216,311,2019,7,Business,134,3.0
19217,1593,2020,2,Friends,121,4.0
19218,445,2022,1,Family,59,4.0
19219,67,2020,4,FAMILY,12,4.0
19220,893,2020,6,Family,16,4.0
19221,605,2024,1,Business,40,2.0
19222,370,2019,5,Friends,110,3.0
19223,846,2019,4,Family,121,4.0
19224,1738,2021,11,Family,81,4.0
19225,1172,2023,5,Friends,137,4.0
19226,1456,2023,2,Couples,140,5.0
19227,300,2020,3,Family,116,3.0
19228,152,2020,10,Friends,12,3.0
19229,671,2022,1,Solo,134,4.0
19230,1549,2024,2,Friends,137,3.0
19231,1772,2020,1,Business,84,4.0
19232,204,2024,1,Family,90,4.0
19233,954,2023,12,Family,117,4.0
19234,794,2020,12,Business,89,3.0
19235,1489,2023,9,Friends,52,4.0
19236,412,2022,2,Couples,105,4.0
19237,970,2019,9,FAMILY,118,2.0
19238,1700,2021,10,Couples,22,5.0
19239,930,2020,10,Couples,102,4.0
19240,1563,2019,9,Couples,26,5.0
19241,1244,2021,9,Couples,87,4.0
19242,1195,2023,6,Solo,17,
19243,519,2022,1,Friends,149,4.0
19244,1985,2019,10,Business,101,4.0
19245,500,2023,12,Couples,71,3.0
19246,1862,2019,7,Solo,76,3.0
19247,1979,2021,6,Family,93,4.0
19248,1023,2022,12,Family,19,4.0
19249,1738,2024,6,Family,77,3.0
19250,1431,2023,5,Couples,108,4.0
19251,1476,2020,11,Couples,40,3.0
19252,138,2021,12,Couples,72,5.0
19253,275,2024,3,Friends,50,3.0
19254,140,2020,4,Couples,25,4.0
19255,61,2024,4,Family,147,3.0
19256,1672,2022,2,Solo,89,3.0
19257,351,2022,11,Family,59,3.0
19258,13,2022,12,Couples,51,4.0
19259,1876,2024,7,Family,102,4.0
19260,558,2023,9,Couples,17,3.0
19261,1633,2021,6,Friends,86,3.0
19262,1922,2022,12,Family,35,4.0
19263,1047,2023,12,Couples,134,4.0
19264,1854,2022,9,Family,118,3.0
19265,1938,2019,11,Family,114,3.0
19266,289,2024,2,Friends,22,5.0
19267,294,2020,11,Couples,13,4.0
19268,740,2022,6,Family,69,3.0
19269,1119,2022,3,SOLO,54,3.0
19270,1573,2019,12,Couples,109,4.0
19271,367,2024,11,Friends,107,5.0
19272,387,2019,2,Family,60,4.0
19273,613,2024,8,Business,25,3.0
19274,543,2024,11,Solo,49,3.0
19275,1881,2022,9,Friends,76,3.0
19276,792,2024,6,Family,39,4.0
19277,1737,2024,1,Family,48,4.0
19278,112,2024,6,Couples,37,4.0
19279,204,2023,7,Couples,10,4.0
19280,1608,2024,11,Friends,91,4.0
19281,500,2023,3,Family,150,4.0
19282,166,2024,3,Couples,143,4.0
19283,1190,2019,12,Friends,140,3.0
19284,295,2021,11,Family,99,4.0
19285,123,2021,7,Couples,113,5.0
19286,813,2024,6,Couples,10,2.0
19287,1101,2021,8,Solo,31,3.0
19288,1055,2021,2,Couples,106,5.0
19289,1169,2023,3,Couples,149,5.0
19290,48,2022,7,Family,137,4.0
19291,582,2022,6,Family,95,4.0
19292,687,2024,3,Family,17,5.0
19293,587,2023,7,Solo,145,3.0
19294,1119,2023,8,Couples,48,3.0
19295,459,2024,10,Business,7,3.0
19296,1264,2019,8,Solo,116,3.0
19297,1872,2022,8,Couples,27,4.0
19298,1322,2019,7,Solo,46,4.0
19299,778,2023,2,Friends,102,5.0
19300,870,2019,5,Friends,145,4.0
19301,1171,2022,6,Business,137,3.0
19302,1448,2023,7,Business,25,3.0
19303,604,2022,4,Couples,27,4.0
19304,77,2019,9,Family,122,4.0
19305,1406,2021,7,FRIENDS,48,4.0
19306,1324,2023,4,Couples,12,3.0
19307,203,2024,6,BUSINESS,89,3.0
19308,1254,2024,9,Business,99,3.0
19309,144,2023,1,Family,150,4.0
19310,1287,2020,5,BUSINESS,73,3.0
19311,1489,2023,3,Friends,120,3.0
19312,32,2020,4,Couples,81,3.0
19313,1454,2020,8,Family,139,4.0
19314,241,2020,3,Friends,74,3.0
19315,531,2021,7,Family,102,3.0
19316,1410,2024,5,Friends,145,4.0
19317,711,2024,1,Friends,132,4.0
19318,1955,2024,11,Couples,61,4.0
19319,1915,2024,8,Business,77,4.0
19320,1974,2019,4,Friends,89,3.0
19321,209,2024,7,Family,19,4.0
19322,353,2024,12,Solo,36,3.0
19323,367,2023,2,Business,107,4.0
19324,1171,2019,11,Solo,11,5.0
19325,861,2023,1,Solo,91,3.0
19326,1492,2023,11,COUPLES,73,4.0
19327,565,2019,5,Business,73,4.0
19328,400,2020,4,Couples,127,3.0
19329,1299,2023,10,Family,42,4.0
19330,1235,2020,2,Couples,119,4.0
19331,1382,2021,2,Business,118,3.0
19332,625,2022,6,Friends,149,3.0
19333,1053,2024,12,Couples,124,4.0
19334,1857,2020,4,Friends,77,5.0
19335,1223,2019,7,COUPLES,55,3.0
19336,1865,2024,5,Friends,118,2.0
19337,867,2024,10,Couples,140,5.0
19338,90,2024,11,Business,43,3.0
19339,1521,2021,12,Friends,56,3.0
19340,921,2023,4,Couples,75,3.0
19341,85,2019,4,Couples,17,3.0
19342,278,2022,12,Family,48,4.0
19343,626,2022,7,Family,25,4.0
19344,382,2022,4,Family,116,3.0
19345,1369,2023,5,Business,75,3.0
19346,1223,2024,3,Solo,91,5.0
19347,660,2023,2,Business,12,4.0
19348,170,2019,5,Friends,87,3.0
19349,158,2023,10,Friends,108,5.0
19350,1892,2023,8,Couples,104,3.0
19351,691,2022,1,Family,120,4.0
19352,215,2022,1,FAMILY,18,5.0
19353,1423,2019,11,Family,83,3.0
19354,1740,2020,10,Friends,73,4.0
19355,244,2024,10,Family,135,3.0
19356,1890,2019,11,Friends,104,3.0
19357,1450,2024,8,Couples,144,4.0
19358,505,2020,5,Family,4,3.0
19359,1551,2023,8,Family,68,3.0
19360,840,2020,8,Solo,106,4.0
19361,1271,2019,11,Friends,14,2.0
19362,254,2022,7,Business,98,3.0
19363,489,2023,1,Friends,35,3.0
19364,1547,2019,8,Family,12,3.0
19365,1611,2020,9,Friends,99,5.0
19366,22,2020,12,Couples,64,4.0
19367,429,2024,3,Friends,61,3.0
19368,1216,2020,11,Business,49,3.0
19369,1812,2019,1,Friends,103,4.0
19370,1349,2024,9,Family,93,3.0
19371,1414,2019,4,Business,101,3.0
19372,778,2021,2,Friends,119,4.0
19373,110,2020,4,Couples,91,4.0
19374,1532,2020,7,Couples,12,5.0
19375,1599,2023,3,Family,24,3.0
19376,887,2019,7,Couples,149,5.0
19377,1013,2022,9,Couples,43,4.0
19378,471,2022,11,Family,65,4.0
19379,906,2023,7,Couples,57,4.0
19380,484,2019,8,Business,149,4.0
19381,842,2021,12,Couples,124,4.0
19382,269,2019,1,Family,73,4.0
19383,1214,2024,10,Family,103,5.0
19384,496,2024,12,Family,83,3.0
19385,1450,2021,10,Solo,97,2.0
19386,1036,2022,12,Couples,144,4.0
19387,1792,2019,11,Friends,101,4.0
19388,443,2024,8,Family,17,4.0
19389,546,2023,10,Family,76,3.0
19390,487,2019,5,Family,123,3.0
19391,1262,2022,2,Business,6,3.0
19392,214,2020,2,Family,54,3.0
19393,1373,2022,3,FAMILY,31,4.0
19394,1639,2022,9,Couples,109,3.0
19395,1350,2021,5,Couples,22,4.0
19396,270,2021,10,Friends,94,3.0
19397,987,2023,4,Friends,10,3.0
19398,1067,2019,10,Family,139,4.0
19399,783,2019,11,FRIENDS,48,3.0
19400,933,2021,4,Friends,62,4.0
19401,1525,2021,7,Family,119,3.0
19402,1670,2020,7,Family,57,4.0
19403,601,2021,11,Business,18,3.0
19404,660,2019,5,Business,136,3.0
19405,417,2023,5,Family,17,3.0
19406,804,2023,10,Family,75,4.0
19407,1092,2020,11,Couples,19,3.0
19408,1428,2022,1,Family,105,3.0
19409,536,2020,1,BUSINESS,41,2.0
19410,433,2021,12,Friends,140,4.0
19411,67,2020,6,Couples,31,4.0
19412,188,2024,7,Family,101,4.0
19413,104,2021,11,Solo,3,
19414,415,2022,5,FAMILY,17,3.0
19415,1391,2020,6,Family,42,5.0
19416,1549,2024,11,Business,133,3.0
19417,1947,2023,9,Business,150,2.0
19418,1091,2019,9,Solo,93,3.0
19419,910,2020,5,Friends,51,3.0
19420,1799,2022,9,Friends,47,4.0
19421,295,2021,10,Solo,32,3.0
19422,1261,2023,11,Business,52,
19423,1637,2022,8,Friends,75,4.0
19424,1006,2022,11,Business,103,3.0
19425,523,2021,10,Family,35,4.0
19426,1242,2024,9,Friends,6,4.0
19427,1992,2023,7,Family,84,4.0
19428,472,2023,6,Couples,37,4.0
19429,1127,2022,8,Friends,61,2.0
19430,102,2022,11,Family,107,4.0
19431,466,2023,7,Solo,135,4.0
19432,1535,2020,9,Family,81,3.0
19433,993,2022,7,Couples,140,4.0
19434,399,2019,8,Friends,41,4.0
19435,671,2021,9,Friends,107,4.0
19436,242,2020,1,Business,147,4.0
19437,1559,2020,2,Family,33,4.0
19438,1886,2022,1,BUSINESS,111,3.0
19439,212,2021,10,Friends,72,4.0
19440,476,2021,11,Family,133,3.0
19441,1715,2024,5,Couples,46,4.0
19442,1758,2021,1,Business,145,3.0
19443,1535,2019,1,Couples,120,5.0
19444,1431,2023,6,Couples,106,4.0
19445,1723,2020,8,Solo,5,3.0
19446,747,2024,4,Solo,13,3.0
19447,1790,2022,8,Family,100,4.0
19448,1774,2020,2,Solo,72,4.0
19449,460,2022,9,Friends,49,4.0
19450,147,2024,4,Friends,127,5.0
19451,1043,2024,12,COUPLES,73,4.0
19452,1517,2021,10,FRIENDS,69,3.0
19453,1700,2019,6,Solo,49,3.0
19454,285,2019,12,Friends,148,4.0
19455,755,2024,12,Family,55,3.0
19456,1536,2022,3,Business,39,4.0
19457,121,2023,7,Couples,102,4.0
19458,1446,2023,8,Family,6,5.0
19459,584,2023,5,Business,90,4.0
19460,45,2022,12,Family,85,4.0
19461,484,2021,9,Friends,37,3.0
19462,1484,2020,10,Friends,116,3.0
19463,1741,2020,3,Friends,7,3.0
19464,163,2023,11,Family,148,3.0
19465,928,2019,12,Couples,129,3.0
19466,403,2019,11,Family,27,4.0
19467,1368,2023,6,Friends,74,3.0
19468,1562,2022,12,Family,30,3.0
19469,1925,2019,1,Friends,93,3.0
19470,710,2019,3,Couples,53,3.0
19471,599,2020,8,Family,74,4.0
19472,620,2019,10,Friends,144,3.0
19473,1523,2020,2,Friends,93,5.0
19474,891,2023,4,Family,131,4.0
19475,46,2024,2,Family,95,2.0
19476,1896,2020,2,Solo,72,3.0
19477,209,2020,1,Family,3,4.0
19478,1857,2023,12,Business,14,3.0
19479,324,2021,11,Family,80,3.0
19480,1077,2020,8,Family,76,5.0
19481,625,2023,1,Friends,76,3.0
19482,1374,2021,9,Business,127,3.0
19483,806,2024,7,Family,15,4.0
19484,735,2024,10,Family,99,3.0
19485,955,2023,6,Family,112,4.0
19486,1942,2024,1,Couples,97,4.0
19487,491,2022,11,Friends,36,5.0
19488,440,2022,11,Friends,61,3.0
19489,133,2019,11,Business,9,3.0
19490,1478,2020,8,Friends,27,4.0
19491,1356,2019,12,Family,121,5.0
19492,1218,2024,1,FAMILY,93,4.0
19493,48,2020,5,Friends,130,4.0
19494,1582,2022,4,Business,104,3.0
19495,1619,2021,6,Couples,37,4.0
19496,1891,2023,1,Friends,122,3.0
19497,1859,2021,10,Business,104,3.0
19498,527,2024,4,Solo,29,3.0
19499,1421,2022,2,Family,1,3.0
19500,806,2020,3,Business,115,3.0
19501,1192,2021,2,Couples,109,3.0
19502,665,2021,9,Business,14,3.0
19503,1315,2023,12,Friends,70,4.0
19504,1906,2020,2,Couples,138,4.0
19505,1305,2019,1,Family,119,3.0
19506,1842,2023,11,Friends,123,4.0
19507,1864,2024,5,Solo,59,4.0
19508,238,2020,2,Friends,19,4.0
19509,1929,2024,3,Family,53,4.0
19510,1637,2019,9,Business,104,3.0
19511,854,2021,2,Couples,127,4.0
19512,1201,2019,5,Couples,97,3.0
19513,1235,2021,12,Solo,6,3.0
19514,1573,2022,6,Friends,89,3.0
19515,1606,2024,2,Couples,29,5.0
19516,205,2024,10,Family,92,4.0
19517,3,2024,6,Couples,62,5.0
19518,493,2022,5,Family,80,4.0
19519,1055,2021,4,Business,90,3.0
19520,1699,2024,10,Friends,96,3.0
19521,1306,2019,6,Family,1,4.0
19522,272,2023,6,Family,145,4.0
19523,1435,2024,10,Couples,87,4.0
19524,937,2019,5,Family,77,5.0
19525,738,2022,8,Family,57,4.0
19526,1544,2024,3,Business,16,4.0
19527,592,2023,7,Business,95,3.0
19528,1238,2024,6,Family,55,3.0
19529,365,2020,7,Family,137,5.0
19530,764,2022,5,Family,99,4.0
19531,1116,2023,2,Friends,67,4.0
19532,1247,2019,12,Solo,5,4.0
19533,1839,2022,5,Friends,84,4.0
19534,581,2024,9,Business,127,4.0
19535,1792,2021,11,Couples,70,5.0
19536,1634,2023,6,Friends,98,4.0
19537,720,2023,10,Solo,18,3.0
19538,281,2020,6,Solo,62,4.0
19539,516,2021,1,Family,119,4.0
19540,1316,2021,11,Friends,64,4.0
19541,1578,2021,11,COUPLES,133,3.0
19542,1225,2022,7,Couples,62,
19543,1450,2022,10,Business,122,3.0
19544,204,2021,9,Couples,97,3.0
19545,1011,2022,10,Friends,143,4.0
19546,1748,2022,1,Couples,80,4.0
19547,779,2024,10,Friends,71,2.0
19548,1798,2023,3,Friends,54,3.0
19549,248,2022,12,Friends,98,4.0
19550,1958,2020,12,Solo,148,3.0
19551,1571,2020,1,Friends,26,5.0
19552,1253,2020,8,Family,141,4.0
19553,1235,2020,5,Friends,147,5.0
19554,1873,2024,4,Couples,116,3.0
19555,754,2022,12,Friends,88,2.0
19556,330,2024,5,SOLO,130,4.0
19557,1838,2019,7,Family,40,3.0
19558,206,2023,4,Business,96,3.0
19559,1320,2022,9,Couples,121,5.0
19560,532,2023,4,Business,121,3.0
19561,1859,2021,5,Family,88,
19562,1948,2022,9,Friends,58,4.0
19563,949,2021,3,Business,143,4.0
19564,1067,2023,10,Family,102,3.0
19565,910,2020,12,Family,116,3.0
19566,851,2022,9,Solo,94,3.0
19567,1875,2021,5,COUPLES,132,3.0
19568,575,2023,3,Family,72,4.0
19569,1920,2019,7,Business,82,4.0
19570,1301,2020,6,Couples,121,4.0
19571,1922,2022,3,Couples,78,4.0
19572,1225,2021,5,Couples,37,4.0
19573,1638,2020,12,Business,114,3.0
19574,980,2024,3,Couples,57,3.0
19575,925,2024,4,Business,16,4.0
19576,515,2019,5,Solo,56,3.0
19577,421,2022,11,Solo,9,3.0
19578,76,2023,5,Friends,132,3.0
19579,767,2023,4,Business,148,3.0
19580,1976,2020,4,Couples,40,4.0
19581,1877,2024,12,Family,138,3.0
19582,1381,2022,5,Couples,107,4.0
19583,728,2024,5,Friends,144,3.0
19584,1041,2023,5,Family,25,5.0
19585,1514,2024,11,Couples,10,4.0
19586,5,2019,9,Business,139,4.0
19587,1847,2020,8,Family,41,3.0
19588,1741,2022,3,Friends,90,4.0
19589,1941,2020,2,Family,136,4.0
19590,189,2020,2,COUPLES,52,4.0
19591,1896,2023,4,Family,14,3.0
19592,1227,2024,10,Family,119,3.0
19593,1111,2022,10,Friends,68,4.0
19594,360,2022,10,Family,4,4.0
19595,984,2022,9,FRIENDS,52,4.0
19596,727,2021,7,Couples,80,5.0
19597,1976,2023,5,Business,132,3.0
19598,680,2023,9,Friends,34,4.0
19599,437,2019,3,SOLO,78,2.0
19600,1893,2020,1,Solo,28,3.0
19601,376,2020,10,Friends,44,4.0
19602,1809,2023,6,Family,40,3.0
19603,1927,2022,8,Couples,79,3.0
19604,615,2023,12,SOLO,100,3.0
19605,1379,2022,9,FAMILY,17,4.0
19606,1594,2022,10,Friends,12,3.0
19607,1073,2023,6,Family,110,4.0
19608,1394,2019,4,Friends,45,5.0
19609,265,2023,5,Family,93,3.0
19610,1033,2024,11,Couples,12,4.0
19611,1027,2020,5,Solo,91,3.0
19612,1133,2023,12,Couples,137,4.0
19613,1889,2019,1,Couples,66,3.0
19614,1650,2019,4,Couples,87,4.0
19615,1206,2021,12,Couples,45,4.0
19616,807,2024,7,Friends,43,4.0
19617,810,2021,5,Family,10,5.0
19618,41,2021,3,Friends,72,4.0
19619,1103,2023,6,Couples,143,4.0
19620,505,2023,12,Couples,18,4.0
19621,1773,2023,5,Friends,63,4.0
19622,1548,2019,6,Couples,126,4.0
19623,1826,2024,5,Business,75,3.0
19624,1992,2020,11,Business,115,2.0
19625,801,2022,9,Couples,57,4.0
19626,857,2023,8,Family,91,4.0
19627,1217,2020,9,Business,149,3.0
19628,862,2023,5,Family,90,5.0
19629,559,2022,10,Friends,120,5.0
19630,1415,2019,8,Friends,105,3.0
19631,903,2020,1,Family,15,4.0
19632,1884,2023,5,Family,25,3.0
19633,440,2019,11,Solo,92,3.0
19634,888,2021,4,BUSINESS,53,3.0
19635,1063,2021,12,Friends,73,4.0
19636,1816,2021,10,Couples,73,4.0
19637,1157,2021,12,Friends,120,3.0
19638,139,2024,10,Family,149,4.0
19639,676,2019,2,Business,150,2.0
19640,1773,2024,3,Friends,12,4.0
19641,545,2023,6,Business,112,3.0
19642,682,2024,5,Friends,109,4.0
19643,303,2022,12,Family,130,3.0
19644,1439,2024,11,Couples,65,4.0
19645,280,2019,10,Family,76,4.0
19646,736,2023,12,Family,68,3.0
19647,1423,2023,1,Couples,57,3.0
19648,1791,2024,9,Friends,38,4.0
19649,444,2019,11,Business,97,4.0
19650,665,2022,12,Business,3,2.0
19651,236,2022,11,Couples,113,4.0
19652,876,2019,10,Friends,127,4.0
19653,1998,2022,10,Couples,35,4.0
19654,609,2021,2,Friends,33,4.0
19655,520,2021,5,Friends,76,2.0
19656,800,2023,11,Family,127,4.0
19657,1793,2023,8,Family,18,4.0
19658,1095,2022,4,COUPLES,65,3.0
19659,1219,2021,9,Couples,33,5.0
19660,1562,2024,1,Family,128,4.0
19661,1431,2020,5,Family,133,3.0
19662,1198,2021,10,Couples,13,5.0
19663,1122,2021,10,Couples,22,4.0
19664,1067,2020,7,Business,24,3.0
19665,362,2021,4,Business,122,3.0
19666,829,2024,6,Family,136,3.0
19667,1695,2019,3,Solo,56,3.0
19668,79,2022,12,Solo,24,3.0
19669,1656,2021,11,Business,100,3.0
19670,1132,2019,9,Family,134,3.0
19671,700,2020,5,Couples,137,5.0
19672,229,2020,2,Family,67,3.0
19673,1528,2021,1,Business,118,3.0
19674,2,2021,5,Family,144,3.0
19675,1087,2022,10,Family,124,4.0
19676,325,2021,5,Family,72,3.0
19677,1819,2023,10,Couples,40,3.0
19678,365,2021,3,Family,56,3.0
19679,1606,2024,10,Couples,55,4.0
19680,1149,2024,1,Family,149,3.0
19681,82,2023,5,Friends,110,5.0
19682,1441,2019,2,Business,129,3.0
19683,1759,2024,8,COUPLES,117,4.0
19684,443,2023,3,Family,72,3.0
19685,1938,2022,1,FAMILY,119,4.0
19686,1597,2021,4,Family,96,4.0
19687,1485,2023,1,FRIENDS,112,3.0
19688,673,2022,5,Family,46,3.0
19689,240,2023,4,Family,35,4.0
19690,859,2022,12,Couples,28,4.0
19691,1615,2023,7,Couples,44,4.0
19692,1174,2024,6,Friends,147,3.0
19693,1295,2023,8,Family,142,
19694,1563,2020,2,Couples,22,4.0
19695,678,2024,2,Family,84,3.0
19696,75,2023,2,Family,142,3.0
19697,1769,2021,11,Family,114,5.0
19698,1227,2019,9,Business,92,3.0
19699,1132,2024,12,Solo,90,4.0
19700,1147,2022,10,Friends,49,3.0
19701,1706,2021,2,Friends,139,3.0
19702,1539,2022,2,Couples,13,
19703,1341,2019,10,Family,131,3.0
19704,1565,2023,7,Solo,131,3.0
19705,578,2020,8,Solo,40,3.0
19706,1424,2020,3,Business,77,3.0
19707,1951,2022,7,Business,133,3.0
19708,470,2022,11,Family,72,4.0
19709,1143,2019,6,Couples,46,4.0
19710,1363,2022,9,Couples,11,4.0
19711,1034,2019,9,Family,67,4.0
19712,1938,2024,12,Business,42,3.0
19713,808,2021,3,Family,128,4.0
19714,436,2021,11,Couples,130,4.0
19715,273,2022,8,Business,49,3.0
19716,1699,2019,10,Friends,32,4.0
19717,1373,2019,4,Family,44,4.0
19718,1156,2024,2,Solo,61,3.0
19719,862,2022,2,Business,101,3.0
19720,820,2020,5,Family,23,4.0
19721,1870,2022,7,Family,150,4.0
19722,1361,2024,4,Solo,106,4.0
19723,1931,2023,4,Couples,20,4.0
19724,1604,2021,10,Family,48,4.0
19725,1536,2022,9,Couples,106,5.0
19726,1108,2024,8,FRIENDS,76,3.0
19727,485,2020,8,Couples,80,3.0
19728,1308,2023,11,Family,7,4.0
19729,1432,2024,3,FAMILY,62,4.0
19730,1044,2021,12,Couples,93,4.0
19731,41,2024,11,Business,113,3.0
19732,1921,2019,5,Family,68,5.0
19733,1653,2021,5,Couples,84,4.0
19734,705,2020,3,Couples,34,3.0
19735,988,2019,9,Business,120,4.0
19736,247,2022,4,Friends,105,4.0
19737,1874,2022,4,Friends,112,3.0
19738,462,2021,9,FRIENDS,101,3.0
19739,756,2024,3,Family,148,
19740,858,2020,2,FAMILY,132,3.0
19741,527,2023,11,Family,122,5.0
19742,1270,2022,1,SOLO,51,3.0
19743,1991,2024,12,Couples,11,5.0
19744,1711,2019,9,Friends,1,
19745,1062,2024,5,Family,117,4.0
19746,262,2019,7,Family,135,3.0
19747,1727,2023,4,Business,98,3.0
19748,514,2023,5,Friends,109,3.0
19749,1823,2019,9,Family,14,3.0
19750,791,2019,11,Couples,85,3.0
19751,1037,2019,3,Family,91,3.0
19752,874,2019,7,Friends,24,4.0
19753,912,2019,11,Family,113,5.0
19754,330,2024,1,Business,51,3.0
19755,1106,2020,1,Couples,30,4.0
19756,806,2023,8,Family,105,5.0
19757,1696,2019,2,Friends,66,2.0
19758,955,2022,12,Family,81,4.0
19759,1930,2021,2,Family,82,3.0
19760,594,2022,9,Couples,94,4.0
19761,657,2023,4,Business,62,3.0
19762,74,2020,12,Family,123,3.0
19763,1478,2019,11,Family,132,4.0
19764,147,2020,10,Family,73,4.0
19765,571,2023,8,Couples,26,3.0
19766,1822,2022,3,BUSINESS,42,3.0
19767,1222,2024,2,Couples,116,4.0
19768,1118,2024,4,Friends,39,4.0
19769,1610,2019,1,Couples,117,3.0
19770,1543,2019,10,Family,100,3.0
19771,1773,2019,4,Couples,68,4.0
19772,1331,2020,6,Couples,19,4.0
19773,898,2021,8,Couples,81,4.0
19774,262,2019,9,Family,104,5.0
19775,740,2024,8,Couples,24,4.0
19776,1411,2021,9,Couples,124,3.0
19777,507,2023,2,Family,30,3.0
19778,1342,2024,4,Friends,62,5.0
19779,267,2019,10,Friends,80,4.0
19780,121,2021,9,Family,111,5.0
19781,730,2023,8,Couples,34,3.0
19782,460,2024,12,Family,51,3.0
19783,1744,2023,12,Family,121,5.0
19784,757,2020,2,Friends,50,4.0
19785,838,2020,7,Friends,93,4.0
19786,808,2023,11,Couples,60,3.0
19787,635,2022,4,Couples,9,3.0
19788,1836,2020,1,Business,78,2.0
19789,1479,2021,2,Family,54,2.0
19790,318,2024,9,Family,40,3.0
19791,432,2020,12,Solo,129,2.0
19792,163,2020,9,Family,117,4.0
19793,513,2024,1,Family,42,4.0
19794,1314,2023,5,Couples,79,3.0
19795,1872,2020,5,Business,108,4.0
19796,964,2020,11,Family,8,4.0
19797,164,2024,7,Couples,15,5.0
19798,95,2020,3,Family,81,5.0
19799,830,2023,7,Friends,140,4.0
19800,530,2021,9,Friends,140,4.0
19801,1154,2020,7,BUSINESS,68,3.0
19802,237,2021,6,Family,106,5.0
19803,461,2023,9,Friends,74,2.0
19804,1112,2023,4,Business,136,3.0
19805,563,2019,2,Business,86,2.0
19806,730,2024,11,Family,134,3.0
19807,444,2020,9,Family,55,3.0
19808,104,2022,9,Family,140,4.0
19809,691,2020,11,Friends,109,4.0
19810,660,2020,9,Friends,116,4.0
19811,1798,2024,1,Solo,3,3.0
19812,1786,2023,11,Solo,121,4.0
19813,864,2024,1,Business,25,5.0
19814,576,2019,9,Business,141,4.0
19815,836,2020,12,Friends,29,3.0
19816,1216,2019,5,Solo,124,2.0
19817,774,2021,4,Family,96,3.0
19818,1513,2021,12,Business,59,4.0
19819,1929,2024,6,Business,134,3.0
19820,807,2020,12,Solo,59,2.0
19821,235,2022,4,Business,10,3.0
19822,242,2024,3,Solo,12,3.0
19823,1744,2019,7,Couples,128,4.0
19824,833,2021,5,Solo,58,3.0
19825,655,2021,9,Couples,123,4.0
19826,1239,2019,4,SOLO,4,3.0
19827,1914,2021,10,Family,12,4.0
19828,850,2020,5,Friends,149,4.0
19829,631,2020,5,Couples,22,5.0
19830,1726,2020,9,Business,104,3.0
19831,166,2022,4,Couples,53,5.0
19832,1689,2021,4,Friends,76,3.0
19833,1041,2023,7,Business,18,3.0
19834,41,2021,4,Family,41,4.0
19835,456,2023,5,Business,114,3.0
19836,1359,2022,5,Family,81,4.0
19837,1506,2021,8,Couples,76,3.0
19838,392,2023,5,Solo,142,3.0
19839,1315,2023,8,Couples,62,3.0
19840,1979,2022,3,SOLO,121,3.0
19841,1373,2022,11,Family,109,3.0
19842,1405,2023,12,Couples,70,4.0
19843,387,2023,1,Friends,44,5.0
19844,1275,2023,2,Couples,54,3.0
19845,1418,2019,2,Family,131,4.0
19846,222,2020,3,Family,46,4.0
19847,623,2021,10,Friends,99,5.0
19848,1766,2022,3,Couples,19,5.0
19849,1998,2021,8,Business,52,3.0
19850,347,2023,4,Solo,141,2.0
19851,1464,2021,1,Couples,81,3.0
19852,1004,2022,2,Family,124,4.0
19853,1181,2023,12,Friends,39,4.0
19854,1022,2021,7,Business,115,2.0
19855,1735,2022,8,Couples,148,5.0
19856,891,2023,3,Business,139,3.0
19857,1179,2021,6,Solo,66,3.0
19858,1339,2024,8,Solo,103,3.0
19859,1106,2022,10,Solo,135,4.0
19860,1760,2023,8,Couples,123,3.0
19861,475,2023,8,Family,147,4.0
19862,1897,2023,8,SOLO,5,4.0
19863,1357,2023,5,Friends,81,5.0
19864,1921,2022,9,Business,119,4.0
19865,750,2023,4,Couples,110,4.0
19866,958,2021,9,Family,24,4.0
19867,87,2024,6,Friends,86,4.0
19868,1848,2022,7,Couples,25,4.0
19869,1633,2023,6,Couples,14,4.0
19870,593,2020,7,Friends,17,4.0
19871,104,2020,9,Couples,143,5.0
19872,1394,2022,4,Business,41,4.0
19873,1345,2024,6,Family,69,4.0
19874,1056,2023,5,Friends,39,4.0
19875,314,2020,1,Family,135,4.0
19876,1837,2024,11,Solo,134,4.0
19877,866,2022,9,Friends,99,4.0
19878,1450,2022,1,Couples,125,
19879,1719,2024,1,Couples,16,4.0
19880,1097,2023,12,Couples,150,4.0
19881,189,2020,11,Family,63,4.0
19882,1776,2019,9,Family,61,3.0
19883,1335,2020,9,Friends,30,5.0
19884,1789,2020,11,Family,132,4.0
19885,1226,2020,8,Business,26,4.0
19886,1815,2022,1,Couples,129,3.0
19887,1736,2024,6,Family,108,4.0
19888,432,2022,4,Couples,116,3.0
19889,346,2021,3,Business,5,3.0
19890,321,2020,11,Friends,111,3.0
19891,1600,2023,8,Family,145,3.0
19892,481,2022,11,Family,60,4.0
19893,901,2019,2,Business,68,3.0
19894,1576,2021,12,Solo,17,3.0
19895,858,2020,8,Friends,74,5.0
19896,124,2021,7,Couples,102,5.0
19897,724,2019,3,Couples,45,5.0
19898,190,2020,8,Friends,112,4.0
19899,772,2023,8,Family,13,4.0
19900,1474,2020,9,Friends,102,4.0
19901,1040,2019,2,Family,89,4.0
19902,1350,2020,8,Friends,35,4.0
19903,214,2024,2,FRIENDS,52,3.0
19904,1501,2024,1,Couples,36,4.0
19905,851,2022,6,Friends,94,3.0
19906,574,2023,2,Couples,96,4.0
19907,1304,2024,9,Family,84,4.0
19908,270,2020,6,Couples,30,4.0
19909,997,2021,3,Family,33,4.0
19910,845,2019,4,Friends,122,4.0
19911,332,2022,6,Couples,70,4.0
19912,1905,2024,8,Couples,66,3.0
19913,727,2019,10,Family,47,3.0
19914,82,2023,7,Couples,140,4.0
19915,886,2021,7,Business,36,2.0
19916,1934,2024,8,Friends,116,3.0
19917,1338,2022,8,Family,116,3.0
19918,1274,2021,5,Solo,37,3.0
19919,1802,2019,3,Friends,2,4.0
19920,168,2022,7,FAMILY,38,4.0
19921,1101,2024,2,Couples,41,3.0
19922,642,2019,3,Couples,112,4.0
19923,1353,2019,2,Family,80,4.0
19924,1706,2024,6,Family,65,4.0
19925,155,2020,12,Family,72,4.0
19926,317,2022,11,Family,143,4.0
19927,1909,2022,2,Couples,142,3.0
19928,984,2021,10,Family,4,4.0
19929,631,2021,2,Business,127,5.0
19930,305,2023,11,Family,55,4.0
19931,709,2020,3,Family,113,4.0
19932,10,2020,2,FAMILY,148,3.0
19933,446,2024,10,Friends,78,
19934,367,2019,10,Family,94,4.0
19935,170,2020,5,Friends,65,4.0
19936,1939,2023,7,Business,12,3.0
19937,1581,2022,10,Friends,6,4.0
19938,1881,2020,11,Couples,55,3.0
19939,481,2019,6,Family,124,3.0
19940,577,2021,10,Business,52,3.0
19941,566,2019,10,Couples,65,4.0
19942,1118,2022,10,Solo,80,3.0
19943,364,2021,11,Business,49,4.0
19944,471,2024,11,Family,74,3.0
19945,1950,2023,6,Business,91,4.0
19946,705,2021,4,Business,128,4.0
19947,1563,2022,12,Solo,114,3.0
19948,458,2023,6,Family,123,3.0
19949,1860,2020,12,Family,79,5.0
19950,1388,2022,12,Couples,105,3.0
19951,1724,2019,1,Couples,23,4.0
19952,1033,2024,2,Family,23,3.0
19953,1813,2024,7,Couples,139,4.0
19954,726,2024,2,COUPLES,91,4.0
19955,959,2020,8,Family,17,5.0
19956,124,2023,1,Couples,62,4.0
19957,342,2022,11,Solo,146,5.0
19958,1543,2024,6,Family,4,4.0
19959,654,2019,9,Business,67,3.0
19960,205,2021,6,Family,126,4.0
19961,585,2019,9,Family,142,4.0
19962,706,2024,9,Couples,56,4.0
19963,1435,2020,4,Friends,138,3.0
19964,182,2019,10,Family,108,3.0
19965,52,2019,10,Couples,61,2.0
19966,1449,2024,4,Family,117,5.0
19967,285,2022,1,Friends,121,4.0
19968,840,2019,6,Couples,42,4.0
19969,1366,2021,8,Friends,14,3.0
19970,1029,2021,10,Business,118,2.0
19971,247,2023,3,Couples,13,3.0
19972,1445,2020,6,SOLO,117,3.0
19973,97,2019,10,Couples,54,4.0
19974,465,2023,7,Business,106,5.0
19975,219,2021,10,Business,92,4.0
19976,1026,2019,9,Friends,6,
19977,1382,2021,3,Couples,2,5.0
19978,1300,2021,3,Friends,95,4.0
19979,279,2020,10,Family,78,3.0
19980,687,2020,9,Friends,7,4.0
19981,293,2019,11,Solo,147,2.0
19982,686,2024,4,Friends,36,4.0
19983,461,2019,1,Couples,129,3.0
19984,1481,2022,3,Solo,18,4.0
19985,1502,2019,6,COUPLES,35,5.0
19986,1637,2023,2,Friends,80,3.0
19987,401,2021,3,Family,80,4.0
19988,27,2024,2,Couples,91,5.0
19989,71,2019,2,Family,26,4.0
19990,1687,2020,5,Family,40,3.0
19991,1812,2021,10,Solo,40,3.0
19992,424,2019,5,Family,67,4.0
19993,1753,2021,4,Friends,139,4.0
19994,1060,2021,7,Family,70,5.0
19995,370,2021,8,Family,150,3.0
19996,626,2022,5,Couples,38,3.0
19997,531,2020,1,Couples,37,2.0
19998,1528,2020,4,Friends,16,5.0
19999,378,2021,1,Family,32,4.0
20000,367,2022,2,Family,47,5.0
